ISO-10303-21;
HEADER;
/* Generated by software containing ST-Developer
 * from STEP Tools, Inc. (www.steptools.com) 
 */

FILE_DESCRIPTION(
/* description */ (''),
/* implementation_level */ '2;1');

FILE_NAME(
/* name */ 'Case (CNC).step',
/* time_stamp */ '2026-08-28T15:22:59+02:00',
/* author */ (''),
/* organization */ (''),
/* preprocessor_version */ 'ST-DEVELOPER v20.1',
/* originating_system */ 'Autodesk Translation Framework v15.8.0.0',
/* authorisation */ '');

FILE_SCHEMA (('AUTOMOTIVE_DESIGN { 1 0 10303 214 3 1 1 }'));
ENDSEC;

DATA;
#10=MECHANICAL_DESIGN_GEOMETRIC_PRESENTATION_REPRESENTATION('',(#13),#4247);
#11=SHAPE_REPRESENTATION_RELATIONSHIP('SRR','None',#4253,#12);
#12=ADVANCED_BREP_SHAPE_REPRESENTATION('',(#14),#4246);
#13=STYLED_ITEM('',(#4263),#14);
#14=MANIFOLD_SOLID_BREP('Case',#2535);
#15=FACE_BOUND('',#331,.T.);
#16=FACE_BOUND('',#332,.T.);
#17=FACE_BOUND('',#333,.T.);
#18=FACE_BOUND('',#334,.T.);
#19=FACE_BOUND('',#335,.T.);
#20=FACE_BOUND('',#336,.T.);
#21=FACE_BOUND('',#337,.T.);
#22=FACE_BOUND('',#338,.T.);
#23=FACE_BOUND('',#339,.T.);
#24=FACE_BOUND('',#340,.T.);
#25=FACE_BOUND('',#341,.T.);
#26=FACE_BOUND('',#342,.T.);
#27=FACE_BOUND('',#372,.T.);
#28=FACE_BOUND('',#373,.T.);
#29=FACE_BOUND('',#387,.T.);
#30=PLANE('',#2581);
#31=PLANE('',#2582);
#32=PLANE('',#2583);
#33=PLANE('',#2587);
#34=PLANE('',#2591);
#35=PLANE('',#2592);
#36=PLANE('',#2595);
#37=PLANE('',#2598);
#38=PLANE('',#2599);
#39=PLANE('',#2600);
#40=PLANE('',#2605);
#41=PLANE('',#2606);
#42=PLANE('',#2607);
#43=PLANE('',#2608);
#44=PLANE('',#2609);
#45=PLANE('',#2610);
#46=PLANE('',#2614);
#47=PLANE('',#2618);
#48=PLANE('',#2628);
#49=PLANE('',#2629);
#50=PLANE('',#2630);
#51=PLANE('',#2631);
#52=PLANE('',#2632);
#53=PLANE('',#2633);
#54=PLANE('',#2635);
#55=PLANE('',#2637);
#56=PLANE('',#2638);
#57=PLANE('',#2640);
#58=PLANE('',#2642);
#59=PLANE('',#2643);
#60=PLANE('',#2644);
#61=PLANE('',#2645);
#62=PLANE('',#2646);
#63=PLANE('',#2649);
#64=PLANE('',#2652);
#65=PLANE('',#2653);
#66=PLANE('',#2654);
#67=PLANE('',#2657);
#68=PLANE('',#2658);
#69=PLANE('',#2659);
#70=PLANE('',#2673);
#71=PLANE('',#2677);
#72=PLANE('',#2681);
#73=PLANE('',#2685);
#74=PLANE('',#2691);
#75=PLANE('',#2694);
#76=PLANE('',#2695);
#77=PLANE('',#2703);
#78=PLANE('',#2706);
#79=PLANE('',#2709);
#80=PLANE('',#2711);
#81=PLANE('',#2714);
#82=PLANE('',#2716);
#83=PLANE('',#2717);
#84=PLANE('',#2720);
#85=PLANE('',#2725);
#86=PLANE('',#2728);
#87=PLANE('',#2731);
#88=PLANE('',#2734);
#89=PLANE('',#2737);
#90=PLANE('',#2740);
#91=PLANE('',#2743);
#92=PLANE('',#2746);
#93=PLANE('',#2747);
#94=PLANE('',#2749);
#95=PLANE('',#2751);
#96=PLANE('',#2753);
#97=PLANE('',#2756);
#98=PLANE('',#2759);
#99=PLANE('',#2762);
#100=PLANE('',#2765);
#101=PLANE('',#2767);
#102=PLANE('',#2769);
#103=PLANE('',#2772);
#104=PLANE('',#2774);
#105=CYLINDRICAL_SURFACE('',#2539,0.8115);
#106=CYLINDRICAL_SURFACE('',#2543,0.8115);
#107=CYLINDRICAL_SURFACE('',#2547,0.8115);
#108=CYLINDRICAL_SURFACE('',#2551,0.8115);
#109=CYLINDRICAL_SURFACE('',#2555,0.8115);
#110=CYLINDRICAL_SURFACE('',#2559,0.8115);
#111=CYLINDRICAL_SURFACE('',#2563,0.8115);
#112=CYLINDRICAL_SURFACE('',#2567,0.8115);
#113=CYLINDRICAL_SURFACE('',#2571,0.8115);
#114=CYLINDRICAL_SURFACE('',#2575,0.8115);
#115=CYLINDRICAL_SURFACE('',#2579,0.8115);
#116=CYLINDRICAL_SURFACE('',#2593,1.);
#117=CYLINDRICAL_SURFACE('',#2596,1.);
#118=CYLINDRICAL_SURFACE('',#2611,2.);
#119=CYLINDRICAL_SURFACE('',#2615,2.);
#120=CYLINDRICAL_SURFACE('',#2634,2.00000000000003);
#121=CYLINDRICAL_SURFACE('',#2636,2.00000000000003);
#122=CYLINDRICAL_SURFACE('',#2639,2.00000000000003);
#123=CYLINDRICAL_SURFACE('',#2641,2.00000000000003);
#124=CYLINDRICAL_SURFACE('',#2647,5.49999999999997);
#125=CYLINDRICAL_SURFACE('',#2650,5.50000000000002);
#126=CYLINDRICAL_SURFACE('',#2655,5.50000000000001);
#127=CYLINDRICAL_SURFACE('',#2689,5.);
#128=CYLINDRICAL_SURFACE('',#2692,5.);
#129=CYLINDRICAL_SURFACE('',#2713,5.);
#130=CYLINDRICAL_SURFACE('',#2715,5.);
#131=CYLINDRICAL_SURFACE('',#2738,8.4);
#132=CYLINDRICAL_SURFACE('',#2741,5.);
#133=CYLINDRICAL_SURFACE('',#2744,5.);
#134=CYLINDRICAL_SURFACE('',#2766,5.);
#135=CYLINDRICAL_SURFACE('',#2768,5.);
#136=CYLINDRICAL_SURFACE('',#2770,8.40000000000003);
#137=CYLINDRICAL_SURFACE('',#2771,5.50000000000001);
#138=CYLINDRICAL_SURFACE('',#2773,5.50000000000002);
#139=CYLINDRICAL_SURFACE('',#2775,8.39999999999996);
#140=FACE_OUTER_BOUND('',#285,.T.);
#141=FACE_OUTER_BOUND('',#286,.T.);
#142=FACE_OUTER_BOUND('',#287,.T.);
#143=FACE_OUTER_BOUND('',#288,.T.);
#144=FACE_OUTER_BOUND('',#289,.T.);
#145=FACE_OUTER_BOUND('',#290,.T.);
#146=FACE_OUTER_BOUND('',#291,.T.);
#147=FACE_OUTER_BOUND('',#292,.T.);
#148=FACE_OUTER_BOUND('',#293,.T.);
#149=FACE_OUTER_BOUND('',#294,.T.);
#150=FACE_OUTER_BOUND('',#295,.T.);
#151=FACE_OUTER_BOUND('',#296,.T.);
#152=FACE_OUTER_BOUND('',#297,.T.);
#153=FACE_OUTER_BOUND('',#298,.T.);
#154=FACE_OUTER_BOUND('',#299,.T.);
#155=FACE_OUTER_BOUND('',#300,.T.);
#156=FACE_OUTER_BOUND('',#301,.T.);
#157=FACE_OUTER_BOUND('',#302,.T.);
#158=FACE_OUTER_BOUND('',#303,.T.);
#159=FACE_OUTER_BOUND('',#304,.T.);
#160=FACE_OUTER_BOUND('',#305,.T.);
#161=FACE_OUTER_BOUND('',#306,.T.);
#162=FACE_OUTER_BOUND('',#307,.T.);
#163=FACE_OUTER_BOUND('',#308,.T.);
#164=FACE_OUTER_BOUND('',#309,.T.);
#165=FACE_OUTER_BOUND('',#310,.T.);
#166=FACE_OUTER_BOUND('',#311,.T.);
#167=FACE_OUTER_BOUND('',#312,.T.);
#168=FACE_OUTER_BOUND('',#313,.T.);
#169=FACE_OUTER_BOUND('',#314,.T.);
#170=FACE_OUTER_BOUND('',#315,.T.);
#171=FACE_OUTER_BOUND('',#316,.T.);
#172=FACE_OUTER_BOUND('',#317,.T.);
#173=FACE_OUTER_BOUND('',#318,.T.);
#174=FACE_OUTER_BOUND('',#319,.T.);
#175=FACE_OUTER_BOUND('',#320,.T.);
#176=FACE_OUTER_BOUND('',#321,.T.);
#177=FACE_OUTER_BOUND('',#322,.T.);
#178=FACE_OUTER_BOUND('',#323,.T.);
#179=FACE_OUTER_BOUND('',#324,.T.);
#180=FACE_OUTER_BOUND('',#325,.T.);
#181=FACE_OUTER_BOUND('',#326,.T.);
#182=FACE_OUTER_BOUND('',#327,.T.);
#183=FACE_OUTER_BOUND('',#328,.T.);
#184=FACE_OUTER_BOUND('',#329,.T.);
#185=FACE_OUTER_BOUND('',#330,.T.);
#186=FACE_OUTER_BOUND('',#343,.T.);
#187=FACE_OUTER_BOUND('',#344,.T.);
#188=FACE_OUTER_BOUND('',#345,.T.);
#189=FACE_OUTER_BOUND('',#346,.T.);
#190=FACE_OUTER_BOUND('',#347,.T.);
#191=FACE_OUTER_BOUND('',#348,.T.);
#192=FACE_OUTER_BOUND('',#349,.T.);
#193=FACE_OUTER_BOUND('',#350,.T.);
#194=FACE_OUTER_BOUND('',#351,.T.);
#195=FACE_OUTER_BOUND('',#352,.T.);
#196=FACE_OUTER_BOUND('',#353,.T.);
#197=FACE_OUTER_BOUND('',#354,.T.);
#198=FACE_OUTER_BOUND('',#355,.T.);
#199=FACE_OUTER_BOUND('',#356,.T.);
#200=FACE_OUTER_BOUND('',#357,.T.);
#201=FACE_OUTER_BOUND('',#358,.T.);
#202=FACE_OUTER_BOUND('',#359,.T.);
#203=FACE_OUTER_BOUND('',#360,.T.);
#204=FACE_OUTER_BOUND('',#361,.T.);
#205=FACE_OUTER_BOUND('',#362,.T.);
#206=FACE_OUTER_BOUND('',#363,.T.);
#207=FACE_OUTER_BOUND('',#364,.T.);
#208=FACE_OUTER_BOUND('',#365,.T.);
#209=FACE_OUTER_BOUND('',#366,.T.);
#210=FACE_OUTER_BOUND('',#367,.T.);
#211=FACE_OUTER_BOUND('',#368,.T.);
#212=FACE_OUTER_BOUND('',#369,.T.);
#213=FACE_OUTER_BOUND('',#370,.T.);
#214=FACE_OUTER_BOUND('',#371,.T.);
#215=FACE_OUTER_BOUND('',#374,.T.);
#216=FACE_OUTER_BOUND('',#375,.T.);
#217=FACE_OUTER_BOUND('',#376,.T.);
#218=FACE_OUTER_BOUND('',#377,.T.);
#219=FACE_OUTER_BOUND('',#378,.T.);
#220=FACE_OUTER_BOUND('',#379,.T.);
#221=FACE_OUTER_BOUND('',#380,.T.);
#222=FACE_OUTER_BOUND('',#381,.T.);
#223=FACE_OUTER_BOUND('',#382,.T.);
#224=FACE_OUTER_BOUND('',#383,.T.);
#225=FACE_OUTER_BOUND('',#384,.T.);
#226=FACE_OUTER_BOUND('',#385,.T.);
#227=FACE_OUTER_BOUND('',#386,.T.);
#228=FACE_OUTER_BOUND('',#388,.T.);
#229=FACE_OUTER_BOUND('',#389,.T.);
#230=FACE_OUTER_BOUND('',#390,.T.);
#231=FACE_OUTER_BOUND('',#391,.T.);
#232=FACE_OUTER_BOUND('',#392,.T.);
#233=FACE_OUTER_BOUND('',#393,.T.);
#234=FACE_OUTER_BOUND('',#394,.T.);
#235=FACE_OUTER_BOUND('',#395,.T.);
#236=FACE_OUTER_BOUND('',#396,.T.);
#237=FACE_OUTER_BOUND('',#397,.T.);
#238=FACE_OUTER_BOUND('',#398,.T.);
#239=FACE_OUTER_BOUND('',#399,.T.);
#240=FACE_OUTER_BOUND('',#400,.T.);
#241=FACE_OUTER_BOUND('',#401,.T.);
#242=FACE_OUTER_BOUND('',#402,.T.);
#243=FACE_OUTER_BOUND('',#403,.T.);
#244=FACE_OUTER_BOUND('',#404,.T.);
#245=FACE_OUTER_BOUND('',#405,.T.);
#246=FACE_OUTER_BOUND('',#406,.T.);
#247=FACE_OUTER_BOUND('',#407,.T.);
#248=FACE_OUTER_BOUND('',#408,.T.);
#249=FACE_OUTER_BOUND('',#409,.T.);
#250=FACE_OUTER_BOUND('',#410,.T.);
#251=FACE_OUTER_BOUND('',#411,.T.);
#252=FACE_OUTER_BOUND('',#412,.T.);
#253=FACE_OUTER_BOUND('',#413,.T.);
#254=FACE_OUTER_BOUND('',#414,.T.);
#255=FACE_OUTER_BOUND('',#415,.T.);
#256=FACE_OUTER_BOUND('',#416,.T.);
#257=FACE_OUTER_BOUND('',#417,.T.);
#258=FACE_OUTER_BOUND('',#418,.T.);
#259=FACE_OUTER_BOUND('',#419,.T.);
#260=FACE_OUTER_BOUND('',#420,.T.);
#261=FACE_OUTER_BOUND('',#421,.T.);
#262=FACE_OUTER_BOUND('',#422,.T.);
#263=FACE_OUTER_BOUND('',#423,.T.);
#264=FACE_OUTER_BOUND('',#424,.T.);
#265=FACE_OUTER_BOUND('',#425,.T.);
#266=FACE_OUTER_BOUND('',#426,.T.);
#267=FACE_OUTER_BOUND('',#427,.T.);
#268=FACE_OUTER_BOUND('',#428,.T.);
#269=FACE_OUTER_BOUND('',#429,.T.);
#270=FACE_OUTER_BOUND('',#430,.T.);
#271=FACE_OUTER_BOUND('',#431,.T.);
#272=FACE_OUTER_BOUND('',#432,.T.);
#273=FACE_OUTER_BOUND('',#433,.T.);
#274=FACE_OUTER_BOUND('',#434,.T.);
#275=FACE_OUTER_BOUND('',#435,.T.);
#276=FACE_OUTER_BOUND('',#436,.T.);
#277=FACE_OUTER_BOUND('',#437,.T.);
#278=FACE_OUTER_BOUND('',#438,.T.);
#279=FACE_OUTER_BOUND('',#439,.T.);
#280=FACE_OUTER_BOUND('',#440,.T.);
#281=FACE_OUTER_BOUND('',#441,.T.);
#282=FACE_OUTER_BOUND('',#442,.T.);
#283=FACE_OUTER_BOUND('',#443,.T.);
#284=FACE_OUTER_BOUND('',#444,.T.);
#285=EDGE_LOOP('',(#1643,#1644,#1645));
#286=EDGE_LOOP('',(#1646,#1647,#1648,#1649));
#287=EDGE_LOOP('',(#1650,#1651,#1652));
#288=EDGE_LOOP('',(#1653,#1654,#1655,#1656));
#289=EDGE_LOOP('',(#1657,#1658,#1659));
#290=EDGE_LOOP('',(#1660,#1661,#1662,#1663));
#291=EDGE_LOOP('',(#1664,#1665,#1666));
#292=EDGE_LOOP('',(#1667,#1668,#1669,#1670));
#293=EDGE_LOOP('',(#1671,#1672,#1673));
#294=EDGE_LOOP('',(#1674,#1675,#1676,#1677));
#295=EDGE_LOOP('',(#1678,#1679,#1680));
#296=EDGE_LOOP('',(#1681,#1682,#1683,#1684));
#297=EDGE_LOOP('',(#1685,#1686,#1687));
#298=EDGE_LOOP('',(#1688,#1689,#1690,#1691));
#299=EDGE_LOOP('',(#1692,#1693,#1694));
#300=EDGE_LOOP('',(#1695,#1696,#1697,#1698));
#301=EDGE_LOOP('',(#1699,#1700,#1701));
#302=EDGE_LOOP('',(#1702,#1703,#1704,#1705));
#303=EDGE_LOOP('',(#1706,#1707,#1708));
#304=EDGE_LOOP('',(#1709,#1710,#1711,#1712));
#305=EDGE_LOOP('',(#1713,#1714,#1715));
#306=EDGE_LOOP('',(#1716,#1717,#1718,#1719));
#307=EDGE_LOOP('',(#1720,#1721,#1722,#1723));
#308=EDGE_LOOP('',(#1724,#1725,#1726,#1727));
#309=EDGE_LOOP('',(#1728,#1729,#1730,#1731));
#310=EDGE_LOOP('',(#1732,#1733,#1734,#1735));
#311=EDGE_LOOP('',(#1736,#1737,#1738,#1739));
#312=EDGE_LOOP('',(#1740,#1741,#1742,#1743));
#313=EDGE_LOOP('',(#1744,#1745,#1746,#1747));
#314=EDGE_LOOP('',(#1748,#1749,#1750,#1751,#1752,#1753,#1754));
#315=EDGE_LOOP('',(#1755,#1756,#1757,#1758));
#316=EDGE_LOOP('',(#1759,#1760,#1761,#1762));
#317=EDGE_LOOP('',(#1763,#1764,#1765,#1766));
#318=EDGE_LOOP('',(#1767,#1768,#1769,#1770,#1771,#1772,#1773));
#319=EDGE_LOOP('',(#1774,#1775,#1776,#1777));
#320=EDGE_LOOP('',(#1778,#1779,#1780,#1781,#1782,#1783,#1784,#1785,#1786,
#1787,#1788,#1789,#1790,#1791,#1792,#1793,#1794,#1795,#1796,#1797,#1798,
#1799,#1800,#1801));
#321=EDGE_LOOP('',(#1802,#1803,#1804,#1805));
#322=EDGE_LOOP('',(#1806,#1807,#1808,#1809,#1810,#1811,#1812,#1813,#1814,
#1815,#1816,#1817,#1818));
#323=EDGE_LOOP('',(#1819,#1820,#1821,#1822));
#324=EDGE_LOOP('',(#1823,#1824,#1825,#1826));
#325=EDGE_LOOP('',(#1827,#1828,#1829,#1830));
#326=EDGE_LOOP('',(#1831,#1832,#1833,#1834));
#327=EDGE_LOOP('',(#1835,#1836,#1837,#1838));
#328=EDGE_LOOP('',(#1839,#1840,#1841,#1842));
#329=EDGE_LOOP('',(#1843,#1844,#1845,#1846));
#330=EDGE_LOOP('',(#1847,#1848,#1849,#1850,#1851,#1852,#1853,#1854,#1855,
#1856,#1857,#1858,#1859,#1860,#1861,#1862,#1863,#1864,#1865,#1866,#1867,
#1868,#1869,#1870,#1871,#1872,#1873,#1874,#1875,#1876,#1877,#1878,#1879,
#1880,#1881));
#331=EDGE_LOOP('',(#1882,#1883,#1884,#1885));
#332=EDGE_LOOP('',(#1886));
#333=EDGE_LOOP('',(#1887));
#334=EDGE_LOOP('',(#1888));
#335=EDGE_LOOP('',(#1889));
#336=EDGE_LOOP('',(#1890));
#337=EDGE_LOOP('',(#1891));
#338=EDGE_LOOP('',(#1892));
#339=EDGE_LOOP('',(#1893));
#340=EDGE_LOOP('',(#1894));
#341=EDGE_LOOP('',(#1895));
#342=EDGE_LOOP('',(#1896));
#343=EDGE_LOOP('',(#1897,#1898,#1899,#1900));
#344=EDGE_LOOP('',(#1901,#1902,#1903,#1904));
#345=EDGE_LOOP('',(#1905,#1906,#1907,#1908));
#346=EDGE_LOOP('',(#1909,#1910,#1911,#1912));
#347=EDGE_LOOP('',(#1913,#1914,#1915,#1916));
#348=EDGE_LOOP('',(#1917,#1918,#1919,#1920));
#349=EDGE_LOOP('',(#1921,#1922,#1923,#1924));
#350=EDGE_LOOP('',(#1925,#1926,#1927,#1928));
#351=EDGE_LOOP('',(#1929,#1930,#1931,#1932));
#352=EDGE_LOOP('',(#1933,#1934,#1935,#1936));
#353=EDGE_LOOP('',(#1937,#1938,#1939,#1940));
#354=EDGE_LOOP('',(#1941,#1942,#1943,#1944));
#355=EDGE_LOOP('',(#1945,#1946,#1947,#1948));
#356=EDGE_LOOP('',(#1949,#1950,#1951,#1952));
#357=EDGE_LOOP('',(#1953,#1954,#1955,#1956));
#358=EDGE_LOOP('',(#1957,#1958,#1959,#1960));
#359=EDGE_LOOP('',(#1961,#1962,#1963,#1964));
#360=EDGE_LOOP('',(#1965,#1966,#1967,#1968));
#361=EDGE_LOOP('',(#1969,#1970,#1971,#1972));
#362=EDGE_LOOP('',(#1973,#1974,#1975,#1976));
#363=EDGE_LOOP('',(#1977,#1978,#1979,#1980));
#364=EDGE_LOOP('',(#1981,#1982,#1983,#1984));
#365=EDGE_LOOP('',(#1985,#1986,#1987,#1988));
#366=EDGE_LOOP('',(#1989,#1990,#1991,#1992));
#367=EDGE_LOOP('',(#1993,#1994,#1995,#1996));
#368=EDGE_LOOP('',(#1997,#1998,#1999,#2000));
#369=EDGE_LOOP('',(#2001,#2002,#2003,#2004));
#370=EDGE_LOOP('',(#2005,#2006,#2007,#2008));
#371=EDGE_LOOP('',(#2009,#2010,#2011,#2012,#2013,#2014,#2015,#2016,#2017,
#2018,#2019,#2020,#2021,#2022));
#372=EDGE_LOOP('',(#2023,#2024,#2025,#2026,#2027,#2028,#2029,#2030,#2031,
#2032,#2033,#2034,#2035,#2036,#2037,#2038));
#373=EDGE_LOOP('',(#2039,#2040,#2041,#2042,#2043,#2044,#2045,#2046));
#374=EDGE_LOOP('',(#2047,#2048,#2049,#2050));
#375=EDGE_LOOP('',(#2051,#2052,#2053,#2054));
#376=EDGE_LOOP('',(#2055,#2056,#2057,#2058));
#377=EDGE_LOOP('',(#2059,#2060,#2061,#2062));
#378=EDGE_LOOP('',(#2063,#2064,#2065,#2066));
#379=EDGE_LOOP('',(#2067,#2068,#2069,#2070));
#380=EDGE_LOOP('',(#2071,#2072,#2073,#2074));
#381=EDGE_LOOP('',(#2075,#2076,#2077,#2078));
#382=EDGE_LOOP('',(#2079,#2080,#2081,#2082));
#383=EDGE_LOOP('',(#2083,#2084,#2085,#2086));
#384=EDGE_LOOP('',(#2087,#2088,#2089,#2090));
#385=EDGE_LOOP('',(#2091,#2092,#2093,#2094));
#386=EDGE_LOOP('',(#2095,#2096,#2097,#2098,#2099,#2100,#2101,#2102,#2103,
#2104,#2105,#2106,#2107,#2108,#2109,#2110,#2111,#2112));
#387=EDGE_LOOP('',(#2113,#2114,#2115,#2116,#2117,#2118,#2119,#2120));
#388=EDGE_LOOP('',(#2121,#2122,#2123,#2124));
#389=EDGE_LOOP('',(#2125,#2126,#2127,#2128));
#390=EDGE_LOOP('',(#2129,#2130,#2131,#2132));
#391=EDGE_LOOP('',(#2133,#2134,#2135,#2136));
#392=EDGE_LOOP('',(#2137,#2138,#2139,#2140));
#393=EDGE_LOOP('',(#2141,#2142,#2143,#2144));
#394=EDGE_LOOP('',(#2145,#2146,#2147,#2148));
#395=EDGE_LOOP('',(#2149,#2150,#2151,#2152));
#396=EDGE_LOOP('',(#2153,#2154,#2155,#2156));
#397=EDGE_LOOP('',(#2157,#2158,#2159,#2160));
#398=EDGE_LOOP('',(#2161,#2162,#2163,#2164));
#399=EDGE_LOOP('',(#2165,#2166,#2167,#2168));
#400=EDGE_LOOP('',(#2169,#2170,#2171,#2172));
#401=EDGE_LOOP('',(#2173,#2174,#2175,#2176));
#402=EDGE_LOOP('',(#2177,#2178,#2179,#2180));
#403=EDGE_LOOP('',(#2181,#2182,#2183,#2184));
#404=EDGE_LOOP('',(#2185,#2186,#2187,#2188));
#405=EDGE_LOOP('',(#2189,#2190,#2191,#2192));
#406=EDGE_LOOP('',(#2193,#2194,#2195,#2196));
#407=EDGE_LOOP('',(#2197,#2198,#2199,#2200));
#408=EDGE_LOOP('',(#2201,#2202,#2203,#2204));
#409=EDGE_LOOP('',(#2205,#2206,#2207,#2208));
#410=EDGE_LOOP('',(#2209,#2210,#2211,#2212));
#411=EDGE_LOOP('',(#2213,#2214,#2215,#2216));
#412=EDGE_LOOP('',(#2217,#2218,#2219,#2220));
#413=EDGE_LOOP('',(#2221,#2222,#2223,#2224));
#414=EDGE_LOOP('',(#2225,#2226,#2227,#2228));
#415=EDGE_LOOP('',(#2229,#2230,#2231,#2232,#2233,#2234,#2235,#2236,#2237,
#2238));
#416=EDGE_LOOP('',(#2239,#2240,#2241,#2242));
#417=EDGE_LOOP('',(#2243,#2244,#2245,#2246));
#418=EDGE_LOOP('',(#2247,#2248,#2249,#2250));
#419=EDGE_LOOP('',(#2251,#2252,#2253,#2254));
#420=EDGE_LOOP('',(#2255,#2256,#2257,#2258));
#421=EDGE_LOOP('',(#2259,#2260,#2261,#2262));
#422=EDGE_LOOP('',(#2263,#2264,#2265,#2266));
#423=EDGE_LOOP('',(#2267,#2268,#2269,#2270));
#424=EDGE_LOOP('',(#2271,#2272,#2273,#2274));
#425=EDGE_LOOP('',(#2275,#2276,#2277,#2278));
#426=EDGE_LOOP('',(#2279,#2280,#2281,#2282));
#427=EDGE_LOOP('',(#2283,#2284,#2285,#2286));
#428=EDGE_LOOP('',(#2287,#2288,#2289,#2290));
#429=EDGE_LOOP('',(#2291,#2292,#2293,#2294));
#430=EDGE_LOOP('',(#2295,#2296,#2297,#2298));
#431=EDGE_LOOP('',(#2299,#2300,#2301,#2302));
#432=EDGE_LOOP('',(#2303,#2304,#2305,#2306));
#433=EDGE_LOOP('',(#2307,#2308,#2309,#2310));
#434=EDGE_LOOP('',(#2311,#2312,#2313,#2314));
#435=EDGE_LOOP('',(#2315,#2316,#2317,#2318));
#436=EDGE_LOOP('',(#2319,#2320,#2321,#2322));
#437=EDGE_LOOP('',(#2323,#2324,#2325,#2326));
#438=EDGE_LOOP('',(#2327,#2328,#2329,#2330));
#439=EDGE_LOOP('',(#2331,#2332,#2333,#2334));
#440=EDGE_LOOP('',(#2335,#2336,#2337,#2338));
#441=EDGE_LOOP('',(#2339,#2340,#2341,#2342));
#442=EDGE_LOOP('',(#2343,#2344,#2345,#2346));
#443=EDGE_LOOP('',(#2347,#2348,#2349,#2350));
#444=EDGE_LOOP('',(#2351,#2352,#2353,#2354));
#445=LINE('',#3523,#707);
#446=LINE('',#3527,#708);
#447=LINE('',#3532,#709);
#448=LINE('',#3536,#710);
#449=LINE('',#3541,#711);
#450=LINE('',#3545,#712);
#451=LINE('',#3550,#713);
#452=LINE('',#3554,#714);
#453=LINE('',#3559,#715);
#454=LINE('',#3563,#716);
#455=LINE('',#3568,#717);
#456=LINE('',#3572,#718);
#457=LINE('',#3577,#719);
#458=LINE('',#3581,#720);
#459=LINE('',#3586,#721);
#460=LINE('',#3590,#722);
#461=LINE('',#3595,#723);
#462=LINE('',#3599,#724);
#463=LINE('',#3604,#725);
#464=LINE('',#3608,#726);
#465=LINE('',#3613,#727);
#466=LINE('',#3617,#728);
#467=LINE('',#3621,#729);
#468=LINE('',#3623,#730);
#469=LINE('',#3625,#731);
#470=LINE('',#3626,#732);
#471=LINE('',#3629,#733);
#472=LINE('',#3631,#734);
#473=LINE('',#3632,#735);
#474=LINE('',#3636,#736);
#475=LINE('',#3638,#737);
#476=LINE('',#3640,#738);
#477=LINE('',#3641,#739);
#478=LINE('',#3646,#740);
#479=LINE('',#3651,#741);
#480=LINE('',#3652,#742);
#481=LINE('',#3653,#743);
#482=LINE('',#3658,#744);
#483=LINE('',#3663,#745);
#484=LINE('',#3664,#746);
#485=LINE('',#3665,#747);
#486=LINE('',#3668,#748);
#487=LINE('',#3670,#749);
#488=LINE('',#3671,#750);
#489=LINE('',#3672,#751);
#490=LINE('',#3675,#752);
#491=LINE('',#3679,#753);
#492=LINE('',#3680,#754);
#493=LINE('',#3683,#755);
#494=LINE('',#3686,#756);
#495=LINE('',#3688,#757);
#496=LINE('',#3689,#758);
#497=LINE('',#3692,#759);
#498=LINE('',#3694,#760);
#499=LINE('',#3695,#761);
#500=LINE('',#3698,#762);
#501=LINE('',#3700,#763);
#502=LINE('',#3702,#764);
#503=LINE('',#3704,#765);
#504=LINE('',#3706,#766);
#505=LINE('',#3708,#767);
#506=LINE('',#3710,#768);
#507=LINE('',#3712,#769);
#508=LINE('',#3716,#770);
#509=LINE('',#3720,#771);
#510=LINE('',#3722,#772);
#511=LINE('',#3726,#773);
#512=LINE('',#3730,#774);
#513=LINE('',#3732,#775);
#514=LINE('',#3734,#776);
#515=LINE('',#3736,#777);
#516=LINE('',#3737,#778);
#517=LINE('',#3740,#779);
#518=LINE('',#3742,#780);
#519=LINE('',#3743,#781);
#520=LINE('',#3746,#782);
#521=LINE('',#3748,#783);
#522=LINE('',#3750,#784);
#523=LINE('',#3752,#785);
#524=LINE('',#3754,#786);
#525=LINE('',#3755,#787);
#526=LINE('',#3758,#788);
#527=LINE('',#3760,#789);
#528=LINE('',#3761,#790);
#529=LINE('',#3764,#791);
#530=LINE('',#3765,#792);
#531=LINE('',#3768,#793);
#532=LINE('',#3769,#794);
#533=LINE('',#3771,#795);
#534=LINE('',#3777,#796);
#535=LINE('',#3780,#797);
#536=LINE('',#3783,#798);
#537=LINE('',#3785,#799);
#538=LINE('',#3786,#800);
#539=LINE('',#3792,#801);
#540=LINE('',#3796,#802);
#541=LINE('',#3800,#803);
#542=LINE('',#3802,#804);
#543=LINE('',#3804,#805);
#544=LINE('',#3808,#806);
#545=LINE('',#3812,#807);
#546=LINE('',#3815,#808);
#547=LINE('',#3819,#809);
#548=LINE('',#3823,#810);
#549=LINE('',#3825,#811);
#550=LINE('',#3829,#812);
#551=LINE('',#3833,#813);
#552=LINE('',#3835,#814);
#553=LINE('',#3837,#815);
#554=LINE('',#3839,#816);
#555=LINE('',#3841,#817);
#556=LINE('',#3842,#818);
#557=LINE('',#3845,#819);
#558=LINE('',#3847,#820);
#559=LINE('',#3849,#821);
#560=LINE('',#3850,#822);
#561=LINE('',#3852,#823);
#562=LINE('',#3854,#824);
#563=LINE('',#3856,#825);
#564=LINE('',#3858,#826);
#565=LINE('',#3860,#827);
#566=LINE('',#3862,#828);
#567=LINE('',#3864,#829);
#568=LINE('',#3866,#830);
#569=LINE('',#3868,#831);
#570=LINE('',#3870,#832);
#571=LINE('',#3872,#833);
#572=LINE('',#3874,#834);
#573=LINE('',#3876,#835);
#574=LINE('',#3878,#836);
#575=LINE('',#3883,#837);
#576=LINE('',#3884,#838);
#577=LINE('',#3885,#839);
#578=LINE('',#3888,#840);
#579=LINE('',#3889,#841);
#580=LINE('',#3892,#842);
#581=LINE('',#3893,#843);
#582=LINE('',#3895,#844);
#583=LINE('',#3898,#845);
#584=LINE('',#3901,#846);
#585=LINE('',#3904,#847);
#586=LINE('',#3905,#848);
#587=LINE('',#3908,#849);
#588=LINE('',#3912,#850);
#589=LINE('',#3913,#851);
#590=LINE('',#3916,#852);
#591=LINE('',#3917,#853);
#592=LINE('',#3920,#854);
#593=LINE('',#3921,#855);
#594=LINE('',#3924,#856);
#595=LINE('',#3928,#857);
#596=LINE('',#3929,#858);
#597=LINE('',#3936,#859);
#598=LINE('',#3940,#860);
#599=LINE('',#3944,#861);
#600=LINE('',#3948,#862);
#601=LINE('',#3952,#863);
#602=LINE('',#3956,#864);
#603=LINE('',#3959,#865);
#604=LINE('',#3962,#866);
#605=LINE('',#3965,#867);
#606=LINE('',#3968,#868);
#607=LINE('',#3972,#869);
#608=LINE('',#3976,#870);
#609=LINE('',#3980,#871);
#610=LINE('',#3985,#872);
#611=LINE('',#3987,#873);
#612=LINE('',#3989,#874);
#613=LINE('',#3990,#875);
#614=LINE('',#3995,#876);
#615=LINE('',#4000,#877);
#616=LINE('',#4001,#878);
#617=LINE('',#4002,#879);
#618=LINE('',#4007,#880);
#619=LINE('',#4012,#881);
#620=LINE('',#4013,#882);
#621=LINE('',#4014,#883);
#622=LINE('',#4019,#884);
#623=LINE('',#4024,#885);
#624=LINE('',#4025,#886);
#625=LINE('',#4026,#887);
#626=LINE('',#4032,#888);
#627=LINE('',#4035,#889);
#628=LINE('',#4038,#890);
#629=LINE('',#4039,#891);
#630=LINE('',#4042,#892);
#631=LINE('',#4046,#893);
#632=LINE('',#4047,#894);
#633=LINE('',#4052,#895);
#634=LINE('',#4056,#896);
#635=LINE('',#4060,#897);
#636=LINE('',#4064,#898);
#637=LINE('',#4068,#899);
#638=LINE('',#4072,#900);
#639=LINE('',#4075,#901);
#640=LINE('',#4076,#902);
#641=LINE('',#4080,#903);
#642=LINE('',#4083,#904);
#643=LINE('',#4084,#905);
#644=LINE('',#4088,#906);
#645=LINE('',#4090,#907);
#646=LINE('',#4091,#908);
#647=LINE('',#4093,#909);
#648=LINE('',#4095,#910);
#649=LINE('',#4098,#911);
#650=LINE('',#4099,#912);
#651=LINE('',#4101,#913);
#652=LINE('',#4106,#914);
#653=LINE('',#4108,#915);
#654=LINE('',#4109,#916);
#655=LINE('',#4113,#917);
#656=LINE('',#4116,#918);
#657=LINE('',#4117,#919);
#658=LINE('',#4122,#920);
#659=LINE('',#4126,#921);
#660=LINE('',#4127,#922);
#661=LINE('',#4130,#923);
#662=LINE('',#4134,#924);
#663=LINE('',#4135,#925);
#664=LINE('',#4139,#926);
#665=LINE('',#4142,#927);
#666=LINE('',#4143,#928);
#667=LINE('',#4147,#929);
#668=LINE('',#4150,#930);
#669=LINE('',#4151,#931);
#670=LINE('',#4156,#932);
#671=LINE('',#4158,#933);
#672=LINE('',#4159,#934);
#673=LINE('',#4162,#935);
#674=LINE('',#4166,#936);
#675=LINE('',#4167,#937);
#676=LINE('',#4170,#938);
#677=LINE('',#4174,#939);
#678=LINE('',#4175,#940);
#679=LINE('',#4178,#941);
#680=LINE('',#4182,#942);
#681=LINE('',#4183,#943);
#682=LINE('',#4185,#944);
#683=LINE('',#4186,#945);
#684=LINE('',#4188,#946);
#685=LINE('',#4190,#947);
#686=LINE('',#4192,#948);
#687=LINE('',#4194,#949);
#688=LINE('',#4196,#950);
#689=LINE('',#4198,#951);
#690=LINE('',#4201,#952);
#691=LINE('',#4205,#953);
#692=LINE('',#4206,#954);
#693=LINE('',#4209,#955);
#694=LINE('',#4213,#956);
#695=LINE('',#4214,#957);
#696=LINE('',#4217,#958);
#697=LINE('',#4221,#959);
#698=LINE('',#4222,#960);
#699=LINE('',#4226,#961);
#700=LINE('',#4227,#962);
#701=LINE('',#4229,#963);
#702=LINE('',#4231,#964);
#703=LINE('',#4233,#965);
#704=LINE('',#4235,#966);
#705=LINE('',#4238,#967);
#706=LINE('',#4241,#968);
#707=VECTOR('',#2782,0.40575);
#708=VECTOR('',#2787,0.8115);
#709=VECTOR('',#2792,0.40575);
#710=VECTOR('',#2797,0.8115);
#711=VECTOR('',#2802,0.40575);
#712=VECTOR('',#2807,0.8115);
#713=VECTOR('',#2812,0.40575);
#714=VECTOR('',#2817,0.8115);
#715=VECTOR('',#2822,0.40575);
#716=VECTOR('',#2827,0.8115);
#717=VECTOR('',#2832,0.40575);
#718=VECTOR('',#2837,0.8115);
#719=VECTOR('',#2842,0.40575);
#720=VECTOR('',#2847,0.8115);
#721=VECTOR('',#2852,0.40575);
#722=VECTOR('',#2857,0.8115);
#723=VECTOR('',#2862,0.40575);
#724=VECTOR('',#2867,0.8115);
#725=VECTOR('',#2872,0.40575);
#726=VECTOR('',#2877,0.8115);
#727=VECTOR('',#2882,0.40575);
#728=VECTOR('',#2887,0.8115);
#729=VECTOR('',#2890,10.);
#730=VECTOR('',#2891,10.);
#731=VECTOR('',#2892,10.);
#732=VECTOR('',#2893,10.);
#733=VECTOR('',#2896,10.);
#734=VECTOR('',#2897,10.);
#735=VECTOR('',#2898,10.);
#736=VECTOR('',#2901,10.);
#737=VECTOR('',#2902,10.);
#738=VECTOR('',#2903,10.);
#739=VECTOR('',#2904,10.);
#740=VECTOR('',#2909,10.);
#741=VECTOR('',#2914,10.);
#742=VECTOR('',#2915,10.);
#743=VECTOR('',#2916,10.);
#744=VECTOR('',#2921,10.);
#745=VECTOR('',#2926,10.);
#746=VECTOR('',#2927,10.);
#747=VECTOR('',#2928,10.);
#748=VECTOR('',#2931,10.);
#749=VECTOR('',#2932,10.);
#750=VECTOR('',#2933,10.);
#751=VECTOR('',#2934,10.);
#752=VECTOR('',#2937,10.);
#753=VECTOR('',#2942,10.);
#754=VECTOR('',#2943,10.);
#755=VECTOR('',#2946,10.);
#756=VECTOR('',#2951,10.);
#757=VECTOR('',#2952,10.);
#758=VECTOR('',#2953,10.);
#759=VECTOR('',#2956,10.);
#760=VECTOR('',#2957,10.);
#761=VECTOR('',#2958,10.);
#762=VECTOR('',#2961,10.);
#763=VECTOR('',#2962,10.);
#764=VECTOR('',#2963,10.);
#765=VECTOR('',#2964,10.);
#766=VECTOR('',#2965,10.);
#767=VECTOR('',#2966,10.);
#768=VECTOR('',#2967,10.);
#769=VECTOR('',#2968,10.);
#770=VECTOR('',#2971,10.);
#771=VECTOR('',#2974,10.);
#772=VECTOR('',#2975,10.);
#773=VECTOR('',#2978,10.);
#774=VECTOR('',#2981,10.);
#775=VECTOR('',#2982,10.);
#776=VECTOR('',#2983,10.);
#777=VECTOR('',#2984,10.);
#778=VECTOR('',#2985,10.);
#779=VECTOR('',#2988,10.);
#780=VECTOR('',#2989,10.);
#781=VECTOR('',#2990,10.);
#782=VECTOR('',#2993,10.);
#783=VECTOR('',#2994,10.);
#784=VECTOR('',#2995,10.);
#785=VECTOR('',#2996,10.);
#786=VECTOR('',#2997,10.);
#787=VECTOR('',#2998,10.);
#788=VECTOR('',#3001,10.);
#789=VECTOR('',#3002,10.);
#790=VECTOR('',#3003,10.);
#791=VECTOR('',#3006,10.);
#792=VECTOR('',#3007,10.);
#793=VECTOR('',#3010,10.);
#794=VECTOR('',#3011,10.);
#795=VECTOR('',#3014,10.);
#796=VECTOR('',#3019,10.);
#797=VECTOR('',#3022,10.);
#798=VECTOR('',#3025,10.);
#799=VECTOR('',#3026,10.);
#800=VECTOR('',#3027,10.);
#801=VECTOR('',#3036,10.);
#802=VECTOR('',#3039,10.);
#803=VECTOR('',#3042,10.);
#804=VECTOR('',#3043,10.);
#805=VECTOR('',#3044,10.);
#806=VECTOR('',#3047,10.);
#807=VECTOR('',#3050,10.);
#808=VECTOR('',#3053,10.);
#809=VECTOR('',#3056,10.);
#810=VECTOR('',#3059,10.);
#811=VECTOR('',#3060,10.);
#812=VECTOR('',#3063,10.);
#813=VECTOR('',#3066,10.);
#814=VECTOR('',#3067,10.);
#815=VECTOR('',#3068,10.);
#816=VECTOR('',#3069,10.);
#817=VECTOR('',#3070,10.);
#818=VECTOR('',#3071,10.);
#819=VECTOR('',#3072,10.);
#820=VECTOR('',#3073,10.);
#821=VECTOR('',#3074,10.);
#822=VECTOR('',#3075,10.);
#823=VECTOR('',#3078,10.);
#824=VECTOR('',#3081,10.);
#825=VECTOR('',#3084,10.);
#826=VECTOR('',#3087,10.);
#827=VECTOR('',#3090,10.);
#828=VECTOR('',#3093,10.);
#829=VECTOR('',#3096,10.);
#830=VECTOR('',#3099,10.);
#831=VECTOR('',#3102,10.);
#832=VECTOR('',#3105,10.);
#833=VECTOR('',#3108,10.);
#834=VECTOR('',#3111,10.);
#835=VECTOR('',#3114,10.);
#836=VECTOR('',#3117,10.);
#837=VECTOR('',#3122,10.);
#838=VECTOR('',#3123,10.);
#839=VECTOR('',#3124,10.);
#840=VECTOR('',#3127,10.);
#841=VECTOR('',#3128,10.);
#842=VECTOR('',#3131,10.);
#843=VECTOR('',#3132,10.);
#844=VECTOR('',#3135,10.);
#845=VECTOR('',#3138,10.);
#846=VECTOR('',#3141,10.);
#847=VECTOR('',#3144,10.);
#848=VECTOR('',#3145,10.);
#849=VECTOR('',#3148,10.);
#850=VECTOR('',#3153,10.);
#851=VECTOR('',#3154,10.);
#852=VECTOR('',#3157,10.);
#853=VECTOR('',#3158,10.);
#854=VECTOR('',#3161,10.);
#855=VECTOR('',#3162,10.);
#856=VECTOR('',#3165,10.);
#857=VECTOR('',#3170,10.);
#858=VECTOR('',#3171,10.);
#859=VECTOR('',#3178,10.);
#860=VECTOR('',#3181,10.);
#861=VECTOR('',#3184,10.);
#862=VECTOR('',#3187,10.);
#863=VECTOR('',#3190,10.);
#864=VECTOR('',#3193,10.);
#865=VECTOR('',#3196,10.);
#866=VECTOR('',#3199,10.);
#867=VECTOR('',#3202,10.);
#868=VECTOR('',#3203,10.);
#869=VECTOR('',#3206,10.);
#870=VECTOR('',#3209,10.);
#871=VECTOR('',#3212,10.);
#872=VECTOR('',#3217,10.);
#873=VECTOR('',#3218,10.);
#874=VECTOR('',#3219,10.);
#875=VECTOR('',#3220,10.);
#876=VECTOR('',#3225,10.);
#877=VECTOR('',#3230,10.);
#878=VECTOR('',#3231,10.);
#879=VECTOR('',#3232,10.);
#880=VECTOR('',#3237,10.);
#881=VECTOR('',#3242,10.);
#882=VECTOR('',#3243,10.);
#883=VECTOR('',#3244,10.);
#884=VECTOR('',#3249,10.);
#885=VECTOR('',#3254,10.);
#886=VECTOR('',#3255,10.);
#887=VECTOR('',#3256,10.);
#888=VECTOR('',#3265,10.);
#889=VECTOR('',#3268,10.);
#890=VECTOR('',#3271,10.);
#891=VECTOR('',#3272,10.);
#892=VECTOR('',#3275,10.);
#893=VECTOR('',#3280,10.);
#894=VECTOR('',#3281,10.);
#895=VECTOR('',#3286,10.);
#896=VECTOR('',#3289,10.);
#897=VECTOR('',#3292,10.);
#898=VECTOR('',#3295,10.);
#899=VECTOR('',#3298,10.);
#900=VECTOR('',#3301,10.);
#901=VECTOR('',#3306,10.);
#902=VECTOR('',#3307,10.);
#903=VECTOR('',#3312,10.);
#904=VECTOR('',#3315,10.);
#905=VECTOR('',#3316,10.);
#906=VECTOR('',#3321,10.);
#907=VECTOR('',#3324,10.);
#908=VECTOR('',#3325,10.);
#909=VECTOR('',#3328,10.);
#910=VECTOR('',#3331,10.);
#911=VECTOR('',#3336,10.);
#912=VECTOR('',#3337,10.);
#913=VECTOR('',#3340,10.);
#914=VECTOR('',#3347,10.);
#915=VECTOR('',#3348,10.);
#916=VECTOR('',#3349,10.);
#917=VECTOR('',#3354,10.);
#918=VECTOR('',#3357,10.);
#919=VECTOR('',#3358,10.);
#920=VECTOR('',#3365,10.);
#921=VECTOR('',#3370,10.);
#922=VECTOR('',#3371,10.);
#923=VECTOR('',#3374,10.);
#924=VECTOR('',#3379,10.);
#925=VECTOR('',#3380,10.);
#926=VECTOR('',#3385,10.);
#927=VECTOR('',#3388,10.);
#928=VECTOR('',#3389,10.);
#929=VECTOR('',#3394,10.);
#930=VECTOR('',#3397,10.);
#931=VECTOR('',#3398,10.);
#932=VECTOR('',#3405,10.);
#933=VECTOR('',#3406,10.);
#934=VECTOR('',#3407,10.);
#935=VECTOR('',#3410,10.);
#936=VECTOR('',#3415,10.);
#937=VECTOR('',#3416,10.);
#938=VECTOR('',#3419,10.);
#939=VECTOR('',#3424,10.);
#940=VECTOR('',#3425,10.);
#941=VECTOR('',#3428,10.);
#942=VECTOR('',#3433,10.);
#943=VECTOR('',#3434,10.);
#944=VECTOR('',#3437,10.);
#945=VECTOR('',#3438,10.);
#946=VECTOR('',#3441,10.);
#947=VECTOR('',#3444,10.);
#948=VECTOR('',#3447,10.);
#949=VECTOR('',#3450,10.);
#950=VECTOR('',#3453,10.);
#951=VECTOR('',#3456,10.);
#952=VECTOR('',#3459,10.);
#953=VECTOR('',#3464,10.);
#954=VECTOR('',#3465,10.);
#955=VECTOR('',#3468,10.);
#956=VECTOR('',#3473,10.);
#957=VECTOR('',#3474,10.);
#958=VECTOR('',#3477,10.);
#959=VECTOR('',#3482,10.);
#960=VECTOR('',#3483,10.);
#961=VECTOR('',#3490,10.);
#962=VECTOR('',#3491,10.);
#963=VECTOR('',#3494,10.);
#964=VECTOR('',#3497,10.);
#965=VECTOR('',#3500,10.);
#966=VECTOR('',#3503,10.);
#967=VECTOR('',#3508,10.);
#968=VECTOR('',#3513,10.);
#969=CIRCLE('',#2538,0.8115);
#970=CIRCLE('',#2540,0.8115);
#971=CIRCLE('',#2542,0.8115);
#972=CIRCLE('',#2544,0.8115);
#973=CIRCLE('',#2546,0.8115);
#974=CIRCLE('',#2548,0.8115);
#975=CIRCLE('',#2550,0.8115);
#976=CIRCLE('',#2552,0.8115);
#977=CIRCLE('',#2554,0.8115);
#978=CIRCLE('',#2556,0.8115);
#979=CIRCLE('',#2558,0.8115);
#980=CIRCLE('',#2560,0.8115);
#981=CIRCLE('',#2562,0.8115);
#982=CIRCLE('',#2564,0.8115);
#983=CIRCLE('',#2566,0.8115);
#984=CIRCLE('',#2568,0.8115);
#985=CIRCLE('',#2570,0.8115);
#986=CIRCLE('',#2572,0.8115);
#987=CIRCLE('',#2574,0.8115);
#988=CIRCLE('',#2576,0.8115);
#989=CIRCLE('',#2578,0.8115);
#990=CIRCLE('',#2580,0.8115);
#991=CIRCLE('',#2585,1.);
#992=CIRCLE('',#2586,1.99999999999996);
#993=CIRCLE('',#2589,1.);
#994=CIRCLE('',#2590,2.00000000000005);
#995=CIRCLE('',#2594,1.);
#996=CIRCLE('',#2597,1.);
#997=CIRCLE('',#2601,2.00000000000003);
#998=CIRCLE('',#2602,2.00000000000003);
#999=CIRCLE('',#2603,2.00000000000003);
#1000=CIRCLE('',#2604,2.00000000000003);
#1001=CIRCLE('',#2612,2.);
#1002=CIRCLE('',#2613,2.);
#1003=CIRCLE('',#2616,2.);
#1004=CIRCLE('',#2617,2.);
#1005=CIRCLE('',#2619,5.50000000000002);
#1006=CIRCLE('',#2620,5.50000000000001);
#1007=CIRCLE('',#2621,5.50000000000002);
#1008=CIRCLE('',#2622,5.49999999999997);
#1009=CIRCLE('',#2623,5.50000000000001);
#1010=CIRCLE('',#2624,2.00000000000003);
#1011=CIRCLE('',#2625,2.00000000000003);
#1012=CIRCLE('',#2626,2.00000000000003);
#1013=CIRCLE('',#2627,2.00000000000003);
#1014=CIRCLE('',#2648,5.49999999999997);
#1015=CIRCLE('',#2651,5.50000000000002);
#1016=CIRCLE('',#2656,5.50000000000001);
#1017=CIRCLE('',#2660,4.);
#1018=CIRCLE('',#2661,7.39999999999996);
#1019=CIRCLE('',#2662,7.40000000000002);
#1020=CIRCLE('',#2663,4.);
#1021=CIRCLE('',#2664,3.99999999999998);
#1022=CIRCLE('',#2665,7.40000000000002);
#1023=CIRCLE('',#2666,6.);
#1024=CIRCLE('',#2667,5.50000000000001);
#1025=CIRCLE('',#2668,5.50000000000002);
#1026=CIRCLE('',#2669,7.99999999999999);
#1027=CIRCLE('',#2670,8.);
#1028=CIRCLE('',#2671,7.99999999999998);
#1029=CIRCLE('',#2672,8.00000000000001);
#1030=CIRCLE('',#2675,5.);
#1031=CIRCLE('',#2676,8.00000000000001);
#1032=CIRCLE('',#2679,5.);
#1033=CIRCLE('',#2680,7.99999999999998);
#1034=CIRCLE('',#2683,5.);
#1035=CIRCLE('',#2684,8.00000000000007);
#1036=CIRCLE('',#2687,5.);
#1037=CIRCLE('',#2688,8.00000000000007);
#1038=CIRCLE('',#2690,5.);
#1039=CIRCLE('',#2693,5.);
#1040=CIRCLE('',#2696,7.4);
#1041=CIRCLE('',#2697,7.39999999999994);
#1042=CIRCLE('',#2698,4.);
#1043=CIRCLE('',#2699,6.);
#1044=CIRCLE('',#2700,7.40000000000006);
#1045=CIRCLE('',#2701,4.00000000000001);
#1046=CIRCLE('',#2702,4.00000000000001);
#1047=CIRCLE('',#2705,5.);
#1048=CIRCLE('',#2708,5.);
#1049=CIRCLE('',#2719,5.);
#1050=CIRCLE('',#2722,5.);
#1051=CIRCLE('',#2724,8.4);
#1052=CIRCLE('',#2727,8.39999999999996);
#1053=CIRCLE('',#2730,5.);
#1054=CIRCLE('',#2733,5.);
#1055=CIRCLE('',#2736,8.40000000000003);
#1056=CIRCLE('',#2739,8.4);
#1057=CIRCLE('',#2742,5.);
#1058=CIRCLE('',#2745,5.);
#1059=CIRCLE('',#2755,8.39999999999996);
#1060=CIRCLE('',#2758,5.);
#1061=CIRCLE('',#2761,5.);
#1062=CIRCLE('',#2764,8.40000000000003);
#1063=VERTEX_POINT('',#3520);
#1064=VERTEX_POINT('',#3522);
#1065=VERTEX_POINT('',#3525);
#1066=VERTEX_POINT('',#3529);
#1067=VERTEX_POINT('',#3531);
#1068=VERTEX_POINT('',#3534);
#1069=VERTEX_POINT('',#3538);
#1070=VERTEX_POINT('',#3540);
#1071=VERTEX_POINT('',#3543);
#1072=VERTEX_POINT('',#3547);
#1073=VERTEX_POINT('',#3549);
#1074=VERTEX_POINT('',#3552);
#1075=VERTEX_POINT('',#3556);
#1076=VERTEX_POINT('',#3558);
#1077=VERTEX_POINT('',#3561);
#1078=VERTEX_POINT('',#3565);
#1079=VERTEX_POINT('',#3567);
#1080=VERTEX_POINT('',#3570);
#1081=VERTEX_POINT('',#3574);
#1082=VERTEX_POINT('',#3576);
#1083=VERTEX_POINT('',#3579);
#1084=VERTEX_POINT('',#3583);
#1085=VERTEX_POINT('',#3585);
#1086=VERTEX_POINT('',#3588);
#1087=VERTEX_POINT('',#3592);
#1088=VERTEX_POINT('',#3594);
#1089=VERTEX_POINT('',#3597);
#1090=VERTEX_POINT('',#3601);
#1091=VERTEX_POINT('',#3603);
#1092=VERTEX_POINT('',#3606);
#1093=VERTEX_POINT('',#3610);
#1094=VERTEX_POINT('',#3612);
#1095=VERTEX_POINT('',#3615);
#1096=VERTEX_POINT('',#3619);
#1097=VERTEX_POINT('',#3620);
#1098=VERTEX_POINT('',#3622);
#1099=VERTEX_POINT('',#3624);
#1100=VERTEX_POINT('',#3628);
#1101=VERTEX_POINT('',#3630);
#1102=VERTEX_POINT('',#3634);
#1103=VERTEX_POINT('',#3635);
#1104=VERTEX_POINT('',#3637);
#1105=VERTEX_POINT('',#3639);
#1106=VERTEX_POINT('',#3643);
#1107=VERTEX_POINT('',#3645);
#1108=VERTEX_POINT('',#3649);
#1109=VERTEX_POINT('',#3650);
#1110=VERTEX_POINT('',#3655);
#1111=VERTEX_POINT('',#3657);
#1112=VERTEX_POINT('',#3661);
#1113=VERTEX_POINT('',#3662);
#1114=VERTEX_POINT('',#3667);
#1115=VERTEX_POINT('',#3669);
#1116=VERTEX_POINT('',#3674);
#1117=VERTEX_POINT('',#3678);
#1118=VERTEX_POINT('',#3682);
#1119=VERTEX_POINT('',#3687);
#1120=VERTEX_POINT('',#3691);
#1121=VERTEX_POINT('',#3693);
#1122=VERTEX_POINT('',#3697);
#1123=VERTEX_POINT('',#3699);
#1124=VERTEX_POINT('',#3701);
#1125=VERTEX_POINT('',#3703);
#1126=VERTEX_POINT('',#3705);
#1127=VERTEX_POINT('',#3707);
#1128=VERTEX_POINT('',#3709);
#1129=VERTEX_POINT('',#3711);
#1130=VERTEX_POINT('',#3713);
#1131=VERTEX_POINT('',#3715);
#1132=VERTEX_POINT('',#3717);
#1133=VERTEX_POINT('',#3719);
#1134=VERTEX_POINT('',#3721);
#1135=VERTEX_POINT('',#3723);
#1136=VERTEX_POINT('',#3725);
#1137=VERTEX_POINT('',#3727);
#1138=VERTEX_POINT('',#3729);
#1139=VERTEX_POINT('',#3731);
#1140=VERTEX_POINT('',#3733);
#1141=VERTEX_POINT('',#3735);
#1142=VERTEX_POINT('',#3739);
#1143=VERTEX_POINT('',#3741);
#1144=VERTEX_POINT('',#3745);
#1145=VERTEX_POINT('',#3747);
#1146=VERTEX_POINT('',#3749);
#1147=VERTEX_POINT('',#3751);
#1148=VERTEX_POINT('',#3753);
#1149=VERTEX_POINT('',#3757);
#1150=VERTEX_POINT('',#3759);
#1151=VERTEX_POINT('',#3763);
#1152=VERTEX_POINT('',#3767);
#1153=VERTEX_POINT('',#3773);
#1154=VERTEX_POINT('',#3774);
#1155=VERTEX_POINT('',#3776);
#1156=VERTEX_POINT('',#3778);
#1157=VERTEX_POINT('',#3782);
#1158=VERTEX_POINT('',#3784);
#1159=VERTEX_POINT('',#3791);
#1160=VERTEX_POINT('',#3793);
#1161=VERTEX_POINT('',#3795);
#1162=VERTEX_POINT('',#3797);
#1163=VERTEX_POINT('',#3799);
#1164=VERTEX_POINT('',#3801);
#1165=VERTEX_POINT('',#3803);
#1166=VERTEX_POINT('',#3805);
#1167=VERTEX_POINT('',#3807);
#1168=VERTEX_POINT('',#3809);
#1169=VERTEX_POINT('',#3811);
#1170=VERTEX_POINT('',#3814);
#1171=VERTEX_POINT('',#3816);
#1172=VERTEX_POINT('',#3818);
#1173=VERTEX_POINT('',#3820);
#1174=VERTEX_POINT('',#3822);
#1175=VERTEX_POINT('',#3824);
#1176=VERTEX_POINT('',#3826);
#1177=VERTEX_POINT('',#3828);
#1178=VERTEX_POINT('',#3830);
#1179=VERTEX_POINT('',#3832);
#1180=VERTEX_POINT('',#3834);
#1181=VERTEX_POINT('',#3836);
#1182=VERTEX_POINT('',#3838);
#1183=VERTEX_POINT('',#3840);
#1184=VERTEX_POINT('',#3843);
#1185=VERTEX_POINT('',#3844);
#1186=VERTEX_POINT('',#3846);
#1187=VERTEX_POINT('',#3848);
#1188=VERTEX_POINT('',#3881);
#1189=VERTEX_POINT('',#3882);
#1190=VERTEX_POINT('',#3887);
#1191=VERTEX_POINT('',#3891);
#1192=VERTEX_POINT('',#3897);
#1193=VERTEX_POINT('',#3899);
#1194=VERTEX_POINT('',#3903);
#1195=VERTEX_POINT('',#3907);
#1196=VERTEX_POINT('',#3911);
#1197=VERTEX_POINT('',#3915);
#1198=VERTEX_POINT('',#3919);
#1199=VERTEX_POINT('',#3923);
#1200=VERTEX_POINT('',#3927);
#1201=VERTEX_POINT('',#3932);
#1202=VERTEX_POINT('',#3933);
#1203=VERTEX_POINT('',#3935);
#1204=VERTEX_POINT('',#3937);
#1205=VERTEX_POINT('',#3939);
#1206=VERTEX_POINT('',#3941);
#1207=VERTEX_POINT('',#3943);
#1208=VERTEX_POINT('',#3945);
#1209=VERTEX_POINT('',#3947);
#1210=VERTEX_POINT('',#3949);
#1211=VERTEX_POINT('',#3951);
#1212=VERTEX_POINT('',#3953);
#1213=VERTEX_POINT('',#3955);
#1214=VERTEX_POINT('',#3957);
#1215=VERTEX_POINT('',#3960);
#1216=VERTEX_POINT('',#3963);
#1217=VERTEX_POINT('',#3966);
#1218=VERTEX_POINT('',#3967);
#1219=VERTEX_POINT('',#3969);
#1220=VERTEX_POINT('',#3971);
#1221=VERTEX_POINT('',#3973);
#1222=VERTEX_POINT('',#3975);
#1223=VERTEX_POINT('',#3977);
#1224=VERTEX_POINT('',#3979);
#1225=VERTEX_POINT('',#3983);
#1226=VERTEX_POINT('',#3984);
#1227=VERTEX_POINT('',#3986);
#1228=VERTEX_POINT('',#3988);
#1229=VERTEX_POINT('',#3992);
#1230=VERTEX_POINT('',#3994);
#1231=VERTEX_POINT('',#3998);
#1232=VERTEX_POINT('',#3999);
#1233=VERTEX_POINT('',#4004);
#1234=VERTEX_POINT('',#4006);
#1235=VERTEX_POINT('',#4010);
#1236=VERTEX_POINT('',#4011);
#1237=VERTEX_POINT('',#4016);
#1238=VERTEX_POINT('',#4018);
#1239=VERTEX_POINT('',#4022);
#1240=VERTEX_POINT('',#4023);
#1241=VERTEX_POINT('',#4031);
#1242=VERTEX_POINT('',#4033);
#1243=VERTEX_POINT('',#4037);
#1244=VERTEX_POINT('',#4041);
#1245=VERTEX_POINT('',#4045);
#1246=VERTEX_POINT('',#4049);
#1247=VERTEX_POINT('',#4051);
#1248=VERTEX_POINT('',#4053);
#1249=VERTEX_POINT('',#4055);
#1250=VERTEX_POINT('',#4057);
#1251=VERTEX_POINT('',#4059);
#1252=VERTEX_POINT('',#4061);
#1253=VERTEX_POINT('',#4063);
#1254=VERTEX_POINT('',#4065);
#1255=VERTEX_POINT('',#4067);
#1256=VERTEX_POINT('',#4069);
#1257=VERTEX_POINT('',#4071);
#1258=VERTEX_POINT('',#4078);
#1259=VERTEX_POINT('',#4082);
#1260=VERTEX_POINT('',#4086);
#1261=VERTEX_POINT('',#4105);
#1262=VERTEX_POINT('',#4107);
#1263=VERTEX_POINT('',#4111);
#1264=VERTEX_POINT('',#4115);
#1265=VERTEX_POINT('',#4121);
#1266=VERTEX_POINT('',#4125);
#1267=VERTEX_POINT('',#4129);
#1268=VERTEX_POINT('',#4133);
#1269=VERTEX_POINT('',#4137);
#1270=VERTEX_POINT('',#4141);
#1271=VERTEX_POINT('',#4145);
#1272=VERTEX_POINT('',#4149);
#1273=VERTEX_POINT('',#4155);
#1274=VERTEX_POINT('',#4157);
#1275=VERTEX_POINT('',#4161);
#1276=VERTEX_POINT('',#4165);
#1277=VERTEX_POINT('',#4169);
#1278=VERTEX_POINT('',#4173);
#1279=VERTEX_POINT('',#4177);
#1280=VERTEX_POINT('',#4181);
#1281=VERTEX_POINT('',#4200);
#1282=VERTEX_POINT('',#4204);
#1283=VERTEX_POINT('',#4208);
#1284=VERTEX_POINT('',#4212);
#1285=VERTEX_POINT('',#4216);
#1286=VERTEX_POINT('',#4220);
#1287=EDGE_CURVE('',#1063,#1063,#969,.T.);
#1288=EDGE_CURVE('',#1063,#1064,#445,.T.);
#1289=EDGE_CURVE('',#1065,#1065,#970,.T.);
#1290=EDGE_CURVE('',#1065,#1063,#446,.T.);
#1291=EDGE_CURVE('',#1066,#1066,#971,.T.);
#1292=EDGE_CURVE('',#1066,#1067,#447,.T.);
#1293=EDGE_CURVE('',#1068,#1068,#972,.T.);
#1294=EDGE_CURVE('',#1068,#1066,#448,.T.);
#1295=EDGE_CURVE('',#1069,#1069,#973,.T.);
#1296=EDGE_CURVE('',#1069,#1070,#449,.T.);
#1297=EDGE_CURVE('',#1071,#1071,#974,.T.);
#1298=EDGE_CURVE('',#1071,#1069,#450,.T.);
#1299=EDGE_CURVE('',#1072,#1072,#975,.T.);
#1300=EDGE_CURVE('',#1072,#1073,#451,.T.);
#1301=EDGE_CURVE('',#1074,#1074,#976,.T.);
#1302=EDGE_CURVE('',#1074,#1072,#452,.T.);
#1303=EDGE_CURVE('',#1075,#1075,#977,.T.);
#1304=EDGE_CURVE('',#1075,#1076,#453,.T.);
#1305=EDGE_CURVE('',#1077,#1077,#978,.T.);
#1306=EDGE_CURVE('',#1077,#1075,#454,.T.);
#1307=EDGE_CURVE('',#1078,#1078,#979,.T.);
#1308=EDGE_CURVE('',#1078,#1079,#455,.T.);
#1309=EDGE_CURVE('',#1080,#1080,#980,.T.);
#1310=EDGE_CURVE('',#1080,#1078,#456,.T.);
#1311=EDGE_CURVE('',#1081,#1081,#981,.T.);
#1312=EDGE_CURVE('',#1081,#1082,#457,.T.);
#1313=EDGE_CURVE('',#1083,#1083,#982,.T.);
#1314=EDGE_CURVE('',#1083,#1081,#458,.T.);
#1315=EDGE_CURVE('',#1084,#1084,#983,.T.);
#1316=EDGE_CURVE('',#1084,#1085,#459,.T.);
#1317=EDGE_CURVE('',#1086,#1086,#984,.T.);
#1318=EDGE_CURVE('',#1086,#1084,#460,.T.);
#1319=EDGE_CURVE('',#1087,#1087,#985,.T.);
#1320=EDGE_CURVE('',#1087,#1088,#461,.T.);
#1321=EDGE_CURVE('',#1089,#1089,#986,.T.);
#1322=EDGE_CURVE('',#1089,#1087,#462,.T.);
#1323=EDGE_CURVE('',#1090,#1090,#987,.T.);
#1324=EDGE_CURVE('',#1090,#1091,#463,.T.);
#1325=EDGE_CURVE('',#1092,#1092,#988,.T.);
#1326=EDGE_CURVE('',#1092,#1090,#464,.T.);
#1327=EDGE_CURVE('',#1093,#1093,#989,.T.);
#1328=EDGE_CURVE('',#1093,#1094,#465,.T.);
#1329=EDGE_CURVE('',#1095,#1095,#990,.T.);
#1330=EDGE_CURVE('',#1095,#1093,#466,.T.);
#1331=EDGE_CURVE('',#1096,#1097,#467,.T.);
#1332=EDGE_CURVE('',#1096,#1098,#468,.T.);
#1333=EDGE_CURVE('',#1098,#1099,#469,.F.);
#1334=EDGE_CURVE('',#1099,#1097,#470,.T.);
#1335=EDGE_CURVE('',#1099,#1100,#471,.T.);
#1336=EDGE_CURVE('',#1101,#1100,#472,.T.);
#1337=EDGE_CURVE('',#1097,#1101,#473,.T.);
#1338=EDGE_CURVE('',#1102,#1103,#474,.T.);
#1339=EDGE_CURVE('',#1103,#1104,#475,.T.);
#1340=EDGE_CURVE('',#1104,#1105,#476,.T.);
#1341=EDGE_CURVE('',#1105,#1102,#477,.T.);
#1342=EDGE_CURVE('',#1104,#1106,#991,.T.);
#1343=EDGE_CURVE('',#1106,#1107,#478,.T.);
#1344=EDGE_CURVE('',#1107,#1105,#992,.T.);
#1345=EDGE_CURVE('',#1108,#1109,#479,.T.);
#1346=EDGE_CURVE('',#1109,#1107,#480,.T.);
#1347=EDGE_CURVE('',#1106,#1108,#481,.T.);
#1348=EDGE_CURVE('',#1108,#1110,#993,.T.);
#1349=EDGE_CURVE('',#1110,#1111,#482,.T.);
#1350=EDGE_CURVE('',#1111,#1109,#994,.T.);
#1351=EDGE_CURVE('',#1112,#1113,#483,.T.);
#1352=EDGE_CURVE('',#1113,#1111,#484,.T.);
#1353=EDGE_CURVE('',#1110,#1112,#485,.T.);
#1354=EDGE_CURVE('',#1114,#1110,#486,.T.);
#1355=EDGE_CURVE('',#1115,#1114,#487,.T.);
#1356=EDGE_CURVE('',#1115,#1096,#488,.T.);
#1357=EDGE_CURVE('',#1112,#1101,#489,.T.);
#1358=EDGE_CURVE('',#1108,#1116,#490,.T.);
#1359=EDGE_CURVE('',#1116,#1114,#995,.T.);
#1360=EDGE_CURVE('',#1117,#1106,#491,.T.);
#1361=EDGE_CURVE('',#1116,#1117,#492,.T.);
#1362=EDGE_CURVE('',#1104,#1118,#493,.T.);
#1363=EDGE_CURVE('',#1118,#1117,#996,.T.);
#1364=EDGE_CURVE('',#1100,#1103,#494,.T.);
#1365=EDGE_CURVE('',#1098,#1119,#495,.T.);
#1366=EDGE_CURVE('',#1118,#1119,#496,.T.);
#1367=EDGE_CURVE('',#1102,#1120,#497,.T.);
#1368=EDGE_CURVE('',#1120,#1121,#498,.T.);
#1369=EDGE_CURVE('',#1121,#1103,#499,.T.);
#1370=EDGE_CURVE('',#1122,#1115,#500,.T.);
#1371=EDGE_CURVE('',#1123,#1122,#501,.T.);
#1372=EDGE_CURVE('',#1123,#1124,#502,.T.);
#1373=EDGE_CURVE('',#1124,#1125,#503,.T.);
#1374=EDGE_CURVE('',#1125,#1126,#504,.T.);
#1375=EDGE_CURVE('',#1126,#1127,#505,.T.);
#1376=EDGE_CURVE('',#1127,#1128,#506,.T.);
#1377=EDGE_CURVE('',#1128,#1129,#507,.T.);
#1378=EDGE_CURVE('',#1129,#1130,#997,.T.);
#1379=EDGE_CURVE('',#1130,#1131,#508,.T.);
#1380=EDGE_CURVE('',#1131,#1132,#998,.T.);
#1381=EDGE_CURVE('',#1132,#1133,#509,.T.);
#1382=EDGE_CURVE('',#1133,#1134,#510,.T.);
#1383=EDGE_CURVE('',#1134,#1135,#999,.T.);
#1384=EDGE_CURVE('',#1135,#1136,#511,.T.);
#1385=EDGE_CURVE('',#1136,#1137,#1000,.T.);
#1386=EDGE_CURVE('',#1137,#1138,#512,.T.);
#1387=EDGE_CURVE('',#1139,#1138,#513,.T.);
#1388=EDGE_CURVE('',#1140,#1139,#514,.T.);
#1389=EDGE_CURVE('',#1141,#1140,#515,.T.);
#1390=EDGE_CURVE('',#1119,#1141,#516,.T.);
#1391=EDGE_CURVE('',#1112,#1142,#517,.T.);
#1392=EDGE_CURVE('',#1143,#1142,#518,.T.);
#1393=EDGE_CURVE('',#1143,#1113,#519,.T.);
#1394=EDGE_CURVE('',#1144,#1141,#520,.T.);
#1395=EDGE_CURVE('',#1145,#1144,#521,.T.);
#1396=EDGE_CURVE('',#1145,#1146,#522,.T.);
#1397=EDGE_CURVE('',#1147,#1146,#523,.T.);
#1398=EDGE_CURVE('',#1147,#1148,#524,.T.);
#1399=EDGE_CURVE('',#1148,#1122,#525,.T.);
#1400=EDGE_CURVE('',#1138,#1149,#526,.T.);
#1401=EDGE_CURVE('',#1150,#1149,#527,.T.);
#1402=EDGE_CURVE('',#1150,#1139,#528,.T.);
#1403=EDGE_CURVE('',#1151,#1123,#529,.T.);
#1404=EDGE_CURVE('',#1151,#1148,#530,.T.);
#1405=EDGE_CURVE('',#1152,#1150,#531,.T.);
#1406=EDGE_CURVE('',#1152,#1140,#532,.T.);
#1407=EDGE_CURVE('',#1144,#1152,#533,.T.);
#1408=EDGE_CURVE('',#1153,#1154,#1001,.T.);
#1409=EDGE_CURVE('',#1153,#1155,#534,.T.);
#1410=EDGE_CURVE('',#1155,#1156,#1002,.T.);
#1411=EDGE_CURVE('',#1156,#1154,#535,.T.);
#1412=EDGE_CURVE('',#1153,#1157,#536,.T.);
#1413=EDGE_CURVE('',#1158,#1157,#537,.T.);
#1414=EDGE_CURVE('',#1155,#1158,#538,.T.);
#1415=EDGE_CURVE('',#1147,#1157,#1003,.T.);
#1416=EDGE_CURVE('',#1146,#1158,#1004,.T.);
#1417=EDGE_CURVE('',#1159,#1154,#539,.T.);
#1418=EDGE_CURVE('',#1160,#1159,#1005,.T.);
#1419=EDGE_CURVE('',#1161,#1160,#540,.T.);
#1420=EDGE_CURVE('',#1162,#1161,#1006,.T.);
#1421=EDGE_CURVE('',#1163,#1162,#541,.T.);
#1422=EDGE_CURVE('',#1164,#1163,#542,.T.);
#1423=EDGE_CURVE('',#1165,#1164,#543,.T.);
#1424=EDGE_CURVE('',#1166,#1165,#1007,.T.);
#1425=EDGE_CURVE('',#1167,#1166,#544,.T.);
#1426=EDGE_CURVE('',#1168,#1167,#1008,.T.);
#1427=EDGE_CURVE('',#1169,#1168,#545,.T.);
#1428=EDGE_CURVE('',#1144,#1169,#1009,.T.);
#1429=EDGE_CURVE('',#1149,#1170,#546,.T.);
#1430=EDGE_CURVE('',#1170,#1171,#1010,.T.);
#1431=EDGE_CURVE('',#1171,#1172,#547,.T.);
#1432=EDGE_CURVE('',#1172,#1173,#1011,.T.);
#1433=EDGE_CURVE('',#1173,#1174,#548,.T.);
#1434=EDGE_CURVE('',#1174,#1175,#549,.T.);
#1435=EDGE_CURVE('',#1175,#1176,#1012,.T.);
#1436=EDGE_CURVE('',#1176,#1177,#550,.T.);
#1437=EDGE_CURVE('',#1177,#1178,#1013,.T.);
#1438=EDGE_CURVE('',#1178,#1179,#551,.T.);
#1439=EDGE_CURVE('',#1179,#1180,#552,.T.);
#1440=EDGE_CURVE('',#1181,#1180,#553,.T.);
#1441=EDGE_CURVE('',#1181,#1182,#554,.T.);
#1442=EDGE_CURVE('',#1182,#1183,#555,.T.);
#1443=EDGE_CURVE('',#1183,#1151,#556,.T.);
#1444=EDGE_CURVE('',#1184,#1185,#557,.T.);
#1445=EDGE_CURVE('',#1184,#1186,#558,.T.);
#1446=EDGE_CURVE('',#1186,#1187,#559,.T.);
#1447=EDGE_CURVE('',#1187,#1185,#560,.T.);
#1448=EDGE_CURVE('',#1124,#1183,#561,.T.);
#1449=EDGE_CURVE('',#1125,#1182,#562,.T.);
#1450=EDGE_CURVE('',#1181,#1126,#563,.T.);
#1451=EDGE_CURVE('',#1127,#1180,#564,.T.);
#1452=EDGE_CURVE('',#1179,#1128,#565,.T.);
#1453=EDGE_CURVE('',#1129,#1178,#566,.T.);
#1454=EDGE_CURVE('',#1130,#1177,#567,.T.);
#1455=EDGE_CURVE('',#1131,#1176,#568,.T.);
#1456=EDGE_CURVE('',#1132,#1175,#569,.T.);
#1457=EDGE_CURVE('',#1133,#1174,#570,.T.);
#1458=EDGE_CURVE('',#1134,#1173,#571,.T.);
#1459=EDGE_CURVE('',#1135,#1172,#572,.T.);
#1460=EDGE_CURVE('',#1136,#1171,#573,.T.);
#1461=EDGE_CURVE('',#1137,#1170,#574,.T.);
#1462=EDGE_CURVE('',#1188,#1189,#575,.T.);
#1463=EDGE_CURVE('',#1187,#1188,#576,.T.);
#1464=EDGE_CURVE('',#1189,#1186,#577,.T.);
#1465=EDGE_CURVE('',#1184,#1190,#578,.T.);
#1466=EDGE_CURVE('',#1189,#1190,#579,.T.);
#1467=EDGE_CURVE('',#1190,#1191,#580,.T.);
#1468=EDGE_CURVE('',#1191,#1185,#581,.T.);
#1469=EDGE_CURVE('',#1191,#1188,#582,.T.);
#1470=EDGE_CURVE('',#1192,#1167,#583,.T.);
#1471=EDGE_CURVE('',#1192,#1193,#1014,.T.);
#1472=EDGE_CURVE('',#1193,#1168,#584,.T.);
#1473=EDGE_CURVE('',#1194,#1166,#585,.T.);
#1474=EDGE_CURVE('',#1194,#1192,#586,.T.);
#1475=EDGE_CURVE('',#1195,#1165,#587,.T.);
#1476=EDGE_CURVE('',#1195,#1194,#1015,.T.);
#1477=EDGE_CURVE('',#1196,#1164,#588,.T.);
#1478=EDGE_CURVE('',#1196,#1195,#589,.T.);
#1479=EDGE_CURVE('',#1197,#1163,#590,.T.);
#1480=EDGE_CURVE('',#1197,#1196,#591,.T.);
#1481=EDGE_CURVE('',#1198,#1162,#592,.T.);
#1482=EDGE_CURVE('',#1198,#1197,#593,.T.);
#1483=EDGE_CURVE('',#1199,#1161,#594,.T.);
#1484=EDGE_CURVE('',#1199,#1198,#1016,.T.);
#1485=EDGE_CURVE('',#1200,#1160,#595,.T.);
#1486=EDGE_CURVE('',#1200,#1199,#596,.T.);
#1487=EDGE_CURVE('',#1201,#1202,#1017,.T.);
#1488=EDGE_CURVE('',#1203,#1201,#597,.T.);
#1489=EDGE_CURVE('',#1204,#1203,#1018,.T.);
#1490=EDGE_CURVE('',#1205,#1204,#598,.T.);
#1491=EDGE_CURVE('',#1206,#1205,#1019,.T.);
#1492=EDGE_CURVE('',#1207,#1206,#599,.T.);
#1493=EDGE_CURVE('',#1208,#1207,#1020,.T.);
#1494=EDGE_CURVE('',#1209,#1208,#600,.T.);
#1495=EDGE_CURVE('',#1210,#1209,#1021,.T.);
#1496=EDGE_CURVE('',#1211,#1210,#601,.T.);
#1497=EDGE_CURVE('',#1212,#1211,#1022,.T.);
#1498=EDGE_CURVE('',#1213,#1212,#602,.T.);
#1499=EDGE_CURVE('',#1214,#1213,#1023,.T.);
#1500=EDGE_CURVE('',#1202,#1214,#603,.T.);
#1501=EDGE_CURVE('',#1215,#1145,#1024,.T.);
#1502=EDGE_CURVE('',#1193,#1215,#604,.T.);
#1503=EDGE_CURVE('',#1216,#1200,#1025,.T.);
#1504=EDGE_CURVE('',#1216,#1156,#605,.T.);
#1505=EDGE_CURVE('',#1217,#1218,#606,.T.);
#1506=EDGE_CURVE('',#1219,#1217,#1026,.T.);
#1507=EDGE_CURVE('',#1220,#1219,#607,.T.);
#1508=EDGE_CURVE('',#1221,#1220,#1027,.T.);
#1509=EDGE_CURVE('',#1222,#1221,#608,.T.);
#1510=EDGE_CURVE('',#1223,#1222,#1028,.T.);
#1511=EDGE_CURVE('',#1224,#1223,#609,.T.);
#1512=EDGE_CURVE('',#1218,#1224,#1029,.T.);
#1513=EDGE_CURVE('',#1225,#1226,#610,.T.);
#1514=EDGE_CURVE('',#1226,#1227,#611,.T.);
#1515=EDGE_CURVE('',#1227,#1228,#612,.T.);
#1516=EDGE_CURVE('',#1228,#1225,#613,.T.);
#1517=EDGE_CURVE('',#1225,#1229,#1030,.T.);
#1518=EDGE_CURVE('',#1229,#1230,#614,.T.);
#1519=EDGE_CURVE('',#1230,#1226,#1031,.T.);
#1520=EDGE_CURVE('',#1231,#1232,#615,.T.);
#1521=EDGE_CURVE('',#1232,#1230,#616,.T.);
#1522=EDGE_CURVE('',#1229,#1231,#617,.T.);
#1523=EDGE_CURVE('',#1231,#1233,#1032,.T.);
#1524=EDGE_CURVE('',#1233,#1234,#618,.T.);
#1525=EDGE_CURVE('',#1234,#1232,#1033,.T.);
#1526=EDGE_CURVE('',#1235,#1236,#619,.T.);
#1527=EDGE_CURVE('',#1236,#1234,#620,.T.);
#1528=EDGE_CURVE('',#1233,#1235,#621,.T.);
#1529=EDGE_CURVE('',#1235,#1237,#1034,.T.);
#1530=EDGE_CURVE('',#1237,#1238,#622,.T.);
#1531=EDGE_CURVE('',#1238,#1236,#1035,.T.);
#1532=EDGE_CURVE('',#1239,#1240,#623,.T.);
#1533=EDGE_CURVE('',#1240,#1238,#624,.T.);
#1534=EDGE_CURVE('',#1237,#1239,#625,.T.);
#1535=EDGE_CURVE('',#1239,#1228,#1036,.T.);
#1536=EDGE_CURVE('',#1227,#1240,#1037,.T.);
#1537=EDGE_CURVE('',#1231,#1241,#626,.T.);
#1538=EDGE_CURVE('',#1242,#1241,#1038,.T.);
#1539=EDGE_CURVE('',#1242,#1233,#627,.T.);
#1540=EDGE_CURVE('',#1243,#1229,#628,.T.);
#1541=EDGE_CURVE('',#1241,#1243,#629,.T.);
#1542=EDGE_CURVE('',#1225,#1244,#630,.T.);
#1543=EDGE_CURVE('',#1243,#1244,#1039,.T.);
#1544=EDGE_CURVE('',#1245,#1228,#631,.T.);
#1545=EDGE_CURVE('',#1244,#1245,#632,.T.);
#1546=EDGE_CURVE('',#1246,#1121,#1040,.T.);
#1547=EDGE_CURVE('',#1247,#1246,#633,.T.);
#1548=EDGE_CURVE('',#1248,#1247,#1041,.T.);
#1549=EDGE_CURVE('',#1249,#1248,#634,.T.);
#1550=EDGE_CURVE('',#1250,#1249,#1042,.T.);
#1551=EDGE_CURVE('',#1251,#1250,#635,.T.);
#1552=EDGE_CURVE('',#1252,#1251,#1043,.T.);
#1553=EDGE_CURVE('',#1253,#1252,#636,.T.);
#1554=EDGE_CURVE('',#1254,#1253,#1044,.T.);
#1555=EDGE_CURVE('',#1255,#1254,#637,.T.);
#1556=EDGE_CURVE('',#1256,#1255,#1045,.T.);
#1557=EDGE_CURVE('',#1257,#1256,#638,.T.);
#1558=EDGE_CURVE('',#1142,#1257,#1046,.T.);
#1559=EDGE_CURVE('',#1245,#1217,#639,.T.);
#1560=EDGE_CURVE('',#1218,#1244,#640,.T.);
#1561=EDGE_CURVE('',#1245,#1258,#1047,.T.);
#1562=EDGE_CURVE('',#1258,#1219,#641,.T.);
#1563=EDGE_CURVE('',#1259,#1220,#642,.T.);
#1564=EDGE_CURVE('',#1258,#1259,#643,.T.);
#1565=EDGE_CURVE('',#1259,#1260,#1048,.T.);
#1566=EDGE_CURVE('',#1260,#1221,#644,.T.);
#1567=EDGE_CURVE('',#1242,#1222,#645,.T.);
#1568=EDGE_CURVE('',#1260,#1242,#646,.T.);
#1569=EDGE_CURVE('',#1241,#1223,#647,.T.);
#1570=EDGE_CURVE('',#1243,#1224,#648,.T.);
#1571=EDGE_CURVE('',#1235,#1260,#649,.T.);
#1572=EDGE_CURVE('',#1259,#1237,#650,.T.);
#1573=EDGE_CURVE('',#1239,#1258,#651,.T.);
#1574=EDGE_CURVE('',#1261,#1255,#652,.T.);
#1575=EDGE_CURVE('',#1254,#1262,#653,.T.);
#1576=EDGE_CURVE('',#1262,#1261,#654,.T.);
#1577=EDGE_CURVE('',#1261,#1263,#1049,.T.);
#1578=EDGE_CURVE('',#1263,#1256,#655,.T.);
#1579=EDGE_CURVE('',#1264,#1257,#656,.T.);
#1580=EDGE_CURVE('',#1263,#1264,#657,.T.);
#1581=EDGE_CURVE('',#1264,#1143,#1050,.T.);
#1582=EDGE_CURVE('',#1265,#1246,#658,.T.);
#1583=EDGE_CURVE('',#1120,#1265,#1051,.T.);
#1584=EDGE_CURVE('',#1266,#1247,#659,.T.);
#1585=EDGE_CURVE('',#1265,#1266,#660,.T.);
#1586=EDGE_CURVE('',#1267,#1248,#661,.T.);
#1587=EDGE_CURVE('',#1266,#1267,#1052,.T.);
#1588=EDGE_CURVE('',#1268,#1249,#662,.T.);
#1589=EDGE_CURVE('',#1267,#1268,#663,.T.);
#1590=EDGE_CURVE('',#1268,#1269,#1053,.T.);
#1591=EDGE_CURVE('',#1269,#1250,#664,.T.);
#1592=EDGE_CURVE('',#1270,#1251,#665,.T.);
#1593=EDGE_CURVE('',#1269,#1270,#666,.T.);
#1594=EDGE_CURVE('',#1270,#1271,#1054,.T.);
#1595=EDGE_CURVE('',#1271,#1252,#667,.T.);
#1596=EDGE_CURVE('',#1272,#1253,#668,.T.);
#1597=EDGE_CURVE('',#1271,#1272,#669,.T.);
#1598=EDGE_CURVE('',#1272,#1262,#1055,.T.);
#1599=EDGE_CURVE('',#1273,#1265,#670,.T.);
#1600=EDGE_CURVE('',#1274,#1273,#671,.T.);
#1601=EDGE_CURVE('',#1274,#1266,#672,.T.);
#1602=EDGE_CURVE('',#1275,#1120,#673,.T.);
#1603=EDGE_CURVE('',#1273,#1275,#1056,.T.);
#1604=EDGE_CURVE('',#1276,#1143,#674,.T.);
#1605=EDGE_CURVE('',#1275,#1276,#675,.T.);
#1606=EDGE_CURVE('',#1264,#1277,#676,.T.);
#1607=EDGE_CURVE('',#1276,#1277,#1057,.T.);
#1608=EDGE_CURVE('',#1278,#1263,#677,.T.);
#1609=EDGE_CURVE('',#1277,#1278,#678,.T.);
#1610=EDGE_CURVE('',#1261,#1279,#679,.T.);
#1611=EDGE_CURVE('',#1278,#1279,#1058,.T.);
#1612=EDGE_CURVE('',#1280,#1262,#680,.T.);
#1613=EDGE_CURVE('',#1279,#1280,#681,.T.);
#1614=EDGE_CURVE('',#1210,#1279,#682,.T.);
#1615=EDGE_CURVE('',#1280,#1211,#683,.T.);
#1616=EDGE_CURVE('',#1209,#1278,#684,.T.);
#1617=EDGE_CURVE('',#1208,#1277,#685,.T.);
#1618=EDGE_CURVE('',#1207,#1276,#686,.T.);
#1619=EDGE_CURVE('',#1206,#1275,#687,.T.);
#1620=EDGE_CURVE('',#1205,#1273,#688,.T.);
#1621=EDGE_CURVE('',#1204,#1274,#689,.T.);
#1622=EDGE_CURVE('',#1203,#1281,#690,.T.);
#1623=EDGE_CURVE('',#1281,#1274,#1059,.T.);
#1624=EDGE_CURVE('',#1201,#1282,#691,.T.);
#1625=EDGE_CURVE('',#1282,#1281,#692,.T.);
#1626=EDGE_CURVE('',#1202,#1283,#693,.T.);
#1627=EDGE_CURVE('',#1283,#1282,#1060,.T.);
#1628=EDGE_CURVE('',#1214,#1284,#694,.T.);
#1629=EDGE_CURVE('',#1284,#1283,#695,.T.);
#1630=EDGE_CURVE('',#1213,#1285,#696,.T.);
#1631=EDGE_CURVE('',#1285,#1284,#1061,.T.);
#1632=EDGE_CURVE('',#1212,#1286,#697,.T.);
#1633=EDGE_CURVE('',#1286,#1285,#698,.T.);
#1634=EDGE_CURVE('',#1280,#1286,#1062,.T.);
#1635=EDGE_CURVE('',#1281,#1267,#699,.T.);
#1636=EDGE_CURVE('',#1268,#1282,#700,.T.);
#1637=EDGE_CURVE('',#1283,#1269,#701,.T.);
#1638=EDGE_CURVE('',#1270,#1284,#702,.T.);
#1639=EDGE_CURVE('',#1285,#1271,#703,.T.);
#1640=EDGE_CURVE('',#1286,#1272,#704,.T.);
#1641=EDGE_CURVE('',#1215,#1169,#705,.T.);
#1642=EDGE_CURVE('',#1216,#1159,#706,.T.);
#1643=ORIENTED_EDGE('',*,*,#1287,.F.);
#1644=ORIENTED_EDGE('',*,*,#1288,.T.);
#1645=ORIENTED_EDGE('',*,*,#1288,.F.);
#1646=ORIENTED_EDGE('',*,*,#1289,.F.);
#1647=ORIENTED_EDGE('',*,*,#1290,.T.);
#1648=ORIENTED_EDGE('',*,*,#1287,.T.);
#1649=ORIENTED_EDGE('',*,*,#1290,.F.);
#1650=ORIENTED_EDGE('',*,*,#1291,.F.);
#1651=ORIENTED_EDGE('',*,*,#1292,.T.);
#1652=ORIENTED_EDGE('',*,*,#1292,.F.);
#1653=ORIENTED_EDGE('',*,*,#1293,.F.);
#1654=ORIENTED_EDGE('',*,*,#1294,.T.);
#1655=ORIENTED_EDGE('',*,*,#1291,.T.);
#1656=ORIENTED_EDGE('',*,*,#1294,.F.);
#1657=ORIENTED_EDGE('',*,*,#1295,.F.);
#1658=ORIENTED_EDGE('',*,*,#1296,.T.);
#1659=ORIENTED_EDGE('',*,*,#1296,.F.);
#1660=ORIENTED_EDGE('',*,*,#1297,.F.);
#1661=ORIENTED_EDGE('',*,*,#1298,.T.);
#1662=ORIENTED_EDGE('',*,*,#1295,.T.);
#1663=ORIENTED_EDGE('',*,*,#1298,.F.);
#1664=ORIENTED_EDGE('',*,*,#1299,.F.);
#1665=ORIENTED_EDGE('',*,*,#1300,.T.);
#1666=ORIENTED_EDGE('',*,*,#1300,.F.);
#1667=ORIENTED_EDGE('',*,*,#1301,.F.);
#1668=ORIENTED_EDGE('',*,*,#1302,.T.);
#1669=ORIENTED_EDGE('',*,*,#1299,.T.);
#1670=ORIENTED_EDGE('',*,*,#1302,.F.);
#1671=ORIENTED_EDGE('',*,*,#1303,.F.);
#1672=ORIENTED_EDGE('',*,*,#1304,.T.);
#1673=ORIENTED_EDGE('',*,*,#1304,.F.);
#1674=ORIENTED_EDGE('',*,*,#1305,.F.);
#1675=ORIENTED_EDGE('',*,*,#1306,.T.);
#1676=ORIENTED_EDGE('',*,*,#1303,.T.);
#1677=ORIENTED_EDGE('',*,*,#1306,.F.);
#1678=ORIENTED_EDGE('',*,*,#1307,.F.);
#1679=ORIENTED_EDGE('',*,*,#1308,.T.);
#1680=ORIENTED_EDGE('',*,*,#1308,.F.);
#1681=ORIENTED_EDGE('',*,*,#1309,.F.);
#1682=ORIENTED_EDGE('',*,*,#1310,.T.);
#1683=ORIENTED_EDGE('',*,*,#1307,.T.);
#1684=ORIENTED_EDGE('',*,*,#1310,.F.);
#1685=ORIENTED_EDGE('',*,*,#1311,.F.);
#1686=ORIENTED_EDGE('',*,*,#1312,.T.);
#1687=ORIENTED_EDGE('',*,*,#1312,.F.);
#1688=ORIENTED_EDGE('',*,*,#1313,.F.);
#1689=ORIENTED_EDGE('',*,*,#1314,.T.);
#1690=ORIENTED_EDGE('',*,*,#1311,.T.);
#1691=ORIENTED_EDGE('',*,*,#1314,.F.);
#1692=ORIENTED_EDGE('',*,*,#1315,.F.);
#1693=ORIENTED_EDGE('',*,*,#1316,.T.);
#1694=ORIENTED_EDGE('',*,*,#1316,.F.);
#1695=ORIENTED_EDGE('',*,*,#1317,.F.);
#1696=ORIENTED_EDGE('',*,*,#1318,.T.);
#1697=ORIENTED_EDGE('',*,*,#1315,.T.);
#1698=ORIENTED_EDGE('',*,*,#1318,.F.);
#1699=ORIENTED_EDGE('',*,*,#1319,.F.);
#1700=ORIENTED_EDGE('',*,*,#1320,.T.);
#1701=ORIENTED_EDGE('',*,*,#1320,.F.);
#1702=ORIENTED_EDGE('',*,*,#1321,.F.);
#1703=ORIENTED_EDGE('',*,*,#1322,.T.);
#1704=ORIENTED_EDGE('',*,*,#1319,.T.);
#1705=ORIENTED_EDGE('',*,*,#1322,.F.);
#1706=ORIENTED_EDGE('',*,*,#1323,.F.);
#1707=ORIENTED_EDGE('',*,*,#1324,.T.);
#1708=ORIENTED_EDGE('',*,*,#1324,.F.);
#1709=ORIENTED_EDGE('',*,*,#1325,.F.);
#1710=ORIENTED_EDGE('',*,*,#1326,.T.);
#1711=ORIENTED_EDGE('',*,*,#1323,.T.);
#1712=ORIENTED_EDGE('',*,*,#1326,.F.);
#1713=ORIENTED_EDGE('',*,*,#1327,.F.);
#1714=ORIENTED_EDGE('',*,*,#1328,.T.);
#1715=ORIENTED_EDGE('',*,*,#1328,.F.);
#1716=ORIENTED_EDGE('',*,*,#1329,.F.);
#1717=ORIENTED_EDGE('',*,*,#1330,.T.);
#1718=ORIENTED_EDGE('',*,*,#1327,.T.);
#1719=ORIENTED_EDGE('',*,*,#1330,.F.);
#1720=ORIENTED_EDGE('',*,*,#1331,.F.);
#1721=ORIENTED_EDGE('',*,*,#1332,.T.);
#1722=ORIENTED_EDGE('',*,*,#1333,.T.);
#1723=ORIENTED_EDGE('',*,*,#1334,.T.);
#1724=ORIENTED_EDGE('',*,*,#1334,.F.);
#1725=ORIENTED_EDGE('',*,*,#1335,.T.);
#1726=ORIENTED_EDGE('',*,*,#1336,.F.);
#1727=ORIENTED_EDGE('',*,*,#1337,.F.);
#1728=ORIENTED_EDGE('',*,*,#1338,.T.);
#1729=ORIENTED_EDGE('',*,*,#1339,.T.);
#1730=ORIENTED_EDGE('',*,*,#1340,.T.);
#1731=ORIENTED_EDGE('',*,*,#1341,.T.);
#1732=ORIENTED_EDGE('',*,*,#1340,.F.);
#1733=ORIENTED_EDGE('',*,*,#1342,.T.);
#1734=ORIENTED_EDGE('',*,*,#1343,.T.);
#1735=ORIENTED_EDGE('',*,*,#1344,.T.);
#1736=ORIENTED_EDGE('',*,*,#1345,.T.);
#1737=ORIENTED_EDGE('',*,*,#1346,.T.);
#1738=ORIENTED_EDGE('',*,*,#1343,.F.);
#1739=ORIENTED_EDGE('',*,*,#1347,.T.);
#1740=ORIENTED_EDGE('',*,*,#1345,.F.);
#1741=ORIENTED_EDGE('',*,*,#1348,.T.);
#1742=ORIENTED_EDGE('',*,*,#1349,.T.);
#1743=ORIENTED_EDGE('',*,*,#1350,.T.);
#1744=ORIENTED_EDGE('',*,*,#1351,.T.);
#1745=ORIENTED_EDGE('',*,*,#1352,.T.);
#1746=ORIENTED_EDGE('',*,*,#1349,.F.);
#1747=ORIENTED_EDGE('',*,*,#1353,.T.);
#1748=ORIENTED_EDGE('',*,*,#1353,.F.);
#1749=ORIENTED_EDGE('',*,*,#1354,.F.);
#1750=ORIENTED_EDGE('',*,*,#1355,.F.);
#1751=ORIENTED_EDGE('',*,*,#1356,.T.);
#1752=ORIENTED_EDGE('',*,*,#1331,.T.);
#1753=ORIENTED_EDGE('',*,*,#1337,.T.);
#1754=ORIENTED_EDGE('',*,*,#1357,.F.);
#1755=ORIENTED_EDGE('',*,*,#1348,.F.);
#1756=ORIENTED_EDGE('',*,*,#1358,.T.);
#1757=ORIENTED_EDGE('',*,*,#1359,.T.);
#1758=ORIENTED_EDGE('',*,*,#1354,.T.);
#1759=ORIENTED_EDGE('',*,*,#1347,.F.);
#1760=ORIENTED_EDGE('',*,*,#1360,.F.);
#1761=ORIENTED_EDGE('',*,*,#1361,.F.);
#1762=ORIENTED_EDGE('',*,*,#1358,.F.);
#1763=ORIENTED_EDGE('',*,*,#1342,.F.);
#1764=ORIENTED_EDGE('',*,*,#1362,.T.);
#1765=ORIENTED_EDGE('',*,*,#1363,.T.);
#1766=ORIENTED_EDGE('',*,*,#1360,.T.);
#1767=ORIENTED_EDGE('',*,*,#1339,.F.);
#1768=ORIENTED_EDGE('',*,*,#1364,.F.);
#1769=ORIENTED_EDGE('',*,*,#1335,.F.);
#1770=ORIENTED_EDGE('',*,*,#1333,.F.);
#1771=ORIENTED_EDGE('',*,*,#1365,.T.);
#1772=ORIENTED_EDGE('',*,*,#1366,.F.);
#1773=ORIENTED_EDGE('',*,*,#1362,.F.);
#1774=ORIENTED_EDGE('',*,*,#1338,.F.);
#1775=ORIENTED_EDGE('',*,*,#1367,.T.);
#1776=ORIENTED_EDGE('',*,*,#1368,.T.);
#1777=ORIENTED_EDGE('',*,*,#1369,.T.);
#1778=ORIENTED_EDGE('',*,*,#1356,.F.);
#1779=ORIENTED_EDGE('',*,*,#1370,.F.);
#1780=ORIENTED_EDGE('',*,*,#1371,.F.);
#1781=ORIENTED_EDGE('',*,*,#1372,.T.);
#1782=ORIENTED_EDGE('',*,*,#1373,.T.);
#1783=ORIENTED_EDGE('',*,*,#1374,.T.);
#1784=ORIENTED_EDGE('',*,*,#1375,.T.);
#1785=ORIENTED_EDGE('',*,*,#1376,.T.);
#1786=ORIENTED_EDGE('',*,*,#1377,.T.);
#1787=ORIENTED_EDGE('',*,*,#1378,.T.);
#1788=ORIENTED_EDGE('',*,*,#1379,.T.);
#1789=ORIENTED_EDGE('',*,*,#1380,.T.);
#1790=ORIENTED_EDGE('',*,*,#1381,.T.);
#1791=ORIENTED_EDGE('',*,*,#1382,.T.);
#1792=ORIENTED_EDGE('',*,*,#1383,.T.);
#1793=ORIENTED_EDGE('',*,*,#1384,.T.);
#1794=ORIENTED_EDGE('',*,*,#1385,.T.);
#1795=ORIENTED_EDGE('',*,*,#1386,.T.);
#1796=ORIENTED_EDGE('',*,*,#1387,.F.);
#1797=ORIENTED_EDGE('',*,*,#1388,.F.);
#1798=ORIENTED_EDGE('',*,*,#1389,.F.);
#1799=ORIENTED_EDGE('',*,*,#1390,.F.);
#1800=ORIENTED_EDGE('',*,*,#1365,.F.);
#1801=ORIENTED_EDGE('',*,*,#1332,.F.);
#1802=ORIENTED_EDGE('',*,*,#1351,.F.);
#1803=ORIENTED_EDGE('',*,*,#1391,.T.);
#1804=ORIENTED_EDGE('',*,*,#1392,.F.);
#1805=ORIENTED_EDGE('',*,*,#1393,.T.);
#1806=ORIENTED_EDGE('',*,*,#1355,.T.);
#1807=ORIENTED_EDGE('',*,*,#1359,.F.);
#1808=ORIENTED_EDGE('',*,*,#1361,.T.);
#1809=ORIENTED_EDGE('',*,*,#1363,.F.);
#1810=ORIENTED_EDGE('',*,*,#1366,.T.);
#1811=ORIENTED_EDGE('',*,*,#1390,.T.);
#1812=ORIENTED_EDGE('',*,*,#1394,.F.);
#1813=ORIENTED_EDGE('',*,*,#1395,.F.);
#1814=ORIENTED_EDGE('',*,*,#1396,.T.);
#1815=ORIENTED_EDGE('',*,*,#1397,.F.);
#1816=ORIENTED_EDGE('',*,*,#1398,.T.);
#1817=ORIENTED_EDGE('',*,*,#1399,.T.);
#1818=ORIENTED_EDGE('',*,*,#1370,.T.);
#1819=ORIENTED_EDGE('',*,*,#1400,.T.);
#1820=ORIENTED_EDGE('',*,*,#1401,.F.);
#1821=ORIENTED_EDGE('',*,*,#1402,.T.);
#1822=ORIENTED_EDGE('',*,*,#1387,.T.);
#1823=ORIENTED_EDGE('',*,*,#1403,.T.);
#1824=ORIENTED_EDGE('',*,*,#1371,.T.);
#1825=ORIENTED_EDGE('',*,*,#1399,.F.);
#1826=ORIENTED_EDGE('',*,*,#1404,.F.);
#1827=ORIENTED_EDGE('',*,*,#1405,.F.);
#1828=ORIENTED_EDGE('',*,*,#1406,.T.);
#1829=ORIENTED_EDGE('',*,*,#1388,.T.);
#1830=ORIENTED_EDGE('',*,*,#1402,.F.);
#1831=ORIENTED_EDGE('',*,*,#1407,.F.);
#1832=ORIENTED_EDGE('',*,*,#1394,.T.);
#1833=ORIENTED_EDGE('',*,*,#1389,.T.);
#1834=ORIENTED_EDGE('',*,*,#1406,.F.);
#1835=ORIENTED_EDGE('',*,*,#1408,.F.);
#1836=ORIENTED_EDGE('',*,*,#1409,.T.);
#1837=ORIENTED_EDGE('',*,*,#1410,.T.);
#1838=ORIENTED_EDGE('',*,*,#1411,.T.);
#1839=ORIENTED_EDGE('',*,*,#1409,.F.);
#1840=ORIENTED_EDGE('',*,*,#1412,.T.);
#1841=ORIENTED_EDGE('',*,*,#1413,.F.);
#1842=ORIENTED_EDGE('',*,*,#1414,.F.);
#1843=ORIENTED_EDGE('',*,*,#1415,.F.);
#1844=ORIENTED_EDGE('',*,*,#1397,.T.);
#1845=ORIENTED_EDGE('',*,*,#1416,.T.);
#1846=ORIENTED_EDGE('',*,*,#1413,.T.);
#1847=ORIENTED_EDGE('',*,*,#1404,.T.);
#1848=ORIENTED_EDGE('',*,*,#1398,.F.);
#1849=ORIENTED_EDGE('',*,*,#1415,.T.);
#1850=ORIENTED_EDGE('',*,*,#1412,.F.);
#1851=ORIENTED_EDGE('',*,*,#1408,.T.);
#1852=ORIENTED_EDGE('',*,*,#1417,.F.);
#1853=ORIENTED_EDGE('',*,*,#1418,.F.);
#1854=ORIENTED_EDGE('',*,*,#1419,.F.);
#1855=ORIENTED_EDGE('',*,*,#1420,.F.);
#1856=ORIENTED_EDGE('',*,*,#1421,.F.);
#1857=ORIENTED_EDGE('',*,*,#1422,.F.);
#1858=ORIENTED_EDGE('',*,*,#1423,.F.);
#1859=ORIENTED_EDGE('',*,*,#1424,.F.);
#1860=ORIENTED_EDGE('',*,*,#1425,.F.);
#1861=ORIENTED_EDGE('',*,*,#1426,.F.);
#1862=ORIENTED_EDGE('',*,*,#1427,.F.);
#1863=ORIENTED_EDGE('',*,*,#1428,.F.);
#1864=ORIENTED_EDGE('',*,*,#1407,.T.);
#1865=ORIENTED_EDGE('',*,*,#1405,.T.);
#1866=ORIENTED_EDGE('',*,*,#1401,.T.);
#1867=ORIENTED_EDGE('',*,*,#1429,.T.);
#1868=ORIENTED_EDGE('',*,*,#1430,.T.);
#1869=ORIENTED_EDGE('',*,*,#1431,.T.);
#1870=ORIENTED_EDGE('',*,*,#1432,.T.);
#1871=ORIENTED_EDGE('',*,*,#1433,.T.);
#1872=ORIENTED_EDGE('',*,*,#1434,.T.);
#1873=ORIENTED_EDGE('',*,*,#1435,.T.);
#1874=ORIENTED_EDGE('',*,*,#1436,.T.);
#1875=ORIENTED_EDGE('',*,*,#1437,.T.);
#1876=ORIENTED_EDGE('',*,*,#1438,.T.);
#1877=ORIENTED_EDGE('',*,*,#1439,.T.);
#1878=ORIENTED_EDGE('',*,*,#1440,.F.);
#1879=ORIENTED_EDGE('',*,*,#1441,.T.);
#1880=ORIENTED_EDGE('',*,*,#1442,.T.);
#1881=ORIENTED_EDGE('',*,*,#1443,.T.);
#1882=ORIENTED_EDGE('',*,*,#1444,.F.);
#1883=ORIENTED_EDGE('',*,*,#1445,.T.);
#1884=ORIENTED_EDGE('',*,*,#1446,.T.);
#1885=ORIENTED_EDGE('',*,*,#1447,.T.);
#1886=ORIENTED_EDGE('',*,*,#1329,.T.);
#1887=ORIENTED_EDGE('',*,*,#1325,.T.);
#1888=ORIENTED_EDGE('',*,*,#1321,.T.);
#1889=ORIENTED_EDGE('',*,*,#1317,.T.);
#1890=ORIENTED_EDGE('',*,*,#1313,.T.);
#1891=ORIENTED_EDGE('',*,*,#1309,.T.);
#1892=ORIENTED_EDGE('',*,*,#1305,.T.);
#1893=ORIENTED_EDGE('',*,*,#1301,.T.);
#1894=ORIENTED_EDGE('',*,*,#1297,.T.);
#1895=ORIENTED_EDGE('',*,*,#1293,.T.);
#1896=ORIENTED_EDGE('',*,*,#1289,.T.);
#1897=ORIENTED_EDGE('',*,*,#1372,.F.);
#1898=ORIENTED_EDGE('',*,*,#1403,.F.);
#1899=ORIENTED_EDGE('',*,*,#1443,.F.);
#1900=ORIENTED_EDGE('',*,*,#1448,.F.);
#1901=ORIENTED_EDGE('',*,*,#1448,.T.);
#1902=ORIENTED_EDGE('',*,*,#1442,.F.);
#1903=ORIENTED_EDGE('',*,*,#1449,.F.);
#1904=ORIENTED_EDGE('',*,*,#1373,.F.);
#1905=ORIENTED_EDGE('',*,*,#1450,.T.);
#1906=ORIENTED_EDGE('',*,*,#1374,.F.);
#1907=ORIENTED_EDGE('',*,*,#1449,.T.);
#1908=ORIENTED_EDGE('',*,*,#1441,.F.);
#1909=ORIENTED_EDGE('',*,*,#1375,.F.);
#1910=ORIENTED_EDGE('',*,*,#1450,.F.);
#1911=ORIENTED_EDGE('',*,*,#1440,.T.);
#1912=ORIENTED_EDGE('',*,*,#1451,.F.);
#1913=ORIENTED_EDGE('',*,*,#1451,.T.);
#1914=ORIENTED_EDGE('',*,*,#1439,.F.);
#1915=ORIENTED_EDGE('',*,*,#1452,.T.);
#1916=ORIENTED_EDGE('',*,*,#1376,.F.);
#1917=ORIENTED_EDGE('',*,*,#1377,.F.);
#1918=ORIENTED_EDGE('',*,*,#1452,.F.);
#1919=ORIENTED_EDGE('',*,*,#1438,.F.);
#1920=ORIENTED_EDGE('',*,*,#1453,.F.);
#1921=ORIENTED_EDGE('',*,*,#1378,.F.);
#1922=ORIENTED_EDGE('',*,*,#1453,.T.);
#1923=ORIENTED_EDGE('',*,*,#1437,.F.);
#1924=ORIENTED_EDGE('',*,*,#1454,.F.);
#1925=ORIENTED_EDGE('',*,*,#1379,.F.);
#1926=ORIENTED_EDGE('',*,*,#1454,.T.);
#1927=ORIENTED_EDGE('',*,*,#1436,.F.);
#1928=ORIENTED_EDGE('',*,*,#1455,.F.);
#1929=ORIENTED_EDGE('',*,*,#1380,.F.);
#1930=ORIENTED_EDGE('',*,*,#1455,.T.);
#1931=ORIENTED_EDGE('',*,*,#1435,.F.);
#1932=ORIENTED_EDGE('',*,*,#1456,.F.);
#1933=ORIENTED_EDGE('',*,*,#1381,.F.);
#1934=ORIENTED_EDGE('',*,*,#1456,.T.);
#1935=ORIENTED_EDGE('',*,*,#1434,.F.);
#1936=ORIENTED_EDGE('',*,*,#1457,.F.);
#1937=ORIENTED_EDGE('',*,*,#1382,.F.);
#1938=ORIENTED_EDGE('',*,*,#1457,.T.);
#1939=ORIENTED_EDGE('',*,*,#1433,.F.);
#1940=ORIENTED_EDGE('',*,*,#1458,.F.);
#1941=ORIENTED_EDGE('',*,*,#1383,.F.);
#1942=ORIENTED_EDGE('',*,*,#1458,.T.);
#1943=ORIENTED_EDGE('',*,*,#1432,.F.);
#1944=ORIENTED_EDGE('',*,*,#1459,.F.);
#1945=ORIENTED_EDGE('',*,*,#1384,.F.);
#1946=ORIENTED_EDGE('',*,*,#1459,.T.);
#1947=ORIENTED_EDGE('',*,*,#1431,.F.);
#1948=ORIENTED_EDGE('',*,*,#1460,.F.);
#1949=ORIENTED_EDGE('',*,*,#1385,.F.);
#1950=ORIENTED_EDGE('',*,*,#1460,.T.);
#1951=ORIENTED_EDGE('',*,*,#1430,.F.);
#1952=ORIENTED_EDGE('',*,*,#1461,.F.);
#1953=ORIENTED_EDGE('',*,*,#1386,.F.);
#1954=ORIENTED_EDGE('',*,*,#1461,.T.);
#1955=ORIENTED_EDGE('',*,*,#1429,.F.);
#1956=ORIENTED_EDGE('',*,*,#1400,.F.);
#1957=ORIENTED_EDGE('',*,*,#1462,.F.);
#1958=ORIENTED_EDGE('',*,*,#1463,.F.);
#1959=ORIENTED_EDGE('',*,*,#1446,.F.);
#1960=ORIENTED_EDGE('',*,*,#1464,.F.);
#1961=ORIENTED_EDGE('',*,*,#1465,.T.);
#1962=ORIENTED_EDGE('',*,*,#1466,.F.);
#1963=ORIENTED_EDGE('',*,*,#1464,.T.);
#1964=ORIENTED_EDGE('',*,*,#1445,.F.);
#1965=ORIENTED_EDGE('',*,*,#1467,.F.);
#1966=ORIENTED_EDGE('',*,*,#1465,.F.);
#1967=ORIENTED_EDGE('',*,*,#1444,.T.);
#1968=ORIENTED_EDGE('',*,*,#1468,.F.);
#1969=ORIENTED_EDGE('',*,*,#1468,.T.);
#1970=ORIENTED_EDGE('',*,*,#1447,.F.);
#1971=ORIENTED_EDGE('',*,*,#1463,.T.);
#1972=ORIENTED_EDGE('',*,*,#1469,.F.);
#1973=ORIENTED_EDGE('',*,*,#1426,.T.);
#1974=ORIENTED_EDGE('',*,*,#1470,.F.);
#1975=ORIENTED_EDGE('',*,*,#1471,.T.);
#1976=ORIENTED_EDGE('',*,*,#1472,.T.);
#1977=ORIENTED_EDGE('',*,*,#1425,.T.);
#1978=ORIENTED_EDGE('',*,*,#1473,.F.);
#1979=ORIENTED_EDGE('',*,*,#1474,.T.);
#1980=ORIENTED_EDGE('',*,*,#1470,.T.);
#1981=ORIENTED_EDGE('',*,*,#1424,.T.);
#1982=ORIENTED_EDGE('',*,*,#1475,.F.);
#1983=ORIENTED_EDGE('',*,*,#1476,.T.);
#1984=ORIENTED_EDGE('',*,*,#1473,.T.);
#1985=ORIENTED_EDGE('',*,*,#1423,.T.);
#1986=ORIENTED_EDGE('',*,*,#1477,.F.);
#1987=ORIENTED_EDGE('',*,*,#1478,.T.);
#1988=ORIENTED_EDGE('',*,*,#1475,.T.);
#1989=ORIENTED_EDGE('',*,*,#1422,.T.);
#1990=ORIENTED_EDGE('',*,*,#1479,.F.);
#1991=ORIENTED_EDGE('',*,*,#1480,.T.);
#1992=ORIENTED_EDGE('',*,*,#1477,.T.);
#1993=ORIENTED_EDGE('',*,*,#1421,.T.);
#1994=ORIENTED_EDGE('',*,*,#1481,.F.);
#1995=ORIENTED_EDGE('',*,*,#1482,.T.);
#1996=ORIENTED_EDGE('',*,*,#1479,.T.);
#1997=ORIENTED_EDGE('',*,*,#1420,.T.);
#1998=ORIENTED_EDGE('',*,*,#1483,.F.);
#1999=ORIENTED_EDGE('',*,*,#1484,.T.);
#2000=ORIENTED_EDGE('',*,*,#1481,.T.);
#2001=ORIENTED_EDGE('',*,*,#1419,.T.);
#2002=ORIENTED_EDGE('',*,*,#1485,.F.);
#2003=ORIENTED_EDGE('',*,*,#1486,.T.);
#2004=ORIENTED_EDGE('',*,*,#1483,.T.);
#2005=ORIENTED_EDGE('',*,*,#1467,.T.);
#2006=ORIENTED_EDGE('',*,*,#1469,.T.);
#2007=ORIENTED_EDGE('',*,*,#1462,.T.);
#2008=ORIENTED_EDGE('',*,*,#1466,.T.);
#2009=ORIENTED_EDGE('',*,*,#1487,.F.);
#2010=ORIENTED_EDGE('',*,*,#1488,.F.);
#2011=ORIENTED_EDGE('',*,*,#1489,.F.);
#2012=ORIENTED_EDGE('',*,*,#1490,.F.);
#2013=ORIENTED_EDGE('',*,*,#1491,.F.);
#2014=ORIENTED_EDGE('',*,*,#1492,.F.);
#2015=ORIENTED_EDGE('',*,*,#1493,.F.);
#2016=ORIENTED_EDGE('',*,*,#1494,.F.);
#2017=ORIENTED_EDGE('',*,*,#1495,.F.);
#2018=ORIENTED_EDGE('',*,*,#1496,.F.);
#2019=ORIENTED_EDGE('',*,*,#1497,.F.);
#2020=ORIENTED_EDGE('',*,*,#1498,.F.);
#2021=ORIENTED_EDGE('',*,*,#1499,.F.);
#2022=ORIENTED_EDGE('',*,*,#1500,.F.);
#2023=ORIENTED_EDGE('',*,*,#1396,.F.);
#2024=ORIENTED_EDGE('',*,*,#1501,.F.);
#2025=ORIENTED_EDGE('',*,*,#1502,.F.);
#2026=ORIENTED_EDGE('',*,*,#1471,.F.);
#2027=ORIENTED_EDGE('',*,*,#1474,.F.);
#2028=ORIENTED_EDGE('',*,*,#1476,.F.);
#2029=ORIENTED_EDGE('',*,*,#1478,.F.);
#2030=ORIENTED_EDGE('',*,*,#1480,.F.);
#2031=ORIENTED_EDGE('',*,*,#1482,.F.);
#2032=ORIENTED_EDGE('',*,*,#1484,.F.);
#2033=ORIENTED_EDGE('',*,*,#1486,.F.);
#2034=ORIENTED_EDGE('',*,*,#1503,.F.);
#2035=ORIENTED_EDGE('',*,*,#1504,.T.);
#2036=ORIENTED_EDGE('',*,*,#1410,.F.);
#2037=ORIENTED_EDGE('',*,*,#1414,.T.);
#2038=ORIENTED_EDGE('',*,*,#1416,.F.);
#2039=ORIENTED_EDGE('',*,*,#1505,.F.);
#2040=ORIENTED_EDGE('',*,*,#1506,.F.);
#2041=ORIENTED_EDGE('',*,*,#1507,.F.);
#2042=ORIENTED_EDGE('',*,*,#1508,.F.);
#2043=ORIENTED_EDGE('',*,*,#1509,.F.);
#2044=ORIENTED_EDGE('',*,*,#1510,.F.);
#2045=ORIENTED_EDGE('',*,*,#1511,.F.);
#2046=ORIENTED_EDGE('',*,*,#1512,.F.);
#2047=ORIENTED_EDGE('',*,*,#1513,.T.);
#2048=ORIENTED_EDGE('',*,*,#1514,.T.);
#2049=ORIENTED_EDGE('',*,*,#1515,.T.);
#2050=ORIENTED_EDGE('',*,*,#1516,.T.);
#2051=ORIENTED_EDGE('',*,*,#1513,.F.);
#2052=ORIENTED_EDGE('',*,*,#1517,.T.);
#2053=ORIENTED_EDGE('',*,*,#1518,.T.);
#2054=ORIENTED_EDGE('',*,*,#1519,.T.);
#2055=ORIENTED_EDGE('',*,*,#1520,.T.);
#2056=ORIENTED_EDGE('',*,*,#1521,.T.);
#2057=ORIENTED_EDGE('',*,*,#1518,.F.);
#2058=ORIENTED_EDGE('',*,*,#1522,.T.);
#2059=ORIENTED_EDGE('',*,*,#1520,.F.);
#2060=ORIENTED_EDGE('',*,*,#1523,.T.);
#2061=ORIENTED_EDGE('',*,*,#1524,.T.);
#2062=ORIENTED_EDGE('',*,*,#1525,.T.);
#2063=ORIENTED_EDGE('',*,*,#1526,.T.);
#2064=ORIENTED_EDGE('',*,*,#1527,.T.);
#2065=ORIENTED_EDGE('',*,*,#1524,.F.);
#2066=ORIENTED_EDGE('',*,*,#1528,.T.);
#2067=ORIENTED_EDGE('',*,*,#1526,.F.);
#2068=ORIENTED_EDGE('',*,*,#1529,.T.);
#2069=ORIENTED_EDGE('',*,*,#1530,.T.);
#2070=ORIENTED_EDGE('',*,*,#1531,.T.);
#2071=ORIENTED_EDGE('',*,*,#1532,.T.);
#2072=ORIENTED_EDGE('',*,*,#1533,.T.);
#2073=ORIENTED_EDGE('',*,*,#1530,.F.);
#2074=ORIENTED_EDGE('',*,*,#1534,.T.);
#2075=ORIENTED_EDGE('',*,*,#1532,.F.);
#2076=ORIENTED_EDGE('',*,*,#1535,.T.);
#2077=ORIENTED_EDGE('',*,*,#1515,.F.);
#2078=ORIENTED_EDGE('',*,*,#1536,.T.);
#2079=ORIENTED_EDGE('',*,*,#1523,.F.);
#2080=ORIENTED_EDGE('',*,*,#1537,.T.);
#2081=ORIENTED_EDGE('',*,*,#1538,.F.);
#2082=ORIENTED_EDGE('',*,*,#1539,.T.);
#2083=ORIENTED_EDGE('',*,*,#1522,.F.);
#2084=ORIENTED_EDGE('',*,*,#1540,.F.);
#2085=ORIENTED_EDGE('',*,*,#1541,.F.);
#2086=ORIENTED_EDGE('',*,*,#1537,.F.);
#2087=ORIENTED_EDGE('',*,*,#1517,.F.);
#2088=ORIENTED_EDGE('',*,*,#1542,.T.);
#2089=ORIENTED_EDGE('',*,*,#1543,.F.);
#2090=ORIENTED_EDGE('',*,*,#1540,.T.);
#2091=ORIENTED_EDGE('',*,*,#1516,.F.);
#2092=ORIENTED_EDGE('',*,*,#1544,.F.);
#2093=ORIENTED_EDGE('',*,*,#1545,.F.);
#2094=ORIENTED_EDGE('',*,*,#1542,.F.);
#2095=ORIENTED_EDGE('',*,*,#1364,.T.);
#2096=ORIENTED_EDGE('',*,*,#1369,.F.);
#2097=ORIENTED_EDGE('',*,*,#1546,.F.);
#2098=ORIENTED_EDGE('',*,*,#1547,.F.);
#2099=ORIENTED_EDGE('',*,*,#1548,.F.);
#2100=ORIENTED_EDGE('',*,*,#1549,.F.);
#2101=ORIENTED_EDGE('',*,*,#1550,.F.);
#2102=ORIENTED_EDGE('',*,*,#1551,.F.);
#2103=ORIENTED_EDGE('',*,*,#1552,.F.);
#2104=ORIENTED_EDGE('',*,*,#1553,.F.);
#2105=ORIENTED_EDGE('',*,*,#1554,.F.);
#2106=ORIENTED_EDGE('',*,*,#1555,.F.);
#2107=ORIENTED_EDGE('',*,*,#1556,.F.);
#2108=ORIENTED_EDGE('',*,*,#1557,.F.);
#2109=ORIENTED_EDGE('',*,*,#1558,.F.);
#2110=ORIENTED_EDGE('',*,*,#1391,.F.);
#2111=ORIENTED_EDGE('',*,*,#1357,.T.);
#2112=ORIENTED_EDGE('',*,*,#1336,.T.);
#2113=ORIENTED_EDGE('',*,*,#1514,.F.);
#2114=ORIENTED_EDGE('',*,*,#1519,.F.);
#2115=ORIENTED_EDGE('',*,*,#1521,.F.);
#2116=ORIENTED_EDGE('',*,*,#1525,.F.);
#2117=ORIENTED_EDGE('',*,*,#1527,.F.);
#2118=ORIENTED_EDGE('',*,*,#1531,.F.);
#2119=ORIENTED_EDGE('',*,*,#1533,.F.);
#2120=ORIENTED_EDGE('',*,*,#1536,.F.);
#2121=ORIENTED_EDGE('',*,*,#1559,.T.);
#2122=ORIENTED_EDGE('',*,*,#1505,.T.);
#2123=ORIENTED_EDGE('',*,*,#1560,.T.);
#2124=ORIENTED_EDGE('',*,*,#1545,.T.);
#2125=ORIENTED_EDGE('',*,*,#1559,.F.);
#2126=ORIENTED_EDGE('',*,*,#1561,.T.);
#2127=ORIENTED_EDGE('',*,*,#1562,.T.);
#2128=ORIENTED_EDGE('',*,*,#1506,.T.);
#2129=ORIENTED_EDGE('',*,*,#1563,.T.);
#2130=ORIENTED_EDGE('',*,*,#1507,.T.);
#2131=ORIENTED_EDGE('',*,*,#1562,.F.);
#2132=ORIENTED_EDGE('',*,*,#1564,.T.);
#2133=ORIENTED_EDGE('',*,*,#1563,.F.);
#2134=ORIENTED_EDGE('',*,*,#1565,.T.);
#2135=ORIENTED_EDGE('',*,*,#1566,.T.);
#2136=ORIENTED_EDGE('',*,*,#1508,.T.);
#2137=ORIENTED_EDGE('',*,*,#1567,.T.);
#2138=ORIENTED_EDGE('',*,*,#1509,.T.);
#2139=ORIENTED_EDGE('',*,*,#1566,.F.);
#2140=ORIENTED_EDGE('',*,*,#1568,.T.);
#2141=ORIENTED_EDGE('',*,*,#1567,.F.);
#2142=ORIENTED_EDGE('',*,*,#1538,.T.);
#2143=ORIENTED_EDGE('',*,*,#1569,.T.);
#2144=ORIENTED_EDGE('',*,*,#1510,.T.);
#2145=ORIENTED_EDGE('',*,*,#1570,.T.);
#2146=ORIENTED_EDGE('',*,*,#1511,.T.);
#2147=ORIENTED_EDGE('',*,*,#1569,.F.);
#2148=ORIENTED_EDGE('',*,*,#1541,.T.);
#2149=ORIENTED_EDGE('',*,*,#1570,.F.);
#2150=ORIENTED_EDGE('',*,*,#1543,.T.);
#2151=ORIENTED_EDGE('',*,*,#1560,.F.);
#2152=ORIENTED_EDGE('',*,*,#1512,.T.);
#2153=ORIENTED_EDGE('',*,*,#1529,.F.);
#2154=ORIENTED_EDGE('',*,*,#1571,.T.);
#2155=ORIENTED_EDGE('',*,*,#1565,.F.);
#2156=ORIENTED_EDGE('',*,*,#1572,.T.);
#2157=ORIENTED_EDGE('',*,*,#1534,.F.);
#2158=ORIENTED_EDGE('',*,*,#1572,.F.);
#2159=ORIENTED_EDGE('',*,*,#1564,.F.);
#2160=ORIENTED_EDGE('',*,*,#1573,.F.);
#2161=ORIENTED_EDGE('',*,*,#1535,.F.);
#2162=ORIENTED_EDGE('',*,*,#1573,.T.);
#2163=ORIENTED_EDGE('',*,*,#1561,.F.);
#2164=ORIENTED_EDGE('',*,*,#1544,.T.);
#2165=ORIENTED_EDGE('',*,*,#1528,.F.);
#2166=ORIENTED_EDGE('',*,*,#1539,.F.);
#2167=ORIENTED_EDGE('',*,*,#1568,.F.);
#2168=ORIENTED_EDGE('',*,*,#1571,.F.);
#2169=ORIENTED_EDGE('',*,*,#1574,.T.);
#2170=ORIENTED_EDGE('',*,*,#1555,.T.);
#2171=ORIENTED_EDGE('',*,*,#1575,.T.);
#2172=ORIENTED_EDGE('',*,*,#1576,.T.);
#2173=ORIENTED_EDGE('',*,*,#1574,.F.);
#2174=ORIENTED_EDGE('',*,*,#1577,.T.);
#2175=ORIENTED_EDGE('',*,*,#1578,.T.);
#2176=ORIENTED_EDGE('',*,*,#1556,.T.);
#2177=ORIENTED_EDGE('',*,*,#1579,.T.);
#2178=ORIENTED_EDGE('',*,*,#1557,.T.);
#2179=ORIENTED_EDGE('',*,*,#1578,.F.);
#2180=ORIENTED_EDGE('',*,*,#1580,.T.);
#2181=ORIENTED_EDGE('',*,*,#1579,.F.);
#2182=ORIENTED_EDGE('',*,*,#1581,.T.);
#2183=ORIENTED_EDGE('',*,*,#1392,.T.);
#2184=ORIENTED_EDGE('',*,*,#1558,.T.);
#2185=ORIENTED_EDGE('',*,*,#1582,.T.);
#2186=ORIENTED_EDGE('',*,*,#1546,.T.);
#2187=ORIENTED_EDGE('',*,*,#1368,.F.);
#2188=ORIENTED_EDGE('',*,*,#1583,.T.);
#2189=ORIENTED_EDGE('',*,*,#1584,.T.);
#2190=ORIENTED_EDGE('',*,*,#1547,.T.);
#2191=ORIENTED_EDGE('',*,*,#1582,.F.);
#2192=ORIENTED_EDGE('',*,*,#1585,.T.);
#2193=ORIENTED_EDGE('',*,*,#1586,.T.);
#2194=ORIENTED_EDGE('',*,*,#1548,.T.);
#2195=ORIENTED_EDGE('',*,*,#1584,.F.);
#2196=ORIENTED_EDGE('',*,*,#1587,.T.);
#2197=ORIENTED_EDGE('',*,*,#1588,.T.);
#2198=ORIENTED_EDGE('',*,*,#1549,.T.);
#2199=ORIENTED_EDGE('',*,*,#1586,.F.);
#2200=ORIENTED_EDGE('',*,*,#1589,.T.);
#2201=ORIENTED_EDGE('',*,*,#1588,.F.);
#2202=ORIENTED_EDGE('',*,*,#1590,.T.);
#2203=ORIENTED_EDGE('',*,*,#1591,.T.);
#2204=ORIENTED_EDGE('',*,*,#1550,.T.);
#2205=ORIENTED_EDGE('',*,*,#1592,.T.);
#2206=ORIENTED_EDGE('',*,*,#1551,.T.);
#2207=ORIENTED_EDGE('',*,*,#1591,.F.);
#2208=ORIENTED_EDGE('',*,*,#1593,.T.);
#2209=ORIENTED_EDGE('',*,*,#1592,.F.);
#2210=ORIENTED_EDGE('',*,*,#1594,.T.);
#2211=ORIENTED_EDGE('',*,*,#1595,.T.);
#2212=ORIENTED_EDGE('',*,*,#1552,.T.);
#2213=ORIENTED_EDGE('',*,*,#1596,.T.);
#2214=ORIENTED_EDGE('',*,*,#1553,.T.);
#2215=ORIENTED_EDGE('',*,*,#1595,.F.);
#2216=ORIENTED_EDGE('',*,*,#1597,.T.);
#2217=ORIENTED_EDGE('',*,*,#1575,.F.);
#2218=ORIENTED_EDGE('',*,*,#1554,.T.);
#2219=ORIENTED_EDGE('',*,*,#1596,.F.);
#2220=ORIENTED_EDGE('',*,*,#1598,.T.);
#2221=ORIENTED_EDGE('',*,*,#1585,.F.);
#2222=ORIENTED_EDGE('',*,*,#1599,.F.);
#2223=ORIENTED_EDGE('',*,*,#1600,.F.);
#2224=ORIENTED_EDGE('',*,*,#1601,.T.);
#2225=ORIENTED_EDGE('',*,*,#1583,.F.);
#2226=ORIENTED_EDGE('',*,*,#1602,.F.);
#2227=ORIENTED_EDGE('',*,*,#1603,.F.);
#2228=ORIENTED_EDGE('',*,*,#1599,.T.);
#2229=ORIENTED_EDGE('',*,*,#1352,.F.);
#2230=ORIENTED_EDGE('',*,*,#1393,.F.);
#2231=ORIENTED_EDGE('',*,*,#1604,.F.);
#2232=ORIENTED_EDGE('',*,*,#1605,.F.);
#2233=ORIENTED_EDGE('',*,*,#1602,.T.);
#2234=ORIENTED_EDGE('',*,*,#1367,.F.);
#2235=ORIENTED_EDGE('',*,*,#1341,.F.);
#2236=ORIENTED_EDGE('',*,*,#1344,.F.);
#2237=ORIENTED_EDGE('',*,*,#1346,.F.);
#2238=ORIENTED_EDGE('',*,*,#1350,.F.);
#2239=ORIENTED_EDGE('',*,*,#1581,.F.);
#2240=ORIENTED_EDGE('',*,*,#1606,.T.);
#2241=ORIENTED_EDGE('',*,*,#1607,.F.);
#2242=ORIENTED_EDGE('',*,*,#1604,.T.);
#2243=ORIENTED_EDGE('',*,*,#1580,.F.);
#2244=ORIENTED_EDGE('',*,*,#1608,.F.);
#2245=ORIENTED_EDGE('',*,*,#1609,.F.);
#2246=ORIENTED_EDGE('',*,*,#1606,.F.);
#2247=ORIENTED_EDGE('',*,*,#1577,.F.);
#2248=ORIENTED_EDGE('',*,*,#1610,.T.);
#2249=ORIENTED_EDGE('',*,*,#1611,.F.);
#2250=ORIENTED_EDGE('',*,*,#1608,.T.);
#2251=ORIENTED_EDGE('',*,*,#1576,.F.);
#2252=ORIENTED_EDGE('',*,*,#1612,.F.);
#2253=ORIENTED_EDGE('',*,*,#1613,.F.);
#2254=ORIENTED_EDGE('',*,*,#1610,.F.);
#2255=ORIENTED_EDGE('',*,*,#1614,.T.);
#2256=ORIENTED_EDGE('',*,*,#1613,.T.);
#2257=ORIENTED_EDGE('',*,*,#1615,.T.);
#2258=ORIENTED_EDGE('',*,*,#1496,.T.);
#2259=ORIENTED_EDGE('',*,*,#1616,.T.);
#2260=ORIENTED_EDGE('',*,*,#1611,.T.);
#2261=ORIENTED_EDGE('',*,*,#1614,.F.);
#2262=ORIENTED_EDGE('',*,*,#1495,.T.);
#2263=ORIENTED_EDGE('',*,*,#1616,.F.);
#2264=ORIENTED_EDGE('',*,*,#1494,.T.);
#2265=ORIENTED_EDGE('',*,*,#1617,.T.);
#2266=ORIENTED_EDGE('',*,*,#1609,.T.);
#2267=ORIENTED_EDGE('',*,*,#1618,.T.);
#2268=ORIENTED_EDGE('',*,*,#1607,.T.);
#2269=ORIENTED_EDGE('',*,*,#1617,.F.);
#2270=ORIENTED_EDGE('',*,*,#1493,.T.);
#2271=ORIENTED_EDGE('',*,*,#1619,.T.);
#2272=ORIENTED_EDGE('',*,*,#1605,.T.);
#2273=ORIENTED_EDGE('',*,*,#1618,.F.);
#2274=ORIENTED_EDGE('',*,*,#1492,.T.);
#2275=ORIENTED_EDGE('',*,*,#1620,.T.);
#2276=ORIENTED_EDGE('',*,*,#1603,.T.);
#2277=ORIENTED_EDGE('',*,*,#1619,.F.);
#2278=ORIENTED_EDGE('',*,*,#1491,.T.);
#2279=ORIENTED_EDGE('',*,*,#1621,.T.);
#2280=ORIENTED_EDGE('',*,*,#1600,.T.);
#2281=ORIENTED_EDGE('',*,*,#1620,.F.);
#2282=ORIENTED_EDGE('',*,*,#1490,.T.);
#2283=ORIENTED_EDGE('',*,*,#1622,.T.);
#2284=ORIENTED_EDGE('',*,*,#1623,.T.);
#2285=ORIENTED_EDGE('',*,*,#1621,.F.);
#2286=ORIENTED_EDGE('',*,*,#1489,.T.);
#2287=ORIENTED_EDGE('',*,*,#1624,.T.);
#2288=ORIENTED_EDGE('',*,*,#1625,.T.);
#2289=ORIENTED_EDGE('',*,*,#1622,.F.);
#2290=ORIENTED_EDGE('',*,*,#1488,.T.);
#2291=ORIENTED_EDGE('',*,*,#1626,.T.);
#2292=ORIENTED_EDGE('',*,*,#1627,.T.);
#2293=ORIENTED_EDGE('',*,*,#1624,.F.);
#2294=ORIENTED_EDGE('',*,*,#1487,.T.);
#2295=ORIENTED_EDGE('',*,*,#1628,.T.);
#2296=ORIENTED_EDGE('',*,*,#1629,.T.);
#2297=ORIENTED_EDGE('',*,*,#1626,.F.);
#2298=ORIENTED_EDGE('',*,*,#1500,.T.);
#2299=ORIENTED_EDGE('',*,*,#1630,.T.);
#2300=ORIENTED_EDGE('',*,*,#1631,.T.);
#2301=ORIENTED_EDGE('',*,*,#1628,.F.);
#2302=ORIENTED_EDGE('',*,*,#1499,.T.);
#2303=ORIENTED_EDGE('',*,*,#1632,.T.);
#2304=ORIENTED_EDGE('',*,*,#1633,.T.);
#2305=ORIENTED_EDGE('',*,*,#1630,.F.);
#2306=ORIENTED_EDGE('',*,*,#1498,.T.);
#2307=ORIENTED_EDGE('',*,*,#1615,.F.);
#2308=ORIENTED_EDGE('',*,*,#1634,.T.);
#2309=ORIENTED_EDGE('',*,*,#1632,.F.);
#2310=ORIENTED_EDGE('',*,*,#1497,.T.);
#2311=ORIENTED_EDGE('',*,*,#1589,.F.);
#2312=ORIENTED_EDGE('',*,*,#1635,.F.);
#2313=ORIENTED_EDGE('',*,*,#1625,.F.);
#2314=ORIENTED_EDGE('',*,*,#1636,.F.);
#2315=ORIENTED_EDGE('',*,*,#1590,.F.);
#2316=ORIENTED_EDGE('',*,*,#1636,.T.);
#2317=ORIENTED_EDGE('',*,*,#1627,.F.);
#2318=ORIENTED_EDGE('',*,*,#1637,.T.);
#2319=ORIENTED_EDGE('',*,*,#1593,.F.);
#2320=ORIENTED_EDGE('',*,*,#1637,.F.);
#2321=ORIENTED_EDGE('',*,*,#1629,.F.);
#2322=ORIENTED_EDGE('',*,*,#1638,.F.);
#2323=ORIENTED_EDGE('',*,*,#1594,.F.);
#2324=ORIENTED_EDGE('',*,*,#1638,.T.);
#2325=ORIENTED_EDGE('',*,*,#1631,.F.);
#2326=ORIENTED_EDGE('',*,*,#1639,.T.);
#2327=ORIENTED_EDGE('',*,*,#1597,.F.);
#2328=ORIENTED_EDGE('',*,*,#1639,.F.);
#2329=ORIENTED_EDGE('',*,*,#1633,.F.);
#2330=ORIENTED_EDGE('',*,*,#1640,.T.);
#2331=ORIENTED_EDGE('',*,*,#1598,.F.);
#2332=ORIENTED_EDGE('',*,*,#1640,.F.);
#2333=ORIENTED_EDGE('',*,*,#1634,.F.);
#2334=ORIENTED_EDGE('',*,*,#1612,.T.);
#2335=ORIENTED_EDGE('',*,*,#1428,.T.);
#2336=ORIENTED_EDGE('',*,*,#1641,.F.);
#2337=ORIENTED_EDGE('',*,*,#1501,.T.);
#2338=ORIENTED_EDGE('',*,*,#1395,.T.);
#2339=ORIENTED_EDGE('',*,*,#1427,.T.);
#2340=ORIENTED_EDGE('',*,*,#1472,.F.);
#2341=ORIENTED_EDGE('',*,*,#1502,.T.);
#2342=ORIENTED_EDGE('',*,*,#1641,.T.);
#2343=ORIENTED_EDGE('',*,*,#1418,.T.);
#2344=ORIENTED_EDGE('',*,*,#1642,.F.);
#2345=ORIENTED_EDGE('',*,*,#1503,.T.);
#2346=ORIENTED_EDGE('',*,*,#1485,.T.);
#2347=ORIENTED_EDGE('',*,*,#1411,.F.);
#2348=ORIENTED_EDGE('',*,*,#1504,.F.);
#2349=ORIENTED_EDGE('',*,*,#1642,.T.);
#2350=ORIENTED_EDGE('',*,*,#1417,.T.);
#2351=ORIENTED_EDGE('',*,*,#1587,.F.);
#2352=ORIENTED_EDGE('',*,*,#1601,.F.);
#2353=ORIENTED_EDGE('',*,*,#1623,.F.);
#2354=ORIENTED_EDGE('',*,*,#1635,.T.);
#2355=CONICAL_SURFACE('',#2537,0.40575,1.02974425867665);
#2356=CONICAL_SURFACE('',#2541,0.40575,1.02974425867665);
#2357=CONICAL_SURFACE('',#2545,0.40575,1.02974425867665);
#2358=CONICAL_SURFACE('',#2549,0.40575,1.02974425867665);
#2359=CONICAL_SURFACE('',#2553,0.40575,1.02974425867665);
#2360=CONICAL_SURFACE('',#2557,0.40575,1.02974425867665);
#2361=CONICAL_SURFACE('',#2561,0.40575,1.02974425867665);
#2362=CONICAL_SURFACE('',#2565,0.40575,1.02974425867665);
#2363=CONICAL_SURFACE('',#2569,0.40575,1.02974425867665);
#2364=CONICAL_SURFACE('',#2573,0.40575,1.02974425867665);
#2365=CONICAL_SURFACE('',#2577,0.40575,1.02974425867665);
#2366=CONICAL_SURFACE('',#2584,1.49999999999998,0.785398163407244);
#2367=CONICAL_SURFACE('',#2588,1.50000000000002,0.785398163406649);
#2368=CONICAL_SURFACE('',#2674,6.5,0.785398163397456);
#2369=CONICAL_SURFACE('',#2678,6.49999999999999,0.785398163397453);
#2370=CONICAL_SURFACE('',#2682,6.50000000000003,0.785398163397457);
#2371=CONICAL_SURFACE('',#2686,6.50000000000003,0.785398163397457);
#2372=CONICAL_SURFACE('',#2704,6.5,0.78539816339745);
#2373=CONICAL_SURFACE('',#2707,6.5,0.785398163397452);
#2374=CONICAL_SURFACE('',#2710,6.49999999999999,0.785398163397438);
#2375=CONICAL_SURFACE('',#2712,6.5,0.785398163397442);
#2376=CONICAL_SURFACE('',#2718,4.5,0.785398163397555);
#2377=CONICAL_SURFACE('',#2721,4.50000000000001,0.78539816339752);
#2378=CONICAL_SURFACE('',#2723,7.9,0.785398163397391);
#2379=CONICAL_SURFACE('',#2726,7.89999999999995,0.785398163397419);
#2380=CONICAL_SURFACE('',#2729,4.5,0.785398163397414);
#2381=CONICAL_SURFACE('',#2732,5.5,0.785398163397478);
#2382=CONICAL_SURFACE('',#2735,7.90000000000004,0.785398163397487);
#2383=CONICAL_SURFACE('',#2748,4.49999999999999,0.785398163397349);
#2384=CONICAL_SURFACE('',#2750,4.5,0.785398163397371);
#2385=CONICAL_SURFACE('',#2752,7.90000000000001,0.785398163397491);
#2386=CONICAL_SURFACE('',#2754,7.89999999999996,0.785398163397492);
#2387=CONICAL_SURFACE('',#2757,4.5,0.785398163397483);
#2388=CONICAL_SURFACE('',#2760,5.5,0.785398163397417);
#2389=CONICAL_SURFACE('',#2763,7.90000000000003,0.785398163397394);
#2390=ADVANCED_FACE('',(#140),#2355,.F.);
#2391=ADVANCED_FACE('',(#141),#105,.F.);
#2392=ADVANCED_FACE('',(#142),#2356,.F.);
#2393=ADVANCED_FACE('',(#143),#106,.F.);
#2394=ADVANCED_FACE('',(#144),#2357,.F.);
#2395=ADVANCED_FACE('',(#145),#107,.F.);
#2396=ADVANCED_FACE('',(#146),#2358,.F.);
#2397=ADVANCED_FACE('',(#147),#108,.F.);
#2398=ADVANCED_FACE('',(#148),#2359,.F.);
#2399=ADVANCED_FACE('',(#149),#109,.F.);
#2400=ADVANCED_FACE('',(#150),#2360,.F.);
#2401=ADVANCED_FACE('',(#151),#110,.F.);
#2402=ADVANCED_FACE('',(#152),#2361,.F.);
#2403=ADVANCED_FACE('',(#153),#111,.F.);
#2404=ADVANCED_FACE('',(#154),#2362,.F.);
#2405=ADVANCED_FACE('',(#155),#112,.F.);
#2406=ADVANCED_FACE('',(#156),#2363,.F.);
#2407=ADVANCED_FACE('',(#157),#113,.F.);
#2408=ADVANCED_FACE('',(#158),#2364,.F.);
#2409=ADVANCED_FACE('',(#159),#114,.F.);
#2410=ADVANCED_FACE('',(#160),#2365,.F.);
#2411=ADVANCED_FACE('',(#161),#115,.F.);
#2412=ADVANCED_FACE('',(#162),#30,.T.);
#2413=ADVANCED_FACE('',(#163),#31,.F.);
#2414=ADVANCED_FACE('',(#164),#32,.T.);
#2415=ADVANCED_FACE('',(#165),#2366,.F.);
#2416=ADVANCED_FACE('',(#166),#33,.T.);
#2417=ADVANCED_FACE('',(#167),#2367,.F.);
#2418=ADVANCED_FACE('',(#168),#34,.T.);
#2419=ADVANCED_FACE('',(#169),#35,.F.);
#2420=ADVANCED_FACE('',(#170),#116,.F.);
#2421=ADVANCED_FACE('',(#171),#36,.F.);
#2422=ADVANCED_FACE('',(#172),#117,.F.);
#2423=ADVANCED_FACE('',(#173),#37,.F.);
#2424=ADVANCED_FACE('',(#174),#38,.T.);
#2425=ADVANCED_FACE('',(#175),#39,.F.);
#2426=ADVANCED_FACE('',(#176),#40,.T.);
#2427=ADVANCED_FACE('',(#177),#41,.T.);
#2428=ADVANCED_FACE('',(#178),#42,.F.);
#2429=ADVANCED_FACE('',(#179),#43,.F.);
#2430=ADVANCED_FACE('',(#180),#44,.F.);
#2431=ADVANCED_FACE('',(#181),#45,.F.);
#2432=ADVANCED_FACE('',(#182),#118,.F.);
#2433=ADVANCED_FACE('',(#183),#46,.F.);
#2434=ADVANCED_FACE('',(#184),#119,.F.);
#2435=ADVANCED_FACE('',(#185,#15,#16,#17,#18,#19,#20,#21,#22,#23,#24,#25,
#26),#47,.T.);
#2436=ADVANCED_FACE('',(#186),#48,.T.);
#2437=ADVANCED_FACE('',(#187),#49,.T.);
#2438=ADVANCED_FACE('',(#188),#50,.T.);
#2439=ADVANCED_FACE('',(#189),#51,.T.);
#2440=ADVANCED_FACE('',(#190),#52,.T.);
#2441=ADVANCED_FACE('',(#191),#53,.T.);
#2442=ADVANCED_FACE('',(#192),#120,.T.);
#2443=ADVANCED_FACE('',(#193),#54,.T.);
#2444=ADVANCED_FACE('',(#194),#121,.F.);
#2445=ADVANCED_FACE('',(#195),#55,.T.);
#2446=ADVANCED_FACE('',(#196),#56,.T.);
#2447=ADVANCED_FACE('',(#197),#122,.F.);
#2448=ADVANCED_FACE('',(#198),#57,.T.);
#2449=ADVANCED_FACE('',(#199),#123,.T.);
#2450=ADVANCED_FACE('',(#200),#58,.T.);
#2451=ADVANCED_FACE('',(#201),#59,.T.);
#2452=ADVANCED_FACE('',(#202),#60,.T.);
#2453=ADVANCED_FACE('',(#203),#61,.T.);
#2454=ADVANCED_FACE('',(#204),#62,.T.);
#2455=ADVANCED_FACE('',(#205),#124,.F.);
#2456=ADVANCED_FACE('',(#206),#63,.T.);
#2457=ADVANCED_FACE('',(#207),#125,.F.);
#2458=ADVANCED_FACE('',(#208),#64,.T.);
#2459=ADVANCED_FACE('',(#209),#65,.T.);
#2460=ADVANCED_FACE('',(#210),#66,.T.);
#2461=ADVANCED_FACE('',(#211),#126,.F.);
#2462=ADVANCED_FACE('',(#212),#67,.T.);
#2463=ADVANCED_FACE('',(#213),#68,.F.);
#2464=ADVANCED_FACE('',(#214,#27,#28),#69,.F.);
#2465=ADVANCED_FACE('',(#215),#70,.T.);
#2466=ADVANCED_FACE('',(#216),#2368,.F.);
#2467=ADVANCED_FACE('',(#217),#71,.T.);
#2468=ADVANCED_FACE('',(#218),#2369,.F.);
#2469=ADVANCED_FACE('',(#219),#72,.T.);
#2470=ADVANCED_FACE('',(#220),#2370,.F.);
#2471=ADVANCED_FACE('',(#221),#73,.T.);
#2472=ADVANCED_FACE('',(#222),#2371,.F.);
#2473=ADVANCED_FACE('',(#223),#127,.F.);
#2474=ADVANCED_FACE('',(#224),#74,.T.);
#2475=ADVANCED_FACE('',(#225),#128,.F.);
#2476=ADVANCED_FACE('',(#226),#75,.T.);
#2477=ADVANCED_FACE('',(#227,#29),#76,.T.);
#2478=ADVANCED_FACE('',(#228),#77,.T.);
#2479=ADVANCED_FACE('',(#229),#2372,.F.);
#2480=ADVANCED_FACE('',(#230),#78,.T.);
#2481=ADVANCED_FACE('',(#231),#2373,.F.);
#2482=ADVANCED_FACE('',(#232),#79,.T.);
#2483=ADVANCED_FACE('',(#233),#2374,.F.);
#2484=ADVANCED_FACE('',(#234),#80,.T.);
#2485=ADVANCED_FACE('',(#235),#2375,.F.);
#2486=ADVANCED_FACE('',(#236),#129,.F.);
#2487=ADVANCED_FACE('',(#237),#81,.T.);
#2488=ADVANCED_FACE('',(#238),#130,.F.);
#2489=ADVANCED_FACE('',(#239),#82,.T.);
#2490=ADVANCED_FACE('',(#240),#83,.T.);
#2491=ADVANCED_FACE('',(#241),#2376,.T.);
#2492=ADVANCED_FACE('',(#242),#84,.T.);
#2493=ADVANCED_FACE('',(#243),#2377,.T.);
#2494=ADVANCED_FACE('',(#244),#2378,.T.);
#2495=ADVANCED_FACE('',(#245),#85,.T.);
#2496=ADVANCED_FACE('',(#246),#2379,.T.);
#2497=ADVANCED_FACE('',(#247),#86,.T.);
#2498=ADVANCED_FACE('',(#248),#2380,.T.);
#2499=ADVANCED_FACE('',(#249),#87,.T.);
#2500=ADVANCED_FACE('',(#250),#2381,.F.);
#2501=ADVANCED_FACE('',(#251),#88,.T.);
#2502=ADVANCED_FACE('',(#252),#2382,.T.);
#2503=ADVANCED_FACE('',(#253),#89,.T.);
#2504=ADVANCED_FACE('',(#254),#131,.T.);
#2505=ADVANCED_FACE('',(#255),#90,.T.);
#2506=ADVANCED_FACE('',(#256),#132,.T.);
#2507=ADVANCED_FACE('',(#257),#91,.T.);
#2508=ADVANCED_FACE('',(#258),#133,.T.);
#2509=ADVANCED_FACE('',(#259),#92,.T.);
#2510=ADVANCED_FACE('',(#260),#93,.T.);
#2511=ADVANCED_FACE('',(#261),#2383,.T.);
#2512=ADVANCED_FACE('',(#262),#94,.T.);
#2513=ADVANCED_FACE('',(#263),#2384,.T.);
#2514=ADVANCED_FACE('',(#264),#95,.T.);
#2515=ADVANCED_FACE('',(#265),#2385,.T.);
#2516=ADVANCED_FACE('',(#266),#96,.T.);
#2517=ADVANCED_FACE('',(#267),#2386,.T.);
#2518=ADVANCED_FACE('',(#268),#97,.T.);
#2519=ADVANCED_FACE('',(#269),#2387,.T.);
#2520=ADVANCED_FACE('',(#270),#98,.T.);
#2521=ADVANCED_FACE('',(#271),#2388,.F.);
#2522=ADVANCED_FACE('',(#272),#99,.T.);
#2523=ADVANCED_FACE('',(#273),#2389,.T.);
#2524=ADVANCED_FACE('',(#274),#100,.T.);
#2525=ADVANCED_FACE('',(#275),#134,.T.);
#2526=ADVANCED_FACE('',(#276),#101,.T.);
#2527=ADVANCED_FACE('',(#277),#135,.F.);
#2528=ADVANCED_FACE('',(#278),#102,.T.);
#2529=ADVANCED_FACE('',(#279),#136,.T.);
#2530=ADVANCED_FACE('',(#280),#137,.F.);
#2531=ADVANCED_FACE('',(#281),#103,.T.);
#2532=ADVANCED_FACE('',(#282),#138,.F.);
#2533=ADVANCED_FACE('',(#283),#104,.T.);
#2534=ADVANCED_FACE('',(#284),#139,.T.);
#2535=CLOSED_SHELL('',(#2390,#2391,#2392,#2393,#2394,#2395,#2396,#2397,
#2398,#2399,#2400,#2401,#2402,#2403,#2404,#2405,#2406,#2407,#2408,#2409,
#2410,#2411,#2412,#2413,#2414,#2415,#2416,#2417,#2418,#2419,#2420,#2421,
#2422,#2423,#2424,#2425,#2426,#2427,#2428,#2429,#2430,#2431,#2432,#2433,
#2434,#2435,#2436,#2437,#2438,#2439,#2440,#2441,#2442,#2443,#2444,#2445,
#2446,#2447,#2448,#2449,#2450,#2451,#2452,#2453,#2454,#2455,#2456,#2457,
#2458,#2459,#2460,#2461,#2462,#2463,#2464,#2465,#2466,#2467,#2468,#2469,
#2470,#2471,#2472,#2473,#2474,#2475,#2476,#2477,#2478,#2479,#2480,#2481,
#2482,#2483,#2484,#2485,#2486,#2487,#2488,#2489,#2490,#2491,#2492,#2493,
#2494,#2495,#2496,#2497,#2498,#2499,#2500,#2501,#2502,#2503,#2504,#2505,
#2506,#2507,#2508,#2509,#2510,#2511,#2512,#2513,#2514,#2515,#2516,#2517,
#2518,#2519,#2520,#2521,#2522,#2523,#2524,#2525,#2526,#2527,#2528,#2529,
#2530,#2531,#2532,#2533,#2534));
#2536=AXIS2_PLACEMENT_3D('',#3518,#2776,#2777);
#2537=AXIS2_PLACEMENT_3D('',#3519,#2778,#2779);
#2538=AXIS2_PLACEMENT_3D('',#3521,#2780,#2781);
#2539=AXIS2_PLACEMENT_3D('',#3524,#2783,#2784);
#2540=AXIS2_PLACEMENT_3D('',#3526,#2785,#2786);
#2541=AXIS2_PLACEMENT_3D('',#3528,#2788,#2789);
#2542=AXIS2_PLACEMENT_3D('',#3530,#2790,#2791);
#2543=AXIS2_PLACEMENT_3D('',#3533,#2793,#2794);
#2544=AXIS2_PLACEMENT_3D('',#3535,#2795,#2796);
#2545=AXIS2_PLACEMENT_3D('',#3537,#2798,#2799);
#2546=AXIS2_PLACEMENT_3D('',#3539,#2800,#2801);
#2547=AXIS2_PLACEMENT_3D('',#3542,#2803,#2804);
#2548=AXIS2_PLACEMENT_3D('',#3544,#2805,#2806);
#2549=AXIS2_PLACEMENT_3D('',#3546,#2808,#2809);
#2550=AXIS2_PLACEMENT_3D('',#3548,#2810,#2811);
#2551=AXIS2_PLACEMENT_3D('',#3551,#2813,#2814);
#2552=AXIS2_PLACEMENT_3D('',#3553,#2815,#2816);
#2553=AXIS2_PLACEMENT_3D('',#3555,#2818,#2819);
#2554=AXIS2_PLACEMENT_3D('',#3557,#2820,#2821);
#2555=AXIS2_PLACEMENT_3D('',#3560,#2823,#2824);
#2556=AXIS2_PLACEMENT_3D('',#3562,#2825,#2826);
#2557=AXIS2_PLACEMENT_3D('',#3564,#2828,#2829);
#2558=AXIS2_PLACEMENT_3D('',#3566,#2830,#2831);
#2559=AXIS2_PLACEMENT_3D('',#3569,#2833,#2834);
#2560=AXIS2_PLACEMENT_3D('',#3571,#2835,#2836);
#2561=AXIS2_PLACEMENT_3D('',#3573,#2838,#2839);
#2562=AXIS2_PLACEMENT_3D('',#3575,#2840,#2841);
#2563=AXIS2_PLACEMENT_3D('',#3578,#2843,#2844);
#2564=AXIS2_PLACEMENT_3D('',#3580,#2845,#2846);
#2565=AXIS2_PLACEMENT_3D('',#3582,#2848,#2849);
#2566=AXIS2_PLACEMENT_3D('',#3584,#2850,#2851);
#2567=AXIS2_PLACEMENT_3D('',#3587,#2853,#2854);
#2568=AXIS2_PLACEMENT_3D('',#3589,#2855,#2856);
#2569=AXIS2_PLACEMENT_3D('',#3591,#2858,#2859);
#2570=AXIS2_PLACEMENT_3D('',#3593,#2860,#2861);
#2571=AXIS2_PLACEMENT_3D('',#3596,#2863,#2864);
#2572=AXIS2_PLACEMENT_3D('',#3598,#2865,#2866);
#2573=AXIS2_PLACEMENT_3D('',#3600,#2868,#2869);
#2574=AXIS2_PLACEMENT_3D('',#3602,#2870,#2871);
#2575=AXIS2_PLACEMENT_3D('',#3605,#2873,#2874);
#2576=AXIS2_PLACEMENT_3D('',#3607,#2875,#2876);
#2577=AXIS2_PLACEMENT_3D('',#3609,#2878,#2879);
#2578=AXIS2_PLACEMENT_3D('',#3611,#2880,#2881);
#2579=AXIS2_PLACEMENT_3D('',#3614,#2883,#2884);
#2580=AXIS2_PLACEMENT_3D('',#3616,#2885,#2886);
#2581=AXIS2_PLACEMENT_3D('',#3618,#2888,#2889);
#2582=AXIS2_PLACEMENT_3D('',#3627,#2894,#2895);
#2583=AXIS2_PLACEMENT_3D('',#3633,#2899,#2900);
#2584=AXIS2_PLACEMENT_3D('',#3642,#2905,#2906);
#2585=AXIS2_PLACEMENT_3D('',#3644,#2907,#2908);
#2586=AXIS2_PLACEMENT_3D('',#3647,#2910,#2911);
#2587=AXIS2_PLACEMENT_3D('',#3648,#2912,#2913);
#2588=AXIS2_PLACEMENT_3D('',#3654,#2917,#2918);
#2589=AXIS2_PLACEMENT_3D('',#3656,#2919,#2920);
#2590=AXIS2_PLACEMENT_3D('',#3659,#2922,#2923);
#2591=AXIS2_PLACEMENT_3D('',#3660,#2924,#2925);
#2592=AXIS2_PLACEMENT_3D('',#3666,#2929,#2930);
#2593=AXIS2_PLACEMENT_3D('',#3673,#2935,#2936);
#2594=AXIS2_PLACEMENT_3D('',#3676,#2938,#2939);
#2595=AXIS2_PLACEMENT_3D('',#3677,#2940,#2941);
#2596=AXIS2_PLACEMENT_3D('',#3681,#2944,#2945);
#2597=AXIS2_PLACEMENT_3D('',#3684,#2947,#2948);
#2598=AXIS2_PLACEMENT_3D('',#3685,#2949,#2950);
#2599=AXIS2_PLACEMENT_3D('',#3690,#2954,#2955);
#2600=AXIS2_PLACEMENT_3D('',#3696,#2959,#2960);
#2601=AXIS2_PLACEMENT_3D('',#3714,#2969,#2970);
#2602=AXIS2_PLACEMENT_3D('',#3718,#2972,#2973);
#2603=AXIS2_PLACEMENT_3D('',#3724,#2976,#2977);
#2604=AXIS2_PLACEMENT_3D('',#3728,#2979,#2980);
#2605=AXIS2_PLACEMENT_3D('',#3738,#2986,#2987);
#2606=AXIS2_PLACEMENT_3D('',#3744,#2991,#2992);
#2607=AXIS2_PLACEMENT_3D('',#3756,#2999,#3000);
#2608=AXIS2_PLACEMENT_3D('',#3762,#3004,#3005);
#2609=AXIS2_PLACEMENT_3D('',#3766,#3008,#3009);
#2610=AXIS2_PLACEMENT_3D('',#3770,#3012,#3013);
#2611=AXIS2_PLACEMENT_3D('',#3772,#3015,#3016);
#2612=AXIS2_PLACEMENT_3D('',#3775,#3017,#3018);
#2613=AXIS2_PLACEMENT_3D('',#3779,#3020,#3021);
#2614=AXIS2_PLACEMENT_3D('',#3781,#3023,#3024);
#2615=AXIS2_PLACEMENT_3D('',#3787,#3028,#3029);
#2616=AXIS2_PLACEMENT_3D('',#3788,#3030,#3031);
#2617=AXIS2_PLACEMENT_3D('',#3789,#3032,#3033);
#2618=AXIS2_PLACEMENT_3D('',#3790,#3034,#3035);
#2619=AXIS2_PLACEMENT_3D('',#3794,#3037,#3038);
#2620=AXIS2_PLACEMENT_3D('',#3798,#3040,#3041);
#2621=AXIS2_PLACEMENT_3D('',#3806,#3045,#3046);
#2622=AXIS2_PLACEMENT_3D('',#3810,#3048,#3049);
#2623=AXIS2_PLACEMENT_3D('',#3813,#3051,#3052);
#2624=AXIS2_PLACEMENT_3D('',#3817,#3054,#3055);
#2625=AXIS2_PLACEMENT_3D('',#3821,#3057,#3058);
#2626=AXIS2_PLACEMENT_3D('',#3827,#3061,#3062);
#2627=AXIS2_PLACEMENT_3D('',#3831,#3064,#3065);
#2628=AXIS2_PLACEMENT_3D('',#3851,#3076,#3077);
#2629=AXIS2_PLACEMENT_3D('',#3853,#3079,#3080);
#2630=AXIS2_PLACEMENT_3D('',#3855,#3082,#3083);
#2631=AXIS2_PLACEMENT_3D('',#3857,#3085,#3086);
#2632=AXIS2_PLACEMENT_3D('',#3859,#3088,#3089);
#2633=AXIS2_PLACEMENT_3D('',#3861,#3091,#3092);
#2634=AXIS2_PLACEMENT_3D('',#3863,#3094,#3095);
#2635=AXIS2_PLACEMENT_3D('',#3865,#3097,#3098);
#2636=AXIS2_PLACEMENT_3D('',#3867,#3100,#3101);
#2637=AXIS2_PLACEMENT_3D('',#3869,#3103,#3104);
#2638=AXIS2_PLACEMENT_3D('',#3871,#3106,#3107);
#2639=AXIS2_PLACEMENT_3D('',#3873,#3109,#3110);
#2640=AXIS2_PLACEMENT_3D('',#3875,#3112,#3113);
#2641=AXIS2_PLACEMENT_3D('',#3877,#3115,#3116);
#2642=AXIS2_PLACEMENT_3D('',#3879,#3118,#3119);
#2643=AXIS2_PLACEMENT_3D('',#3880,#3120,#3121);
#2644=AXIS2_PLACEMENT_3D('',#3886,#3125,#3126);
#2645=AXIS2_PLACEMENT_3D('',#3890,#3129,#3130);
#2646=AXIS2_PLACEMENT_3D('',#3894,#3133,#3134);
#2647=AXIS2_PLACEMENT_3D('',#3896,#3136,#3137);
#2648=AXIS2_PLACEMENT_3D('',#3900,#3139,#3140);
#2649=AXIS2_PLACEMENT_3D('',#3902,#3142,#3143);
#2650=AXIS2_PLACEMENT_3D('',#3906,#3146,#3147);
#2651=AXIS2_PLACEMENT_3D('',#3909,#3149,#3150);
#2652=AXIS2_PLACEMENT_3D('',#3910,#3151,#3152);
#2653=AXIS2_PLACEMENT_3D('',#3914,#3155,#3156);
#2654=AXIS2_PLACEMENT_3D('',#3918,#3159,#3160);
#2655=AXIS2_PLACEMENT_3D('',#3922,#3163,#3164);
#2656=AXIS2_PLACEMENT_3D('',#3925,#3166,#3167);
#2657=AXIS2_PLACEMENT_3D('',#3926,#3168,#3169);
#2658=AXIS2_PLACEMENT_3D('',#3930,#3172,#3173);
#2659=AXIS2_PLACEMENT_3D('',#3931,#3174,#3175);
#2660=AXIS2_PLACEMENT_3D('',#3934,#3176,#3177);
#2661=AXIS2_PLACEMENT_3D('',#3938,#3179,#3180);
#2662=AXIS2_PLACEMENT_3D('',#3942,#3182,#3183);
#2663=AXIS2_PLACEMENT_3D('',#3946,#3185,#3186);
#2664=AXIS2_PLACEMENT_3D('',#3950,#3188,#3189);
#2665=AXIS2_PLACEMENT_3D('',#3954,#3191,#3192);
#2666=AXIS2_PLACEMENT_3D('',#3958,#3194,#3195);
#2667=AXIS2_PLACEMENT_3D('',#3961,#3197,#3198);
#2668=AXIS2_PLACEMENT_3D('',#3964,#3200,#3201);
#2669=AXIS2_PLACEMENT_3D('',#3970,#3204,#3205);
#2670=AXIS2_PLACEMENT_3D('',#3974,#3207,#3208);
#2671=AXIS2_PLACEMENT_3D('',#3978,#3210,#3211);
#2672=AXIS2_PLACEMENT_3D('',#3981,#3213,#3214);
#2673=AXIS2_PLACEMENT_3D('',#3982,#3215,#3216);
#2674=AXIS2_PLACEMENT_3D('',#3991,#3221,#3222);
#2675=AXIS2_PLACEMENT_3D('',#3993,#3223,#3224);
#2676=AXIS2_PLACEMENT_3D('',#3996,#3226,#3227);
#2677=AXIS2_PLACEMENT_3D('',#3997,#3228,#3229);
#2678=AXIS2_PLACEMENT_3D('',#4003,#3233,#3234);
#2679=AXIS2_PLACEMENT_3D('',#4005,#3235,#3236);
#2680=AXIS2_PLACEMENT_3D('',#4008,#3238,#3239);
#2681=AXIS2_PLACEMENT_3D('',#4009,#3240,#3241);
#2682=AXIS2_PLACEMENT_3D('',#4015,#3245,#3246);
#2683=AXIS2_PLACEMENT_3D('',#4017,#3247,#3248);
#2684=AXIS2_PLACEMENT_3D('',#4020,#3250,#3251);
#2685=AXIS2_PLACEMENT_3D('',#4021,#3252,#3253);
#2686=AXIS2_PLACEMENT_3D('',#4027,#3257,#3258);
#2687=AXIS2_PLACEMENT_3D('',#4028,#3259,#3260);
#2688=AXIS2_PLACEMENT_3D('',#4029,#3261,#3262);
#2689=AXIS2_PLACEMENT_3D('',#4030,#3263,#3264);
#2690=AXIS2_PLACEMENT_3D('',#4034,#3266,#3267);
#2691=AXIS2_PLACEMENT_3D('',#4036,#3269,#3270);
#2692=AXIS2_PLACEMENT_3D('',#4040,#3273,#3274);
#2693=AXIS2_PLACEMENT_3D('',#4043,#3276,#3277);
#2694=AXIS2_PLACEMENT_3D('',#4044,#3278,#3279);
#2695=AXIS2_PLACEMENT_3D('',#4048,#3282,#3283);
#2696=AXIS2_PLACEMENT_3D('',#4050,#3284,#3285);
#2697=AXIS2_PLACEMENT_3D('',#4054,#3287,#3288);
#2698=AXIS2_PLACEMENT_3D('',#4058,#3290,#3291);
#2699=AXIS2_PLACEMENT_3D('',#4062,#3293,#3294);
#2700=AXIS2_PLACEMENT_3D('',#4066,#3296,#3297);
#2701=AXIS2_PLACEMENT_3D('',#4070,#3299,#3300);
#2702=AXIS2_PLACEMENT_3D('',#4073,#3302,#3303);
#2703=AXIS2_PLACEMENT_3D('',#4074,#3304,#3305);
#2704=AXIS2_PLACEMENT_3D('',#4077,#3308,#3309);
#2705=AXIS2_PLACEMENT_3D('',#4079,#3310,#3311);
#2706=AXIS2_PLACEMENT_3D('',#4081,#3313,#3314);
#2707=AXIS2_PLACEMENT_3D('',#4085,#3317,#3318);
#2708=AXIS2_PLACEMENT_3D('',#4087,#3319,#3320);
#2709=AXIS2_PLACEMENT_3D('',#4089,#3322,#3323);
#2710=AXIS2_PLACEMENT_3D('',#4092,#3326,#3327);
#2711=AXIS2_PLACEMENT_3D('',#4094,#3329,#3330);
#2712=AXIS2_PLACEMENT_3D('',#4096,#3332,#3333);
#2713=AXIS2_PLACEMENT_3D('',#4097,#3334,#3335);
#2714=AXIS2_PLACEMENT_3D('',#4100,#3338,#3339);
#2715=AXIS2_PLACEMENT_3D('',#4102,#3341,#3342);
#2716=AXIS2_PLACEMENT_3D('',#4103,#3343,#3344);
#2717=AXIS2_PLACEMENT_3D('',#4104,#3345,#3346);
#2718=AXIS2_PLACEMENT_3D('',#4110,#3350,#3351);
#2719=AXIS2_PLACEMENT_3D('',#4112,#3352,#3353);
#2720=AXIS2_PLACEMENT_3D('',#4114,#3355,#3356);
#2721=AXIS2_PLACEMENT_3D('',#4118,#3359,#3360);
#2722=AXIS2_PLACEMENT_3D('',#4119,#3361,#3362);
#2723=AXIS2_PLACEMENT_3D('',#4120,#3363,#3364);
#2724=AXIS2_PLACEMENT_3D('',#4123,#3366,#3367);
#2725=AXIS2_PLACEMENT_3D('',#4124,#3368,#3369);
#2726=AXIS2_PLACEMENT_3D('',#4128,#3372,#3373);
#2727=AXIS2_PLACEMENT_3D('',#4131,#3375,#3376);
#2728=AXIS2_PLACEMENT_3D('',#4132,#3377,#3378);
#2729=AXIS2_PLACEMENT_3D('',#4136,#3381,#3382);
#2730=AXIS2_PLACEMENT_3D('',#4138,#3383,#3384);
#2731=AXIS2_PLACEMENT_3D('',#4140,#3386,#3387);
#2732=AXIS2_PLACEMENT_3D('',#4144,#3390,#3391);
#2733=AXIS2_PLACEMENT_3D('',#4146,#3392,#3393);
#2734=AXIS2_PLACEMENT_3D('',#4148,#3395,#3396);
#2735=AXIS2_PLACEMENT_3D('',#4152,#3399,#3400);
#2736=AXIS2_PLACEMENT_3D('',#4153,#3401,#3402);
#2737=AXIS2_PLACEMENT_3D('',#4154,#3403,#3404);
#2738=AXIS2_PLACEMENT_3D('',#4160,#3408,#3409);
#2739=AXIS2_PLACEMENT_3D('',#4163,#3411,#3412);
#2740=AXIS2_PLACEMENT_3D('',#4164,#3413,#3414);
#2741=AXIS2_PLACEMENT_3D('',#4168,#3417,#3418);
#2742=AXIS2_PLACEMENT_3D('',#4171,#3420,#3421);
#2743=AXIS2_PLACEMENT_3D('',#4172,#3422,#3423);
#2744=AXIS2_PLACEMENT_3D('',#4176,#3426,#3427);
#2745=AXIS2_PLACEMENT_3D('',#4179,#3429,#3430);
#2746=AXIS2_PLACEMENT_3D('',#4180,#3431,#3432);
#2747=AXIS2_PLACEMENT_3D('',#4184,#3435,#3436);
#2748=AXIS2_PLACEMENT_3D('',#4187,#3439,#3440);
#2749=AXIS2_PLACEMENT_3D('',#4189,#3442,#3443);
#2750=AXIS2_PLACEMENT_3D('',#4191,#3445,#3446);
#2751=AXIS2_PLACEMENT_3D('',#4193,#3448,#3449);
#2752=AXIS2_PLACEMENT_3D('',#4195,#3451,#3452);
#2753=AXIS2_PLACEMENT_3D('',#4197,#3454,#3455);
#2754=AXIS2_PLACEMENT_3D('',#4199,#3457,#3458);
#2755=AXIS2_PLACEMENT_3D('',#4202,#3460,#3461);
#2756=AXIS2_PLACEMENT_3D('',#4203,#3462,#3463);
#2757=AXIS2_PLACEMENT_3D('',#4207,#3466,#3467);
#2758=AXIS2_PLACEMENT_3D('',#4210,#3469,#3470);
#2759=AXIS2_PLACEMENT_3D('',#4211,#3471,#3472);
#2760=AXIS2_PLACEMENT_3D('',#4215,#3475,#3476);
#2761=AXIS2_PLACEMENT_3D('',#4218,#3478,#3479);
#2762=AXIS2_PLACEMENT_3D('',#4219,#3480,#3481);
#2763=AXIS2_PLACEMENT_3D('',#4223,#3484,#3485);
#2764=AXIS2_PLACEMENT_3D('',#4224,#3486,#3487);
#2765=AXIS2_PLACEMENT_3D('',#4225,#3488,#3489);
#2766=AXIS2_PLACEMENT_3D('',#4228,#3492,#3493);
#2767=AXIS2_PLACEMENT_3D('',#4230,#3495,#3496);
#2768=AXIS2_PLACEMENT_3D('',#4232,#3498,#3499);
#2769=AXIS2_PLACEMENT_3D('',#4234,#3501,#3502);
#2770=AXIS2_PLACEMENT_3D('',#4236,#3504,#3505);
#2771=AXIS2_PLACEMENT_3D('',#4237,#3506,#3507);
#2772=AXIS2_PLACEMENT_3D('',#4239,#3509,#3510);
#2773=AXIS2_PLACEMENT_3D('',#4240,#3511,#3512);
#2774=AXIS2_PLACEMENT_3D('',#4242,#3514,#3515);
#2775=AXIS2_PLACEMENT_3D('',#4243,#3516,#3517);
#2776=DIRECTION('axis',(0.,0.,1.));
#2777=DIRECTION('refdir',(1.,0.,0.));
#2778=DIRECTION('center_axis',(0.,0.,1.));
#2779=DIRECTION('ref_axis',(1.,0.,0.));
#2780=DIRECTION('center_axis',(0.,0.,-1.));
#2781=DIRECTION('ref_axis',(1.,0.,0.));
#2782=DIRECTION('',(0.857167300702112,-1.04972719113862E-16,-0.515038074910054));
#2783=DIRECTION('center_axis',(0.,0.,-1.));
#2784=DIRECTION('ref_axis',(1.,0.,0.));
#2785=DIRECTION('center_axis',(1.29086329945263E-30,-9.4587646341931E-44,
-1.));
#2786=DIRECTION('ref_axis',(1.,0.,0.));
#2787=DIRECTION('',(0.,0.,-1.));
#2788=DIRECTION('center_axis',(0.,0.,1.));
#2789=DIRECTION('ref_axis',(1.,0.,0.));
#2790=DIRECTION('center_axis',(0.,0.,-1.));
#2791=DIRECTION('ref_axis',(1.,0.,0.));
#2792=DIRECTION('',(0.857167300702112,-1.04972719113862E-16,-0.515038074910054));
#2793=DIRECTION('center_axis',(0.,0.,-1.));
#2794=DIRECTION('ref_axis',(1.,0.,0.));
#2795=DIRECTION('center_axis',(1.29086329945263E-30,-9.4587646341931E-44,
-1.));
#2796=DIRECTION('ref_axis',(1.,0.,0.));
#2797=DIRECTION('',(0.,0.,-1.));
#2798=DIRECTION('center_axis',(0.,0.,1.));
#2799=DIRECTION('ref_axis',(1.,0.,0.));
#2800=DIRECTION('center_axis',(0.,0.,-1.));
#2801=DIRECTION('ref_axis',(1.,0.,0.));
#2802=DIRECTION('',(0.857167300702112,-1.04972719113862E-16,-0.515038074910054));
#2803=DIRECTION('center_axis',(0.,0.,-1.));
#2804=DIRECTION('ref_axis',(1.,0.,0.));
#2805=DIRECTION('center_axis',(1.29086329945263E-30,-9.4587646341931E-44,
-1.));
#2806=DIRECTION('ref_axis',(1.,0.,0.));
#2807=DIRECTION('',(0.,0.,-1.));
#2808=DIRECTION('center_axis',(0.,0.,1.));
#2809=DIRECTION('ref_axis',(1.,0.,0.));
#2810=DIRECTION('center_axis',(0.,0.,-1.));
#2811=DIRECTION('ref_axis',(1.,0.,0.));
#2812=DIRECTION('',(0.857167300702112,-1.04972719113862E-16,-0.515038074910054));
#2813=DIRECTION('center_axis',(0.,0.,-1.));
#2814=DIRECTION('ref_axis',(1.,0.,0.));
#2815=DIRECTION('center_axis',(1.29086329945263E-30,-9.4587646341931E-44,
-1.));
#2816=DIRECTION('ref_axis',(1.,0.,0.));
#2817=DIRECTION('',(0.,0.,-1.));
#2818=DIRECTION('center_axis',(0.,0.,1.));
#2819=DIRECTION('ref_axis',(1.,0.,0.));
#2820=DIRECTION('center_axis',(0.,0.,-1.));
#2821=DIRECTION('ref_axis',(1.,0.,0.));
#2822=DIRECTION('',(0.857167300702112,-1.04972719113862E-16,-0.515038074910054));
#2823=DIRECTION('center_axis',(0.,0.,-1.));
#2824=DIRECTION('ref_axis',(1.,0.,0.));
#2825=DIRECTION('center_axis',(1.29086329945263E-30,-9.4587646341931E-44,
-1.));
#2826=DIRECTION('ref_axis',(1.,0.,0.));
#2827=DIRECTION('',(0.,0.,-1.));
#2828=DIRECTION('center_axis',(0.,0.,1.));
#2829=DIRECTION('ref_axis',(1.,0.,0.));
#2830=DIRECTION('center_axis',(0.,0.,-1.));
#2831=DIRECTION('ref_axis',(1.,0.,0.));
#2832=DIRECTION('',(0.857167300702112,-1.04972719113862E-16,-0.515038074910054));
#2833=DIRECTION('center_axis',(0.,0.,-1.));
#2834=DIRECTION('ref_axis',(1.,0.,0.));
#2835=DIRECTION('center_axis',(1.29086329945263E-30,-9.4587646341931E-44,
-1.));
#2836=DIRECTION('ref_axis',(1.,0.,0.));
#2837=DIRECTION('',(0.,0.,-1.));
#2838=DIRECTION('center_axis',(0.,0.,1.));
#2839=DIRECTION('ref_axis',(1.,0.,0.));
#2840=DIRECTION('center_axis',(0.,0.,-1.));
#2841=DIRECTION('ref_axis',(1.,0.,0.));
#2842=DIRECTION('',(0.857167300702112,-1.04972719113862E-16,-0.515038074910054));
#2843=DIRECTION('center_axis',(0.,0.,-1.));
#2844=DIRECTION('ref_axis',(1.,0.,0.));
#2845=DIRECTION('center_axis',(1.29086329945263E-30,-9.4587646341931E-44,
-1.));
#2846=DIRECTION('ref_axis',(1.,0.,0.));
#2847=DIRECTION('',(0.,0.,-1.));
#2848=DIRECTION('center_axis',(0.,0.,1.));
#2849=DIRECTION('ref_axis',(1.,0.,0.));
#2850=DIRECTION('center_axis',(0.,0.,-1.));
#2851=DIRECTION('ref_axis',(1.,0.,0.));
#2852=DIRECTION('',(0.857167300702112,-1.04972719113862E-16,-0.515038074910054));
#2853=DIRECTION('center_axis',(0.,0.,-1.));
#2854=DIRECTION('ref_axis',(1.,0.,0.));
#2855=DIRECTION('center_axis',(1.29086329945263E-30,-9.4587646341931E-44,
-1.));
#2856=DIRECTION('ref_axis',(1.,0.,0.));
#2857=DIRECTION('',(0.,0.,-1.));
#2858=DIRECTION('center_axis',(0.,0.,1.));
#2859=DIRECTION('ref_axis',(1.,0.,0.));
#2860=DIRECTION('center_axis',(0.,0.,-1.));
#2861=DIRECTION('ref_axis',(1.,0.,0.));
#2862=DIRECTION('',(0.857167300702112,-1.04972719113862E-16,-0.515038074910054));
#2863=DIRECTION('center_axis',(0.,0.,-1.));
#2864=DIRECTION('ref_axis',(1.,0.,0.));
#2865=DIRECTION('center_axis',(1.29086329945263E-30,-9.4587646341931E-44,
-1.));
#2866=DIRECTION('ref_axis',(1.,0.,0.));
#2867=DIRECTION('',(0.,0.,-1.));
#2868=DIRECTION('center_axis',(0.,0.,1.));
#2869=DIRECTION('ref_axis',(1.,0.,0.));
#2870=DIRECTION('center_axis',(0.,0.,-1.));
#2871=DIRECTION('ref_axis',(1.,0.,0.));
#2872=DIRECTION('',(0.857167300702112,-1.04972719113862E-16,-0.515038074910054));
#2873=DIRECTION('center_axis',(0.,0.,-1.));
#2874=DIRECTION('ref_axis',(1.,0.,0.));
#2875=DIRECTION('center_axis',(1.29086329945263E-30,-9.4587646341931E-44,
-1.));
#2876=DIRECTION('ref_axis',(1.,0.,0.));
#2877=DIRECTION('',(0.,0.,-1.));
#2878=DIRECTION('center_axis',(0.,0.,1.));
#2879=DIRECTION('ref_axis',(1.,0.,0.));
#2880=DIRECTION('center_axis',(0.,0.,-1.));
#2881=DIRECTION('ref_axis',(1.,0.,0.));
#2882=DIRECTION('',(0.857167300702112,-1.04972719113862E-16,-0.515038074910054));
#2883=DIRECTION('center_axis',(0.,0.,-1.));
#2884=DIRECTION('ref_axis',(1.,0.,0.));
#2885=DIRECTION('center_axis',(1.29086329945263E-30,-9.4587646341931E-44,
-1.));
#2886=DIRECTION('ref_axis',(1.,0.,0.));
#2887=DIRECTION('',(0.,0.,-1.));
#2888=DIRECTION('center_axis',(5.14326772493681E-14,0.707106781186561,0.707106781186534));
#2889=DIRECTION('ref_axis',(1.,0.,-7.27367897152159E-14));
#2890=DIRECTION('',(0.,0.707106781186534,-0.707106781186561));
#2891=DIRECTION('',(1.,-7.27367897152131E-14,1.57772181044202E-30));
#2892=DIRECTION('',(0.,-0.707106781186534,0.707106781186561));
#2893=DIRECTION('',(-1.,7.27367897152131E-14,-1.57772181044202E-30));
#2894=DIRECTION('center_axis',(-7.27367897152131E-14,-1.,0.));
#2895=DIRECTION('ref_axis',(-1.,7.27367897152131E-14,0.));
#2896=DIRECTION('',(0.,0.,-1.));
#2897=DIRECTION('',(1.,-7.27367897152131E-14,1.28785870856518E-14));
#2898=DIRECTION('',(0.,0.,-1.));
#2899=DIRECTION('center_axis',(-0.707106781186522,0.707106781186573,7.30417452129094E-28));
#2900=DIRECTION('ref_axis',(1.032966266995E-27,0.,1.));
#2901=DIRECTION('',(-0.577350269189636,-0.577350269189595,-0.577350269189647));
#2902=DIRECTION('',(0.,-1.03296626699493E-27,1.));
#2903=DIRECTION('',(0.707106781186573,0.707106781186522,0.));
#2904=DIRECTION('',(0.,1.03296626699493E-27,-1.));
#2905=DIRECTION('center_axis',(7.10542735774088E-14,1.,0.));
#2906=DIRECTION('ref_axis',(0.707106781186527,-3.42657058878469E-14,0.707106781186568));
#2907=DIRECTION('center_axis',(-7.26885389863227E-14,-1.,-1.03296626699493E-27));
#2908=DIRECTION('ref_axis',(0.707106781186527,0.,0.707106781186568));
#2909=DIRECTION('',(5.02429586783764E-14,0.707106781179603,0.707106781193492));
#2910=DIRECTION('center_axis',(7.26885389863227E-14,1.,1.03296626699493E-27));
#2911=DIRECTION('ref_axis',(0.707106781186527,-5.13985588317708E-14,0.707106781186568));
#2912=DIRECTION('center_axis',(5.13985588317712E-14,0.707106781186543,-0.707106781186552));
#2913=DIRECTION('ref_axis',(-1.,0.,-7.26885389863217E-14));
#2914=DIRECTION('',(5.02429586778804E-14,0.707106781186552,0.707106781186543));
#2915=DIRECTION('',(1.,-7.26885389863227E-14,0.));
#2916=DIRECTION('',(-1.,7.26885389863227E-14,0.));
#2917=DIRECTION('center_axis',(7.10542735773103E-14,1.,0.));
#2918=DIRECTION('ref_axis',(-0.707106781186527,3.42657058878465E-14,0.707106781186568));
#2919=DIRECTION('center_axis',(-7.26885389863227E-14,-1.,-1.03296626699493E-27));
#2920=DIRECTION('ref_axis',(-0.707106781186527,0.,0.707106781186568));
#2921=DIRECTION('',(-0.707106781192972,0.707106781180123,0.));
#2922=DIRECTION('center_axis',(7.26885389863227E-14,1.,1.03296626699493E-27));
#2923=DIRECTION('ref_axis',(-0.707106781186527,5.13985588317693E-14,0.707106781186568));
#2924=DIRECTION('center_axis',(0.707106781186573,0.707106781186522,7.30417452129042E-28));
#2925=DIRECTION('ref_axis',(1.03296626699486E-27,0.,-1.));
#2926=DIRECTION('',(-0.577350269189614,0.577350269189655,0.577350269189608));
#2927=DIRECTION('',(0.,-1.03296626699493E-27,1.));
#2928=DIRECTION('',(0.,1.03296626699493E-27,-1.));
#2929=DIRECTION('center_axis',(-1.,0.,0.));
#2930=DIRECTION('ref_axis',(0.,0.,1.));
#2931=DIRECTION('',(0.,1.,0.));
#2932=DIRECTION('',(0.,-1.03365195109309E-27,1.));
#2933=DIRECTION('',(0.,-1.,1.18898902661267E-43));
#2934=DIRECTION('',(0.,-1.,9.82763362951646E-29));
#2935=DIRECTION('center_axis',(0.,1.,0.));
#2936=DIRECTION('ref_axis',(-0.707106781186527,0.,0.707106781186568));
#2937=DIRECTION('',(0.,-1.,0.));
#2938=DIRECTION('center_axis',(-7.27367897152131E-14,-1.,-1.03365195109309E-27));
#2939=DIRECTION('ref_axis',(-0.707106781186527,0.,0.707106781186568));
#2940=DIRECTION('center_axis',(0.,0.,1.));
#2941=DIRECTION('ref_axis',(1.,0.,0.));
#2942=DIRECTION('',(0.,1.,0.));
#2943=DIRECTION('',(1.,-7.27367897152131E-14,0.));
#2944=DIRECTION('center_axis',(0.,1.,0.));
#2945=DIRECTION('ref_axis',(0.707106781186527,0.,0.707106781186568));
#2946=DIRECTION('',(0.,-1.,0.));
#2947=DIRECTION('center_axis',(-7.27367897152131E-14,-1.,-1.03365195109309E-27));
#2948=DIRECTION('ref_axis',(0.707106781186527,0.,0.707106781186568));
#2949=DIRECTION('center_axis',(1.,0.,0.));
#2950=DIRECTION('ref_axis',(0.,0.,-1.));
#2951=DIRECTION('',(0.,1.,-9.82763362951646E-29));
#2952=DIRECTION('',(0.,1.,-1.18898902661267E-43));
#2953=DIRECTION('',(0.,1.03365195109309E-27,-1.));
#2954=DIRECTION('center_axis',(6.05050950921375E-14,0.707106781186549,-0.707106781186546));
#2955=DIRECTION('ref_axis',(-1.,0.,-8.55671260719748E-14));
#2956=DIRECTION('',(1.,-7.26885389863227E-14,1.28785870856518E-14));
#2957=DIRECTION('',(-5.02429586778809E-14,-0.707106781186546,-0.707106781186549));
#2958=DIRECTION('',(-1.,7.26885389863227E-14,-1.28785870856518E-14));
#2959=DIRECTION('center_axis',(1.57772181044202E-30,-1.18898902661267E-43,
-1.));
#2960=DIRECTION('ref_axis',(1.,0.,1.57772181044202E-30));
#2961=DIRECTION('',(1.,-7.30080441434114E-14,-2.52043467127818E-34));
#2962=DIRECTION('',(0.,1.,-1.59538422876407E-74));
#2963=DIRECTION('',(-1.,0.,-1.57772181044202E-30));
#2964=DIRECTION('',(1.86984930463185E-15,-1.,1.21849004691425E-43));
#2965=DIRECTION('',(-1.,0.,-1.57772181044202E-30));
#2966=DIRECTION('',(0.,-1.,1.18898902661267E-43));
#2967=DIRECTION('',(1.,0.,1.57772181044202E-30));
#2968=DIRECTION('',(0.,1.,-1.18898902661267E-43));
#2969=DIRECTION('center_axis',(1.57772181044202E-30,-1.18898902661267E-43,
-1.));
#2970=DIRECTION('ref_axis',(0.,1.,0.));
#2971=DIRECTION('',(1.,0.,1.57772181044202E-30));
#2972=DIRECTION('center_axis',(-1.57772181044202E-30,1.18898902661267E-43,
1.));
#2973=DIRECTION('ref_axis',(0.,-1.,0.));
#2974=DIRECTION('',(0.,1.,-1.18898902661267E-43));
#2975=DIRECTION('',(1.,0.,1.57772181044202E-30));
#2976=DIRECTION('center_axis',(-1.57772181044202E-30,1.18898902661267E-43,
1.));
#2977=DIRECTION('ref_axis',(0.,-1.,0.));
#2978=DIRECTION('',(0.,1.,-1.18898902661267E-43));
#2979=DIRECTION('center_axis',(1.57772181044202E-30,-1.18898902661267E-43,
-1.));
#2980=DIRECTION('ref_axis',(0.,1.,0.));
#2981=DIRECTION('',(1.,0.,1.57772181044202E-30));
#2982=DIRECTION('',(0.,1.,-1.59538422876407E-74));
#2983=DIRECTION('',(-1.,7.28306014169151E-14,0.));
#2984=DIRECTION('',(-7.26577550671471E-14,-1.,0.));
#2985=DIRECTION('',(1.,-7.30080441434114E-14,-2.52043467127818E-34));
#2986=DIRECTION('center_axis',(6.05050950921375E-14,0.707106781186549,-0.707106781186546));
#2987=DIRECTION('ref_axis',(-1.,0.,-8.55671260719748E-14));
#2988=DIRECTION('',(-1.,7.26885389863227E-14,-1.28785870856518E-14));
#2989=DIRECTION('',(-5.0242958677885E-14,-0.707106781186604,-0.707106781186491));
#2990=DIRECTION('',(1.,-7.26885389863227E-14,1.28785870856518E-14));
#2991=DIRECTION('center_axis',(-7.27367897152131E-14,-1.,-1.03365195109309E-27));
#2992=DIRECTION('ref_axis',(-1.,7.27367897152131E-14,-1.28785870856518E-14));
#2993=DIRECTION('',(0.,0.,-1.));
#2994=DIRECTION('',(1.4210854715202E-14,0.,-1.));
#2995=DIRECTION('',(-1.,7.27367897152131E-14,-1.28785870856518E-14));
#2996=DIRECTION('',(-7.07559101477915E-28,-1.03365195109304E-27,1.));
#2997=DIRECTION('',(1.,-7.27367910280145E-14,3.59385804381806E-45));
#2998=DIRECTION('',(0.,0.,-1.));
#2999=DIRECTION('center_axis',(-1.,0.,0.));
#3000=DIRECTION('ref_axis',(0.,1.,-1.59538422876407E-74));
#3001=DIRECTION('',(0.,0.,1.));
#3002=DIRECTION('',(0.,1.,-9.4587646341931E-44));
#3003=DIRECTION('',(0.,0.,-1.));
#3004=DIRECTION('center_axis',(-1.,0.,0.));
#3005=DIRECTION('ref_axis',(0.,1.,-1.59538422876407E-74));
#3006=DIRECTION('',(0.,0.,-1.));
#3007=DIRECTION('',(0.,1.,-9.4587646341931E-44));
#3008=DIRECTION('center_axis',(-7.28306014169151E-14,-1.,0.));
#3009=DIRECTION('ref_axis',(-1.,7.28306014169151E-14,0.));
#3010=DIRECTION('',(-1.,7.28306014169151E-14,-1.29086329945263E-30));
#3011=DIRECTION('',(0.,0.,-1.));
#3012=DIRECTION('center_axis',(1.,-7.26577550671471E-14,0.));
#3013=DIRECTION('ref_axis',(-7.26577550671471E-14,-1.,0.));
#3014=DIRECTION('',(-7.26577550671471E-14,-1.,7.96416905132559E-46));
#3015=DIRECTION('center_axis',(1.42108547152035E-14,2.07602130654358E-14,
-1.));
#3016=DIRECTION('ref_axis',(-0.955297562048752,0.29564601797371,-7.43792053898091E-15));
#3017=DIRECTION('center_axis',(-1.29086329945263E-30,9.4587646341931E-44,
1.));
#3018=DIRECTION('ref_axis',(-0.955297562048752,0.29564601797371,-7.43792053898091E-15));
#3019=DIRECTION('',(-1.42108547152035E-14,-2.07602130654358E-14,1.));
#3020=DIRECTION('center_axis',(-1.28785870856518E-14,9.82763362951646E-29,
1.));
#3021=DIRECTION('ref_axis',(-0.955297562048752,0.29564601797371,-7.43792053898091E-15));
#3022=DIRECTION('',(1.42108547152035E-14,2.07602130654358E-14,-1.));
#3023=DIRECTION('center_axis',(-0.825186864112615,0.564859840399358,0.));
#3024=DIRECTION('ref_axis',(0.564859840399358,0.825186864112615,-7.5429514113314E-45));
#3025=DIRECTION('',(0.564859840399358,0.825186864112615,-7.5429514113314E-45));
#3026=DIRECTION('',(7.07559101477915E-28,1.03365195109304E-27,-1.));
#3027=DIRECTION('',(0.564859840399358,0.825186864112615,7.27459664577044E-15));
#3028=DIRECTION('center_axis',(7.07559101477915E-28,1.03365195109304E-27,
-1.));
#3029=DIRECTION('ref_axis',(-0.466444080035641,0.884550688315658,5.84142774116966E-28));
#3030=DIRECTION('center_axis',(-1.29086329945263E-30,9.4587646341931E-44,
1.));
#3031=DIRECTION('ref_axis',(-0.466444080035641,0.884550688315658,5.84142774116966E-28));
#3032=DIRECTION('center_axis',(-1.28785870856518E-14,9.82763362951646E-29,
1.));
#3033=DIRECTION('ref_axis',(-0.466444080035641,0.884550688315658,5.84142774116966E-28));
#3034=DIRECTION('center_axis',(-1.29086329945263E-30,9.4587646341931E-44,
1.));
#3035=DIRECTION('ref_axis',(-1.,0.,-1.29086329945263E-30));
#3036=DIRECTION('',(7.21147755973639E-14,1.,-1.49732917503186E-45));
#3037=DIRECTION('center_axis',(1.29086329945263E-30,-9.4587646341931E-44,
-1.));
#3038=DIRECTION('ref_axis',(-7.10542722632083E-14,-1.,-1.00974194002686E-27));
#3039=DIRECTION('',(-1.,7.24612691560713E-14,-1.29086329945263E-30));
#3040=DIRECTION('center_axis',(1.29086329945263E-30,-9.4587646341931E-44,
-1.));
#3041=DIRECTION('ref_axis',(1.,-7.26691421172087E-14,1.4210854715202E-14));
#3042=DIRECTION('',(-7.46980628858578E-14,-1.,-1.83734157762735E-45));
#3043=DIRECTION('',(-1.,7.2699066970764E-14,-1.29086329945263E-30));
#3044=DIRECTION('',(7.3207418801669E-14,1.,-8.68761631980952E-47));
#3045=DIRECTION('center_axis',(1.29086329945263E-30,-9.4587646341931E-44,
-1.));
#3046=DIRECTION('ref_axis',(-7.75137516792092E-14,-1.,-1.10153666354349E-27));
#3047=DIRECTION('',(-1.,7.28130238568439E-14,-1.29086329945263E-30));
#3048=DIRECTION('center_axis',(1.29086329945263E-30,-9.4587646341931E-44,
-1.));
#3049=DIRECTION('ref_axis',(1.,-7.26691421172092E-14,1.4210854715202E-14));
#3050=DIRECTION('',(-7.26509823389358E-14,-1.,8.05159571417582E-46));
#3051=DIRECTION('center_axis',(1.29086329945263E-30,-9.4587646341931E-44,
-1.));
#3052=DIRECTION('ref_axis',(6.45947928472076E-14,1.,9.17947216510237E-28));
#3053=DIRECTION('',(-1.,0.,0.));
#3054=DIRECTION('center_axis',(0.,0.,1.));
#3055=DIRECTION('ref_axis',(0.,1.,0.));
#3056=DIRECTION('',(0.,-1.,0.));
#3057=DIRECTION('center_axis',(0.,0.,-1.));
#3058=DIRECTION('ref_axis',(0.,-1.,0.));
#3059=DIRECTION('',(-1.,0.,0.));
#3060=DIRECTION('',(0.,-1.,0.));
#3061=DIRECTION('center_axis',(0.,0.,-1.));
#3062=DIRECTION('ref_axis',(0.,-1.,0.));
#3063=DIRECTION('',(-1.,0.,0.));
#3064=DIRECTION('center_axis',(0.,0.,1.));
#3065=DIRECTION('ref_axis',(0.,1.,0.));
#3066=DIRECTION('',(0.,-1.,0.));
#3067=DIRECTION('',(-1.,0.,0.));
#3068=DIRECTION('',(0.,-1.,0.));
#3069=DIRECTION('',(1.,0.,0.));
#3070=DIRECTION('',(-1.86984930463185E-15,1.,0.));
#3071=DIRECTION('',(1.,0.,0.));
#3072=DIRECTION('',(1.98201680150073E-15,-1.,0.));
#3073=DIRECTION('',(1.,0.,0.));
#3074=DIRECTION('',(0.,-1.,0.));
#3075=DIRECTION('',(-1.,-4.67462326157961E-16,0.));
#3076=DIRECTION('center_axis',(0.,-1.,0.));
#3077=DIRECTION('ref_axis',(1.,0.,0.));
#3078=DIRECTION('',(0.,0.,1.));
#3079=DIRECTION('center_axis',(1.,1.86984930463185E-15,0.));
#3080=DIRECTION('ref_axis',(-1.86984930463185E-15,1.,0.));
#3081=DIRECTION('',(0.,0.,1.));
#3082=DIRECTION('center_axis',(0.,-1.,0.));
#3083=DIRECTION('ref_axis',(1.,0.,0.));
#3084=DIRECTION('',(0.,0.,-1.));
#3085=DIRECTION('center_axis',(1.,0.,0.));
#3086=DIRECTION('ref_axis',(0.,1.,0.));
#3087=DIRECTION('',(0.,0.,1.));
#3088=DIRECTION('center_axis',(0.,1.,0.));
#3089=DIRECTION('ref_axis',(-1.,0.,0.));
#3090=DIRECTION('',(0.,0.,-1.));
#3091=DIRECTION('center_axis',(-1.,0.,0.));
#3092=DIRECTION('ref_axis',(0.,-1.,0.));
#3093=DIRECTION('',(0.,0.,1.));
#3094=DIRECTION('center_axis',(0.,0.,1.));
#3095=DIRECTION('ref_axis',(0.,1.,0.));
#3096=DIRECTION('',(0.,0.,1.));
#3097=DIRECTION('center_axis',(0.,1.,0.));
#3098=DIRECTION('ref_axis',(-1.,0.,0.));
#3099=DIRECTION('',(0.,0.,1.));
#3100=DIRECTION('center_axis',(0.,0.,1.));
#3101=DIRECTION('ref_axis',(0.,-1.,0.));
#3102=DIRECTION('',(0.,0.,1.));
#3103=DIRECTION('center_axis',(-1.,0.,0.));
#3104=DIRECTION('ref_axis',(0.,-1.,0.));
#3105=DIRECTION('',(0.,0.,1.));
#3106=DIRECTION('center_axis',(0.,1.,0.));
#3107=DIRECTION('ref_axis',(-1.,0.,0.));
#3108=DIRECTION('',(0.,0.,1.));
#3109=DIRECTION('center_axis',(0.,0.,1.));
#3110=DIRECTION('ref_axis',(0.,-1.,0.));
#3111=DIRECTION('',(0.,0.,1.));
#3112=DIRECTION('center_axis',(-1.,0.,0.));
#3113=DIRECTION('ref_axis',(0.,-1.,0.));
#3114=DIRECTION('',(0.,0.,1.));
#3115=DIRECTION('center_axis',(0.,0.,1.));
#3116=DIRECTION('ref_axis',(0.,1.,0.));
#3117=DIRECTION('',(0.,0.,1.));
#3118=DIRECTION('center_axis',(0.,1.,0.));
#3119=DIRECTION('ref_axis',(-1.,0.,0.));
#3120=DIRECTION('center_axis',(-1.,0.,0.));
#3121=DIRECTION('ref_axis',(0.,-1.,0.));
#3122=DIRECTION('',(0.,1.,-1.18898902661267E-43));
#3123=DIRECTION('',(0.,0.,-1.));
#3124=DIRECTION('',(0.,0.,1.));
#3125=DIRECTION('center_axis',(0.,-1.,0.));
#3126=DIRECTION('ref_axis',(1.,0.,0.));
#3127=DIRECTION('',(0.,0.,-1.));
#3128=DIRECTION('',(-1.,0.,-1.57772181044202E-30));
#3129=DIRECTION('center_axis',(1.,0.,0.));
#3130=DIRECTION('ref_axis',(0.,1.,0.));
#3131=DIRECTION('',(1.98201680150073E-15,-1.,1.22025973797657E-43));
#3132=DIRECTION('',(0.,0.,1.));
#3133=DIRECTION('center_axis',(-4.67462326157961E-16,1.,0.));
#3134=DIRECTION('ref_axis',(-1.,-4.67462326157961E-16,0.));
#3135=DIRECTION('',(1.,4.67462326157961E-16,1.57772181044202E-30));
#3136=DIRECTION('center_axis',(1.4210854715202E-14,0.,-1.));
#3137=DIRECTION('ref_axis',(1.,-7.26691421172092E-14,1.4210854715202E-14));
#3138=DIRECTION('',(1.4210854715202E-14,0.,-1.));
#3139=DIRECTION('center_axis',(-1.28785870856518E-14,9.82763362951646E-29,
1.));
#3140=DIRECTION('ref_axis',(1.,-7.26691421172092E-14,1.28785870856518E-14));
#3141=DIRECTION('',(1.4210854715202E-14,0.,-1.));
#3142=DIRECTION('center_axis',(7.28130238568439E-14,1.,1.03473530340415E-27));
#3143=DIRECTION('ref_axis',(1.,-7.28130238568439E-14,1.28785870856518E-14));
#3144=DIRECTION('',(1.4210854715202E-14,0.,-1.));
#3145=DIRECTION('',(1.,-7.28130238568439E-14,1.28785870856518E-14));
#3146=DIRECTION('center_axis',(1.4210854715202E-14,0.,-1.));
#3147=DIRECTION('ref_axis',(-7.75137516792092E-14,-1.,-1.10153666354349E-27));
#3148=DIRECTION('',(1.4210854715202E-14,0.,-1.));
#3149=DIRECTION('center_axis',(-1.28785870856518E-14,9.82763362951646E-29,
1.));
#3150=DIRECTION('ref_axis',(-7.75137516792092E-14,-1.,-8.9999126504112E-28));
#3151=DIRECTION('center_axis',(1.,-7.3207418801669E-14,1.4210854715202E-14));
#3152=DIRECTION('ref_axis',(-7.3207418801669E-14,-1.,-8.44531782057913E-28));
#3153=DIRECTION('',(1.4210854715202E-14,0.,-1.));
#3154=DIRECTION('',(-7.3207418801669E-14,-1.,-8.44531782057913E-28));
#3155=DIRECTION('center_axis',(7.2699066970764E-14,1.,1.03311587865227E-27));
#3156=DIRECTION('ref_axis',(1.,-7.2699066970764E-14,1.28785870856518E-14));
#3157=DIRECTION('',(1.4210854715202E-14,0.,-1.));
#3158=DIRECTION('',(1.,-7.2699066970764E-14,1.28785870856518E-14));
#3159=DIRECTION('center_axis',(-1.,7.46980628858578E-14,-1.4210854715202E-14));
#3160=DIRECTION('ref_axis',(7.46980628858578E-14,1.,8.6372917170985E-28));
#3161=DIRECTION('',(1.4210854715202E-14,0.,-1.));
#3162=DIRECTION('',(7.46980628858578E-14,1.,8.6372917170985E-28));
#3163=DIRECTION('center_axis',(1.4210854715202E-14,0.,-1.));
#3164=DIRECTION('ref_axis',(1.,-7.26691421172087E-14,1.4210854715202E-14));
#3165=DIRECTION('',(1.4210854715202E-14,0.,-1.));
#3166=DIRECTION('center_axis',(-1.28785870856518E-14,9.82763362951646E-29,
1.));
#3167=DIRECTION('ref_axis',(1.,-7.26691421172087E-14,1.28785870856518E-14));
#3168=DIRECTION('center_axis',(7.24612691560713E-14,1.,1.02973656845608E-27));
#3169=DIRECTION('ref_axis',(1.,-7.24612691560713E-14,1.28785870856518E-14));
#3170=DIRECTION('',(1.4210854715202E-14,0.,-1.));
#3171=DIRECTION('',(1.,-7.24612691560713E-14,1.28785870856518E-14));
#3172=DIRECTION('center_axis',(1.57772181044202E-30,-1.18898902661267E-43,
-1.));
#3173=DIRECTION('ref_axis',(1.,0.,1.57772181044202E-30));
#3174=DIRECTION('center_axis',(1.28785870856518E-14,-9.82763362951646E-29,
-1.));
#3175=DIRECTION('ref_axis',(1.,1.31280140418849E-21,1.28785870856518E-14));
#3176=DIRECTION('center_axis',(1.28785870856518E-14,-9.82763362951646E-29,
-1.));
#3177=DIRECTION('ref_axis',(-0.136098131267994,-0.990695361180903,-1.75275163572923E-15));
#3178=DIRECTION('',(-1.,7.22400400681342E-14,-1.28785870856518E-14));
#3179=DIRECTION('center_axis',(1.28785870856518E-14,-9.82763362951646E-29,
-1.));
#3180=DIRECTION('ref_axis',(1.,-7.29575117339949E-14,1.28785870856518E-14));
#3181=DIRECTION('',(-7.34493447966472E-14,-1.,-8.47647447052524E-28));
#3182=DIRECTION('center_axis',(1.28785870856518E-14,-9.82763362951646E-29,
-1.));
#3183=DIRECTION('ref_axis',(6.76707354262558E-14,1.,7.73227123041974E-28));
#3184=DIRECTION('',(1.,-7.26885389863227E-14,1.28785870856518E-14));
#3185=DIRECTION('center_axis',(1.28785870856518E-14,-9.82763362951646E-29,
-1.));
#3186=DIRECTION('ref_axis',(-0.466444080035639,0.884550688315659,-6.00714070532581E-15));
#3187=DIRECTION('',(0.564859840399358,0.825186864112616,7.27459664577043E-15));
#3188=DIRECTION('center_axis',(1.28785870856518E-14,-9.82763362951646E-29,
-1.));
#3189=DIRECTION('ref_axis',(-0.955297562048751,0.295646017973714,-1.23028828455557E-14));
#3190=DIRECTION('',(7.29196522815747E-14,1.,8.40825755868544E-28));
#3191=DIRECTION('center_axis',(1.28785870856518E-14,-9.82763362951646E-29,
-1.));
#3192=DIRECTION('ref_axis',(-7.19001564724466E-14,-1.,-8.27696090307231E-28));
#3193=DIRECTION('',(-1.,7.2682834843786E-14,-1.28785870856518E-14));
#3194=DIRECTION('center_axis',(-1.28785870856518E-14,9.82763362951646E-29,
1.));
#3195=DIRECTION('ref_axis',(0.136098131267987,0.990695361180904,1.75275163572914E-15));
#3196=DIRECTION('',(-0.962954597330742,0.269663574625103,-1.24014946412528E-14));
#3197=DIRECTION('center_axis',(-1.28785870856518E-14,9.82763362951646E-29,
1.));
#3198=DIRECTION('ref_axis',(6.45947928472076E-14,1.,7.33613328667238E-28));
#3199=DIRECTION('',(7.26509823389358E-14,1.,8.37365666614972E-28));
#3200=DIRECTION('center_axis',(-1.28785870856518E-14,9.82763362951646E-29,
1.));
#3201=DIRECTION('ref_axis',(-7.10542722632083E-14,-1.,-8.16802296854178E-28));
#3202=DIRECTION('',(0.,1.,-9.82763362951646E-29));
#3203=DIRECTION('',(-1.,7.26021572852722E-14,-1.28785870856518E-14));
#3204=DIRECTION('center_axis',(-1.28785870856518E-14,9.82763362951646E-29,
1.));
#3205=DIRECTION('ref_axis',(0.707106781186603,0.707106781186492,9.10653626036654E-15));
#3206=DIRECTION('',(7.19770438564365E-14,1.,8.28686291177733E-28));
#3207=DIRECTION('center_axis',(-1.28785870856518E-14,9.82763362951646E-29,
1.));
#3208=DIRECTION('ref_axis',(0.604291496454663,-0.796763319507483,7.78242066221031E-15));
#3209=DIRECTION('',(0.962954597330742,-0.269663574625103,1.24014946412528E-14));
#3210=DIRECTION('center_axis',(-1.28785870856518E-14,9.82763362951646E-29,
1.));
#3211=DIRECTION('ref_axis',(-0.796763319507484,-0.604291496454662,-1.02611857969301E-14));
#3212=DIRECTION('',(-7.38964291018801E-14,-1.,-8.53405261212093E-28));
#3213=DIRECTION('center_axis',(-1.28785870856518E-14,9.82763362951646E-29,
1.));
#3214=DIRECTION('ref_axis',(-0.707106781186502,0.707106781186593,-9.10653626036538E-15));
#3215=DIRECTION('center_axis',(-4.22309414848224E-14,-0.707106781186547,
-0.707106781186548));
#3216=DIRECTION('ref_axis',(-1.,0.,5.97235701996203E-14));
#3217=DIRECTION('',(6.69906115705076E-14,0.707106781186548,-0.707106781186547));
#3218=DIRECTION('',(1.,-7.26021572852722E-14,1.28785870856518E-14));
#3219=DIRECTION('',(-6.69906115705077E-14,-0.707106781186548,0.707106781186547));
#3220=DIRECTION('',(-1.,7.26021572852722E-14,-1.28785870856518E-14));
#3221=DIRECTION('center_axis',(1.18423789293352E-14,0.,-1.));
#3222=DIRECTION('ref_axis',(-0.707106781186502,0.707106781186593,-9.46886528929233E-15));
#3223=DIRECTION('center_axis',(-1.28785870856518E-14,9.82763362951646E-29,
1.));
#3224=DIRECTION('ref_axis',(-0.707106781186502,0.707106781186593,-1.00485917355754E-14));
#3225=DIRECTION('',(-0.707106781186545,5.44298719010378E-14,-0.70710678118655));
#3226=DIRECTION('center_axis',(1.28785870856518E-14,-9.82763362951646E-29,
-1.));
#3227=DIRECTION('ref_axis',(-0.707106781186502,0.707106781186593,-9.10653626036538E-15));
#3228=DIRECTION('center_axis',(0.70710678118656,-5.22526661234106E-14,-0.707106781186535));
#3229=DIRECTION('ref_axis',(-0.707106781186535,0.,-0.70710678118656));
#3230=DIRECTION('',(-0.707106781186535,5.0242958677881E-14,-0.70710678118656));
#3231=DIRECTION('',(7.38964291018801E-14,1.,8.53405261212093E-28));
#3232=DIRECTION('',(-7.38964291018801E-14,-1.,-8.53405261212093E-28));
#3233=DIRECTION('center_axis',(1.18423789293352E-14,0.,-1.));
#3234=DIRECTION('ref_axis',(-0.796763319507484,-0.604291496454662,-1.06694557888504E-14));
#3235=DIRECTION('center_axis',(-1.28785870856518E-14,9.82763362951646E-29,
1.));
#3236=DIRECTION('ref_axis',(-0.796763319507484,-0.604291496454662,-1.1322687775923E-14));
#3237=DIRECTION('',(-0.190680942256409,-0.680911725747332,-0.707106781186546));
#3238=DIRECTION('center_axis',(1.28785870856518E-14,-9.82763362951646E-29,
-1.));
#3239=DIRECTION('ref_axis',(-0.796763319507484,-0.604291496454662,-1.02611857969301E-14));
#3240=DIRECTION('center_axis',(0.190680942256424,0.680911725747329,-0.707106781186545));
#3241=DIRECTION('ref_axis',(-0.965510778053664,0.,-0.260363087749029));
#3242=DIRECTION('',(-0.190680942256415,-0.680911725747328,-0.707106781186549));
#3243=DIRECTION('',(-0.962954597330742,0.269663574625103,-1.24014946412528E-14));
#3244=DIRECTION('',(0.962954597330742,-0.269663574625103,1.24014946412528E-14));
#3245=DIRECTION('center_axis',(2.36847578586697E-14,0.,-1.));
#3246=DIRECTION('ref_axis',(0.604291496454663,-0.796763319507483,8.09206604664835E-15));
#3247=DIRECTION('center_axis',(-1.28785870856518E-14,9.82763362951646E-29,
1.));
#3248=DIRECTION('ref_axis',(0.604291496454663,-0.796763319507483,8.58749866174923E-15));
#3249=DIRECTION('',(0.70710678118656,-5.23364152894581E-14,-0.707106781186535));
#3250=DIRECTION('center_axis',(1.28785870856518E-14,-9.82763362951646E-29,
-1.));
#3251=DIRECTION('ref_axis',(0.604291496454663,-0.796763319507483,7.78242066221031E-15));
#3252=DIRECTION('center_axis',(-0.707106781186546,5.08954558006483E-14,
-0.707106781186549));
#3253=DIRECTION('ref_axis',(-0.707106781186549,0.,0.707106781186546));
#3254=DIRECTION('',(0.707106781186557,-5.02429586778808E-14,-0.707106781186538));
#3255=DIRECTION('',(-7.19770438564365E-14,-1.,-8.28686291177733E-28));
#3256=DIRECTION('',(7.19770438564365E-14,1.,8.28686291177733E-28));
#3257=DIRECTION('center_axis',(2.36847578586697E-14,0.,-1.));
#3258=DIRECTION('ref_axis',(0.707106781186603,0.707106781186492,9.46886528929356E-15));
#3259=DIRECTION('center_axis',(-1.28785870856518E-14,9.82763362951646E-29,
1.));
#3260=DIRECTION('ref_axis',(0.707106781186603,0.707106781186492,1.00485917355768E-14));
#3261=DIRECTION('center_axis',(1.28785870856518E-14,-9.82763362951646E-29,
-1.));
#3262=DIRECTION('ref_axis',(0.707106781186603,0.707106781186492,9.10653626036654E-15));
#3263=DIRECTION('center_axis',(-1.4210854715202E-14,0.,1.));
#3264=DIRECTION('ref_axis',(-0.796763319507484,-0.604291496454662,-1.1322687775923E-14));
#3265=DIRECTION('',(-1.4210854715202E-14,0.,1.));
#3266=DIRECTION('center_axis',(1.28785870856518E-14,-9.82763362951646E-29,
-1.));
#3267=DIRECTION('ref_axis',(-0.796763319507484,-0.604291496454662,-1.1322687775923E-14));
#3268=DIRECTION('',(1.4210854715202E-14,0.,-1.));
#3269=DIRECTION('center_axis',(1.,-7.38964291018801E-14,1.4210854715202E-14));
#3270=DIRECTION('ref_axis',(-7.38964291018801E-14,-1.,-8.53405261212093E-28));
#3271=DIRECTION('',(1.4210854715202E-14,0.,-1.));
#3272=DIRECTION('',(7.38964291018801E-14,1.,8.53405261212093E-28));
#3273=DIRECTION('center_axis',(-1.4210854715202E-14,0.,1.));
#3274=DIRECTION('ref_axis',(-0.707106781186502,0.707106781186593,-1.00485917355754E-14));
#3275=DIRECTION('',(-1.4210854715202E-14,0.,1.));
#3276=DIRECTION('center_axis',(1.28785870856518E-14,-9.82763362951646E-29,
-1.));
#3277=DIRECTION('ref_axis',(-0.707106781186502,0.707106781186593,-1.00485917355754E-14));
#3278=DIRECTION('center_axis',(-7.26021572852722E-14,-1.,-1.03173870919125E-27));
#3279=DIRECTION('ref_axis',(-1.,7.26021572852722E-14,-1.28785870856518E-14));
#3280=DIRECTION('',(1.4210854715202E-14,0.,-1.));
#3281=DIRECTION('',(1.,-7.26021572852722E-14,1.28785870856518E-14));
#3282=DIRECTION('center_axis',(1.28785870856518E-14,-9.82763362951646E-29,
-1.));
#3283=DIRECTION('ref_axis',(1.,1.31280140418849E-21,1.28785870856518E-14));
#3284=DIRECTION('center_axis',(-1.28785870856518E-14,9.82763362951646E-29,
1.));
#3285=DIRECTION('ref_axis',(6.76707354262558E-14,1.,7.73227123041974E-28));
#3286=DIRECTION('',(7.34493447966472E-14,1.,8.47647447052524E-28));
#3287=DIRECTION('center_axis',(-1.28785870856518E-14,9.82763362951646E-29,
1.));
#3288=DIRECTION('ref_axis',(1.,-7.29575117339949E-14,1.28785870856518E-14));
#3289=DIRECTION('',(1.,-7.22400400681342E-14,1.28785870856518E-14));
#3290=DIRECTION('center_axis',(-1.28785870856518E-14,9.82763362951646E-29,
1.));
#3291=DIRECTION('ref_axis',(-0.136098131267994,-0.990695361180903,-1.75275163572923E-15));
#3292=DIRECTION('',(0.962954597330742,-0.269663574625103,1.24014946412528E-14));
#3293=DIRECTION('center_axis',(1.28785870856518E-14,-9.82763362951646E-29,
-1.));
#3294=DIRECTION('ref_axis',(0.136098131267987,0.990695361180904,1.75275163572914E-15));
#3295=DIRECTION('',(1.,-7.2682834843786E-14,1.28785870856518E-14));
#3296=DIRECTION('center_axis',(-1.28785870856518E-14,9.82763362951646E-29,
1.));
#3297=DIRECTION('ref_axis',(-7.19001564724466E-14,-1.,-8.27696090307231E-28));
#3298=DIRECTION('',(-7.29196522815747E-14,-1.,-8.40825755868544E-28));
#3299=DIRECTION('center_axis',(-1.28785870856518E-14,9.82763362951646E-29,
1.));
#3300=DIRECTION('ref_axis',(-0.955297562048751,0.295646017973714,-1.23028828455557E-14));
#3301=DIRECTION('',(-0.564859840399358,-0.825186864112616,-7.27459664577043E-15));
#3302=DIRECTION('center_axis',(-1.28785870856518E-14,9.82763362951646E-29,
1.));
#3303=DIRECTION('ref_axis',(-0.466444080035639,0.884550688315659,-6.00714070532581E-15));
#3304=DIRECTION('center_axis',(-6.04440140055542E-14,-0.707106781186547,
0.707106781186548));
#3305=DIRECTION('ref_axis',(1.,0.,8.54807443709239E-14));
#3306=DIRECTION('',(3.34953057852538E-14,0.707106781186548,0.707106781186547));
#3307=DIRECTION('',(-3.34953057852538E-14,-0.707106781186548,-0.707106781186547));
#3308=DIRECTION('center_axis',(-2.36847578586704E-14,0.,1.));
#3309=DIRECTION('ref_axis',(0.707106781186603,0.707106781186492,9.46886528929356E-15));
#3310=DIRECTION('center_axis',(1.28785870856518E-14,-9.82763362951646E-29,
-1.));
#3311=DIRECTION('ref_axis',(0.707106781186603,0.707106781186492,1.00485917355768E-14));
#3312=DIRECTION('',(0.707106781186536,-5.02429586778817E-14,0.707106781186558));
#3313=DIRECTION('center_axis',(-0.707106781186564,5.08954558006484E-14,
0.707106781186531));
#3314=DIRECTION('ref_axis',(0.707106781186531,0.,0.707106781186564));
#3315=DIRECTION('',(0.707106781186531,-5.02429586778813E-14,0.707106781186564));
#3316=DIRECTION('',(-7.19770438564365E-14,-1.,-8.28686291177733E-28));
#3317=DIRECTION('center_axis',(-2.36847578586703E-14,0.,1.));
#3318=DIRECTION('ref_axis',(0.604291496454663,-0.796763319507483,8.09206604664836E-15));
#3319=DIRECTION('center_axis',(1.28785870856518E-14,-9.82763362951646E-29,
-1.));
#3320=DIRECTION('ref_axis',(0.604291496454663,-0.796763319507483,8.58749866174923E-15));
#3321=DIRECTION('',(-0.190680942256433,-0.680911725747333,0.707106781186538));
#3322=DIRECTION('center_axis',(0.190680942256406,0.680911725747329,0.70710678118655));
#3323=DIRECTION('ref_axis',(0.965510778053671,0.,-0.260363087749004));
#3324=DIRECTION('',(-0.190680942256424,-0.680911725747329,0.707106781186545));
#3325=DIRECTION('',(-0.962954597330742,0.269663574625103,-1.24014946412528E-14));
#3326=DIRECTION('center_axis',(-1.18423789293348E-14,0.,1.));
#3327=DIRECTION('ref_axis',(-0.796763319507484,-0.604291496454662,-1.06694557888504E-14));
#3328=DIRECTION('',(-0.707106781186547,5.44298719010374E-14,0.707106781186548));
#3329=DIRECTION('center_axis',(0.707106781186538,-5.22526661234103E-14,
0.707106781186557));
#3330=DIRECTION('ref_axis',(0.707106781186557,0.,-0.707106781186538));
#3331=DIRECTION('',(-0.707106781186557,5.02429586778808E-14,0.707106781186538));
#3332=DIRECTION('center_axis',(-1.18423789293348E-14,0.,1.));
#3333=DIRECTION('ref_axis',(-0.707106781186502,0.707106781186593,-9.46886528929233E-15));
#3334=DIRECTION('center_axis',(1.4210854715202E-14,0.,-1.));
#3335=DIRECTION('ref_axis',(0.604291496454663,-0.796763319507483,8.58749866174923E-15));
#3336=DIRECTION('',(-1.4210854715202E-14,0.,1.));
#3337=DIRECTION('',(1.4210854715202E-14,0.,-1.));
#3338=DIRECTION('center_axis',(-1.,7.19770438564365E-14,-1.4210854715202E-14));
#3339=DIRECTION('ref_axis',(7.19770438564365E-14,1.,8.28686291177733E-28));
#3340=DIRECTION('',(-1.4210854715202E-14,0.,1.));
#3341=DIRECTION('center_axis',(-1.4210854715202E-14,0.,1.));
#3342=DIRECTION('ref_axis',(0.707106781186603,0.707106781186492,1.00485917355768E-14));
#3343=DIRECTION('center_axis',(0.269663574625103,0.962954597330742,3.83214988097937E-15));
#3344=DIRECTION('ref_axis',(0.962954597330742,-0.269663574625103,1.24014946412528E-14));
#3345=DIRECTION('center_axis',(-0.707106781186538,5.15619806100665E-14,
-0.707106781186557));
#3346=DIRECTION('ref_axis',(-0.707106781186557,0.,0.707106781186538));
#3347=DIRECTION('',(0.707106781186545,-5.02429586778817E-14,-0.70710678118655));
#3348=DIRECTION('',(-0.707106781186545,5.02429586778817E-14,0.70710678118655));
#3349=DIRECTION('',(7.29196522815747E-14,1.,8.40825755868544E-28));
#3350=DIRECTION('center_axis',(0.,0.,1.));
#3351=DIRECTION('ref_axis',(-0.955297562048751,0.295646017973714,-1.30099450780589E-14));
#3352=DIRECTION('center_axis',(1.28785870856518E-14,-9.82763362951646E-29,
-1.));
#3353=DIRECTION('ref_axis',(-0.95529756204875,0.295646017973714,-1.35755948640615E-14));
#3354=DIRECTION('',(0.583495227360168,-0.399416223566387,-0.707106781186456));
#3355=DIRECTION('center_axis',(-0.583495227360085,0.399416223566337,-0.707106781186554));
#3356=DIRECTION('ref_axis',(-0.771302522577217,0.,0.636468709887629));
#3357=DIRECTION('',(0.583495227360101,-0.399416223566328,-0.707106781186545));
#3358=DIRECTION('',(0.564859840399358,0.825186864112616,7.27459664577043E-15));
#3359=DIRECTION('center_axis',(0.,0.,1.));
#3360=DIRECTION('ref_axis',(-0.466444080035639,0.884550688315659,-6.35237867689621E-15));
#3361=DIRECTION('center_axis',(1.28785870856518E-14,-9.82763362951646E-29,
-1.));
#3362=DIRECTION('ref_axis',(-0.466444080035639,0.884550688315659,-6.62856905415252E-15));
#3363=DIRECTION('center_axis',(0.,0.,1.));
#3364=DIRECTION('ref_axis',(6.76707354262558E-14,1.,8.73406090079944E-28));
#3365=DIRECTION('',(-0.707106781186509,5.02429586778774E-14,-0.707106781186586));
#3366=DIRECTION('center_axis',(1.28785870856518E-14,-9.82763362951646E-29,
-1.));
#3367=DIRECTION('ref_axis',(6.76707354262558E-14,1.,9.61658989613394E-28));
#3368=DIRECTION('center_axis',(0.707106781186547,-5.19365297794175E-14,
-0.707106781186548));
#3369=DIRECTION('ref_axis',(-0.707106781186548,0.,-0.707106781186547));
#3370=DIRECTION('',(-0.707106781186548,5.02429586778801E-14,-0.707106781186547));
#3371=DIRECTION('',(-7.34493447966472E-14,-1.,-8.47647447052524E-28));
#3372=DIRECTION('center_axis',(0.,0.,1.));
#3373=DIRECTION('ref_axis',(1.,-7.29575117339949E-14,1.35868812684507E-14));
#3374=DIRECTION('',(5.02429586778775E-14,0.707106781186517,-0.707106781186578));
#3375=DIRECTION('center_axis',(1.28785870856518E-14,-9.82763362951646E-29,
-1.));
#3376=DIRECTION('ref_axis',(1.,-7.29575117339949E-14,1.4210854715202E-14));
#3377=DIRECTION('center_axis',(-4.19748859449998E-14,-0.707106781186548,
-0.707106781186547));
#3378=DIRECTION('ref_axis',(-1.,0.,5.93614529824825E-14));
#3379=DIRECTION('',(5.02429586778807E-14,0.70710678118655,-0.707106781186545));
#3380=DIRECTION('',(-1.,7.22400400681342E-14,-1.28785870856518E-14));
#3381=DIRECTION('center_axis',(0.,0.,1.));
#3382=DIRECTION('ref_axis',(-0.136098131267994,-0.990695361180903,-1.85348448835735E-15));
#3383=DIRECTION('center_axis',(1.28785870856518E-14,-9.82763362951646E-29,
-1.));
#3384=DIRECTION('ref_axis',(-0.136098131267994,-0.990695361180903,-1.93407077045985E-15));
#3385=DIRECTION('',(0.190680942256378,0.68091172574731,-0.707106781186575));
#3386=DIRECTION('center_axis',(-0.190680942256406,-0.68091172574733,-0.707106781186548));
#3387=DIRECTION('ref_axis',(-0.96551077805367,0.,0.260363087749005));
#3388=DIRECTION('',(0.190680942256408,0.680911725747332,-0.707106781186547));
#3389=DIRECTION('',(-0.962954597330742,0.269663574625103,-1.24014946412528E-14));
#3390=DIRECTION('center_axis',(0.,0.,-1.));
#3391=DIRECTION('ref_axis',(0.136098131267987,0.990695361180904,1.8351694242431E-15));
#3392=DIRECTION('center_axis',(-1.28785870856518E-14,9.82763362951646E-29,
1.));
#3393=DIRECTION('ref_axis',(0.136098131267987,0.990695361180904,1.93407077045985E-15));
#3394=DIRECTION('',(5.02429586778825E-14,0.707106781186569,-0.707106781186526));
#3395=DIRECTION('center_axis',(-4.22879891335372E-14,-0.707106781186549,
-0.707106781186546));
#3396=DIRECTION('ref_axis',(-1.,0.,5.98042477581344E-14));
#3397=DIRECTION('',(5.02429586778809E-14,0.707106781186546,-0.707106781186549));
#3398=DIRECTION('',(-1.,7.2682834843786E-14,-1.28785870856518E-14));
#3399=DIRECTION('center_axis',(0.,0.,1.));
#3400=DIRECTION('ref_axis',(-7.19001564724466E-14,-1.,-9.30870731668825E-28));
#3401=DIRECTION('center_axis',(1.28785870856518E-14,-9.82763362951646E-29,
-1.));
#3402=DIRECTION('ref_axis',(-7.19001564724466E-14,-1.,-1.02176267763023E-27));
#3403=DIRECTION('center_axis',(1.,-7.34493447966472E-14,1.4210854715202E-14));
#3404=DIRECTION('ref_axis',(-7.34493447966472E-14,-1.,-8.47647447052524E-28));
#3405=DIRECTION('',(1.4210854715202E-14,0.,-1.));
#3406=DIRECTION('',(7.34493447966472E-14,1.,8.47647447052524E-28));
#3407=DIRECTION('',(1.4210854715202E-14,0.,-1.));
#3408=DIRECTION('center_axis',(1.4210854715202E-14,0.,-1.));
#3409=DIRECTION('ref_axis',(6.76707354262558E-14,1.,9.61658989613394E-28));
#3410=DIRECTION('',(1.4210854715202E-14,0.,-1.));
#3411=DIRECTION('center_axis',(-1.28785870856518E-14,9.82763362951646E-29,
1.));
#3412=DIRECTION('ref_axis',(6.76707354262558E-14,1.,9.61658989613394E-28));
#3413=DIRECTION('center_axis',(7.26885389863227E-14,1.,1.03296626699493E-27));
#3414=DIRECTION('ref_axis',(1.,-7.26885389863227E-14,1.28785870856518E-14));
#3415=DIRECTION('',(1.4210854715202E-14,0.,-1.));
#3416=DIRECTION('',(-1.,7.26885389863227E-14,-1.28785870856518E-14));
#3417=DIRECTION('center_axis',(1.4210854715202E-14,0.,-1.));
#3418=DIRECTION('ref_axis',(-0.466444080035639,0.884550688315659,-6.62856905415252E-15));
#3419=DIRECTION('',(-1.4210854715202E-14,0.,1.));
#3420=DIRECTION('center_axis',(-1.28785870856518E-14,9.82763362951646E-29,
1.));
#3421=DIRECTION('ref_axis',(-0.466444080035639,0.884550688315659,-6.62856905415252E-15));
#3422=DIRECTION('center_axis',(-0.825186864112616,0.564859840399358,-1.17266106387975E-14));
#3423=DIRECTION('ref_axis',(0.564859840399358,0.825186864112616,7.27459664577043E-15));
#3424=DIRECTION('',(1.4210854715202E-14,0.,-1.));
#3425=DIRECTION('',(-0.564859840399358,-0.825186864112616,-7.27459664577043E-15));
#3426=DIRECTION('center_axis',(1.4210854715202E-14,0.,-1.));
#3427=DIRECTION('ref_axis',(-0.95529756204875,0.295646017973714,-1.35755948640615E-14));
#3428=DIRECTION('',(-1.4210854715202E-14,0.,1.));
#3429=DIRECTION('center_axis',(-1.28785870856518E-14,9.82763362951646E-29,
1.));
#3430=DIRECTION('ref_axis',(-0.95529756204875,0.295646017973714,-1.35755948640615E-14));
#3431=DIRECTION('center_axis',(-1.,7.29196522815747E-14,-1.4210854715202E-14));
#3432=DIRECTION('ref_axis',(7.29196522815747E-14,1.,8.40825755868544E-28));
#3433=DIRECTION('',(1.4210854715202E-14,0.,-1.));
#3434=DIRECTION('',(-7.29196522815747E-14,-1.,-8.40825755868544E-28));
#3435=DIRECTION('center_axis',(-0.70710678118656,5.15619806100669E-14,0.707106781186535));
#3436=DIRECTION('ref_axis',(0.707106781186535,0.,0.70710678118656));
#3437=DIRECTION('',(-0.707106781186535,5.0242958677881E-14,-0.70710678118656));
#3438=DIRECTION('',(0.707106781186535,-5.0242958677881E-14,0.70710678118656));
#3439=DIRECTION('center_axis',(0.,0.,-1.));
#3440=DIRECTION('ref_axis',(-0.955297562048751,0.295646017973714,-1.30099450780589E-14));
#3441=DIRECTION('',(-0.583495227360041,0.399416223566282,-0.707106781186621));
#3442=DIRECTION('center_axis',(-0.583495227360096,0.399416223566333,0.707106781186547));
#3443=DIRECTION('ref_axis',(0.771302522577207,0.,0.63646870988764));
#3444=DIRECTION('',(-0.583495227360106,0.39941622356634,-0.707106781186534));
#3445=DIRECTION('center_axis',(0.,0.,-1.));
#3446=DIRECTION('ref_axis',(-0.466444080035639,0.884550688315659,-6.35237867689621E-15));
#3447=DIRECTION('',(5.02429586778768E-14,0.707106781186489,-0.707106781186606));
#3448=DIRECTION('center_axis',(4.22920225714057E-14,0.707106781186549,0.707106781186546));
#3449=DIRECTION('ref_axis',(1.,0.,-5.98099519006711E-14));
#3450=DIRECTION('',(5.02429586778809E-14,0.707106781186546,-0.707106781186549));
#3451=DIRECTION('center_axis',(0.,0.,-1.));
#3452=DIRECTION('ref_axis',(6.76707354262558E-14,1.,8.73406090079944E-28));
#3453=DIRECTION('',(0.707106781186596,-5.02429586778835E-14,-0.707106781186499));
#3454=DIRECTION('center_axis',(0.707106781186538,-5.1936529779418E-14,0.707106781186557));
#3455=DIRECTION('ref_axis',(0.707106781186557,0.,-0.707106781186538));
#3456=DIRECTION('',(0.707106781186557,-5.02429586778808E-14,-0.707106781186538));
#3457=DIRECTION('center_axis',(0.,0.,-1.));
#3458=DIRECTION('ref_axis',(1.,-7.29575117339949E-14,1.35868812684506E-14));
#3459=DIRECTION('',(-5.02429586778834E-14,-0.707106781186588,-0.707106781186507));
#3460=DIRECTION('center_axis',(-1.28785870856518E-14,9.82763362951646E-29,
1.));
#3461=DIRECTION('ref_axis',(1.,-7.29575117339949E-14,1.4210854715202E-14));
#3462=DIRECTION('center_axis',(-6.01879584657316E-14,-0.707106781186549,
0.707106781186546));
#3463=DIRECTION('ref_axis',(1.,0.,8.51186271537863E-14));
#3464=DIRECTION('',(-5.02429586778807E-14,-0.707106781186549,-0.707106781186546));
#3465=DIRECTION('',(1.,-7.22400400681342E-14,1.28785870856518E-14));
#3466=DIRECTION('center_axis',(0.,0.,-1.));
#3467=DIRECTION('ref_axis',(-0.136098131267994,-0.990695361180903,-1.85348448835735E-15));
#3468=DIRECTION('',(-0.19068094225639,-0.680911725747351,-0.707106781186533));
#3469=DIRECTION('center_axis',(-1.28785870856518E-14,9.82763362951646E-29,
1.));
#3470=DIRECTION('ref_axis',(-0.136098131267994,-0.990695361180903,-1.93407077045984E-15));
#3471=DIRECTION('center_axis',(-0.190680942256424,-0.680911725747329,0.707106781186546));
#3472=DIRECTION('ref_axis',(0.965510778053664,0.,0.260363087749029));
#3473=DIRECTION('',(-0.190680942256406,-0.680911725747332,-0.707106781186546));
#3474=DIRECTION('',(0.962954597330742,-0.269663574625103,1.24014946412528E-14));
#3475=DIRECTION('center_axis',(0.,0.,1.));
#3476=DIRECTION('ref_axis',(0.136098131267987,0.990695361180904,1.8351694242431E-15));
#3477=DIRECTION('',(-5.02429586778793E-14,-0.707106781186523,-0.707106781186572));
#3478=DIRECTION('center_axis',(1.28785870856518E-14,-9.82763362951646E-29,
-1.));
#3479=DIRECTION('ref_axis',(0.136098131267987,0.990695361180904,1.93407077045985E-15));
#3480=DIRECTION('center_axis',(-6.05010616542688E-14,-0.707106781186546,
0.707106781186549));
#3481=DIRECTION('ref_axis',(1.,0.,8.55614219294374E-14));
#3482=DIRECTION('',(-5.02429586778807E-14,-0.707106781186549,-0.707106781186546));
#3483=DIRECTION('',(1.,-7.2682834843786E-14,1.28785870856518E-14));
#3484=DIRECTION('center_axis',(0.,0.,-1.));
#3485=DIRECTION('ref_axis',(-7.19001564724466E-14,-1.,-9.30870731668825E-28));
#3486=DIRECTION('center_axis',(-1.28785870856518E-14,9.82763362951646E-29,
1.));
#3487=DIRECTION('ref_axis',(-7.19001564724466E-14,-1.,-1.02176267763023E-27));
#3488=DIRECTION('center_axis',(-7.22400400681342E-14,-1.,-1.02659271402863E-27));
#3489=DIRECTION('ref_axis',(-1.,7.22400400681342E-14,-1.28785870856518E-14));
#3490=DIRECTION('',(1.4210854715202E-14,0.,-1.));
#3491=DIRECTION('',(-1.4210854715202E-14,0.,1.));
#3492=DIRECTION('center_axis',(1.4210854715202E-14,0.,-1.));
#3493=DIRECTION('ref_axis',(-0.136098131267994,-0.990695361180903,-1.93407077045985E-15));
#3494=DIRECTION('',(1.4210854715202E-14,0.,-1.));
#3495=DIRECTION('center_axis',(-0.269663574625103,-0.962954597330742,-3.83214988097938E-15));
#3496=DIRECTION('ref_axis',(-0.962954597330742,0.269663574625103,-1.24014946412528E-14));
#3497=DIRECTION('',(-1.4210854715202E-14,0.,1.));
#3498=DIRECTION('center_axis',(1.4210854715202E-14,0.,-1.));
#3499=DIRECTION('ref_axis',(0.136098131267987,0.990695361180904,1.93407077045985E-15));
#3500=DIRECTION('',(1.4210854715202E-14,0.,-1.));
#3501=DIRECTION('center_axis',(-7.2682834843786E-14,-1.,-1.03288520625406E-27));
#3502=DIRECTION('ref_axis',(-1.,7.2682834843786E-14,-1.28785870856518E-14));
#3503=DIRECTION('',(1.4210854715202E-14,0.,-1.));
#3504=DIRECTION('center_axis',(1.4210854715202E-14,0.,-1.));
#3505=DIRECTION('ref_axis',(-7.19001564724466E-14,-1.,-1.02176267763023E-27));
#3506=DIRECTION('center_axis',(1.4210854715202E-14,0.,-1.));
#3507=DIRECTION('ref_axis',(6.45947928472076E-14,1.,9.17947216510237E-28));
#3508=DIRECTION('',(1.4210854715202E-14,0.,-1.));
#3509=DIRECTION('center_axis',(-1.,7.26509823389358E-14,-1.4210854715202E-14));
#3510=DIRECTION('ref_axis',(7.26509823389358E-14,1.,8.37365666614972E-28));
#3511=DIRECTION('center_axis',(1.4210854715202E-14,0.,-1.));
#3512=DIRECTION('ref_axis',(-7.10542722632083E-14,-1.,-1.00974194002686E-27));
#3513=DIRECTION('',(1.4210854715202E-14,0.,-1.));
#3514=DIRECTION('center_axis',(1.,-7.21147755973639E-14,1.4210854715202E-14));
#3515=DIRECTION('ref_axis',(-7.21147755973639E-14,-1.,-8.30460081397725E-28));
#3516=DIRECTION('center_axis',(1.4210854715202E-14,0.,-1.));
#3517=DIRECTION('ref_axis',(1.,-7.29575117339949E-14,1.4210854715202E-14));
#3518=CARTESIAN_POINT('',(0.,0.,0.));
#3519=CARTESIAN_POINT('Origin',(270.042177648384,92.3098568757474,-8.84379919617098));
#3520=CARTESIAN_POINT('',(269.230677648384,92.3098568757474,-8.60000000000054));
#3521=CARTESIAN_POINT('Origin',(270.042177648384,92.3098568757474,-8.60000000000055));
#3522=CARTESIAN_POINT('',(270.042177648384,92.3098568757474,-9.08759839234141));
#3523=CARTESIAN_POINT('',(269.636427648384,92.3098568757474,-8.84379919617098));
#3524=CARTESIAN_POINT('Origin',(270.042177648384,92.3098568757474,-6.60000000000055));
#3525=CARTESIAN_POINT('',(269.230677648384,92.3098568757474,-4.60000000000055));
#3526=CARTESIAN_POINT('Origin',(270.042177648384,92.3098568757474,-4.60000000000055));
#3527=CARTESIAN_POINT('',(269.230677648384,92.3098568757474,-6.60000000000055));
#3528=CARTESIAN_POINT('Origin',(321.792175970542,107.309870440053,-8.84379919617098));
#3529=CARTESIAN_POINT('',(320.980675970542,107.309870440053,-8.60000000000053));
#3530=CARTESIAN_POINT('Origin',(321.792175970542,107.309870440053,-8.60000000000055));
#3531=CARTESIAN_POINT('',(321.792175970542,107.309870440053,-9.08759839234141));
#3532=CARTESIAN_POINT('',(321.386425970542,107.309870440053,-8.84379919617098));
#3533=CARTESIAN_POINT('Origin',(321.792175970542,107.309870440053,-6.60000000000055));
#3534=CARTESIAN_POINT('',(320.980675970542,107.309870440053,-4.60000000000055));
#3535=CARTESIAN_POINT('Origin',(321.792175970542,107.309870440053,-4.60000000000055));
#3536=CARTESIAN_POINT('',(320.980675970542,107.309870440053,-6.60000000000055));
#3537=CARTESIAN_POINT('Origin',(348.542175740547,78.8098518523794,-8.84379919617098));
#3538=CARTESIAN_POINT('',(347.730675740547,78.8098518523794,-8.60000000000053));
#3539=CARTESIAN_POINT('Origin',(348.542175740547,78.8098518523794,-8.60000000000055));
#3540=CARTESIAN_POINT('',(348.542175740547,78.8098518523794,-9.08759839234141));
#3541=CARTESIAN_POINT('',(348.136425740547,78.8098518523794,-8.84379919617098));
#3542=CARTESIAN_POINT('Origin',(348.542175740547,78.8098518523794,-6.60000000000055));
#3543=CARTESIAN_POINT('',(347.730675740547,78.8098518523794,-4.60000000000055));
#3544=CARTESIAN_POINT('Origin',(348.542175740547,78.8098518523794,-4.60000000000055));
#3545=CARTESIAN_POINT('',(347.730675740547,78.8098518523794,-6.60000000000055));
#3546=CARTESIAN_POINT('Origin',(346.792175970542,144.309870440053,-8.84379919617098));
#3547=CARTESIAN_POINT('',(345.980675970542,144.309870440053,-8.60000000000053));
#3548=CARTESIAN_POINT('Origin',(346.792175970542,144.309870440053,-8.60000000000055));
#3549=CARTESIAN_POINT('',(346.792175970542,144.309870440053,-9.08759839234141));
#3550=CARTESIAN_POINT('',(346.386425970542,144.309870440053,-8.84379919617098));
#3551=CARTESIAN_POINT('Origin',(346.792175970542,144.309870440053,-6.60000000000055));
#3552=CARTESIAN_POINT('',(345.980675970542,144.309870440053,-4.60000000000055));
#3553=CARTESIAN_POINT('Origin',(346.792175970542,144.309870440053,-4.60000000000055));
#3554=CARTESIAN_POINT('',(345.980675970542,144.309870440053,-6.60000000000055));
#3555=CARTESIAN_POINT('Origin',(296.792175970542,144.309870440053,-8.84379919617098));
#3556=CARTESIAN_POINT('',(295.980675970542,144.309870440053,-8.60000000000054));
#3557=CARTESIAN_POINT('Origin',(296.792175970542,144.309870440053,-8.60000000000055));
#3558=CARTESIAN_POINT('',(296.792175970542,144.309870440053,-9.08759839234141));
#3559=CARTESIAN_POINT('',(296.386425970542,144.309870440053,-8.84379919617098));
#3560=CARTESIAN_POINT('Origin',(296.792175970542,144.309870440053,-6.60000000000055));
#3561=CARTESIAN_POINT('',(295.980675970542,144.309870440053,-4.60000000000055));
#3562=CARTESIAN_POINT('Origin',(296.792175970542,144.309870440053,-4.60000000000055));
#3563=CARTESIAN_POINT('',(295.980675970542,144.309870440053,-6.60000000000055));
#3564=CARTESIAN_POINT('Origin',(271.792175970542,144.309870440053,-8.84379919617098));
#3565=CARTESIAN_POINT('',(270.980675970542,144.309870440053,-8.60000000000054));
#3566=CARTESIAN_POINT('Origin',(271.792175970542,144.309870440053,-8.60000000000055));
#3567=CARTESIAN_POINT('',(271.792175970542,144.309870440053,-9.08759839234141));
#3568=CARTESIAN_POINT('',(271.386425970542,144.309870440053,-8.84379919617098));
#3569=CARTESIAN_POINT('Origin',(271.792175970542,144.309870440053,-6.60000000000055));
#3570=CARTESIAN_POINT('',(270.980675970542,144.309870440053,-4.60000000000055));
#3571=CARTESIAN_POINT('Origin',(271.792175970542,144.309870440053,-4.60000000000055));
#3572=CARTESIAN_POINT('',(270.980675970542,144.309870440053,-6.60000000000055));
#3573=CARTESIAN_POINT('Origin',(321.792175970542,144.309870440053,-8.84379919617098));
#3574=CARTESIAN_POINT('',(320.980675970542,144.309870440053,-8.60000000000053));
#3575=CARTESIAN_POINT('Origin',(321.792175970542,144.309870440053,-8.60000000000055));
#3576=CARTESIAN_POINT('',(321.792175970542,144.309870440053,-9.08759839234141));
#3577=CARTESIAN_POINT('',(321.386425970542,144.309870440053,-8.84379919617098));
#3578=CARTESIAN_POINT('Origin',(321.792175970542,144.309870440053,-6.60000000000055));
#3579=CARTESIAN_POINT('',(320.980675970542,144.309870440053,-4.60000000000055));
#3580=CARTESIAN_POINT('Origin',(321.792175970542,144.309870440053,-4.60000000000055));
#3581=CARTESIAN_POINT('',(320.980675970542,144.309870440053,-6.60000000000055));
#3582=CARTESIAN_POINT('Origin',(385.542175740547,78.8098518523794,-8.84379919617098));
#3583=CARTESIAN_POINT('',(384.730675740547,78.8098518523794,-8.60000000000053));
#3584=CARTESIAN_POINT('Origin',(385.542175740547,78.8098518523794,-8.60000000000055));
#3585=CARTESIAN_POINT('',(385.542175740547,78.8098518523794,-9.08759839234141));
#3586=CARTESIAN_POINT('',(385.136425740547,78.8098518523794,-8.84379919617098));
#3587=CARTESIAN_POINT('Origin',(385.542175740547,78.8098518523794,-6.60000000000055));
#3588=CARTESIAN_POINT('',(384.730675740547,78.8098518523794,-4.60000000000055));
#3589=CARTESIAN_POINT('Origin',(385.542175740547,78.8098518523794,-4.60000000000055));
#3590=CARTESIAN_POINT('',(384.730675740547,78.8098518523794,-6.60000000000055));
#3591=CARTESIAN_POINT('Origin',(346.792175970542,107.309870440053,-8.84379919617098));
#3592=CARTESIAN_POINT('',(345.980675970542,107.309870440053,-8.60000000000053));
#3593=CARTESIAN_POINT('Origin',(346.792175970542,107.309870440053,-8.60000000000055));
#3594=CARTESIAN_POINT('',(346.792175970542,107.309870440053,-9.08759839234141));
#3595=CARTESIAN_POINT('',(346.386425970542,107.309870440053,-8.84379919617098));
#3596=CARTESIAN_POINT('Origin',(346.792175970542,107.309870440053,-6.60000000000055));
#3597=CARTESIAN_POINT('',(345.980675970542,107.309870440053,-4.60000000000055));
#3598=CARTESIAN_POINT('Origin',(346.792175970542,107.309870440053,-4.60000000000055));
#3599=CARTESIAN_POINT('',(345.980675970542,107.309870440053,-6.60000000000055));
#3600=CARTESIAN_POINT('Origin',(296.792175970542,107.309870440053,-8.84379919617098));
#3601=CARTESIAN_POINT('',(295.980675970542,107.309870440053,-8.60000000000054));
#3602=CARTESIAN_POINT('Origin',(296.792175970542,107.309870440053,-8.60000000000055));
#3603=CARTESIAN_POINT('',(296.792175970542,107.309870440053,-9.08759839234141));
#3604=CARTESIAN_POINT('',(296.386425970542,107.309870440053,-8.84379919617098));
#3605=CARTESIAN_POINT('Origin',(296.792175970542,107.309870440053,-6.60000000000055));
#3606=CARTESIAN_POINT('',(295.980675970542,107.309870440053,-4.60000000000055));
#3607=CARTESIAN_POINT('Origin',(296.792175970542,107.309870440053,-4.60000000000055));
#3608=CARTESIAN_POINT('',(295.980675970542,107.309870440053,-6.60000000000055));
#3609=CARTESIAN_POINT('Origin',(233.042177648384,92.3098568757474,-8.84379919617098));
#3610=CARTESIAN_POINT('',(232.230677648384,92.3098568757474,-8.60000000000054));
#3611=CARTESIAN_POINT('Origin',(233.042177648384,92.3098568757474,-8.60000000000055));
#3612=CARTESIAN_POINT('',(233.042177648384,92.3098568757474,-9.08759839234141));
#3613=CARTESIAN_POINT('',(232.636427648384,92.3098568757474,-8.84379919617098));
#3614=CARTESIAN_POINT('Origin',(233.042177648384,92.3098568757474,-6.60000000000055));
#3615=CARTESIAN_POINT('',(232.230677648384,92.3098568757474,-4.60000000000055));
#3616=CARTESIAN_POINT('Origin',(233.042177648384,92.3098568757474,-4.60000000000055));
#3617=CARTESIAN_POINT('',(232.230677648384,92.3098568757474,-6.60000000000055));
#3618=CARTESIAN_POINT('Origin',(345.792179376232,156.059870440048,-8.50000000000055));
#3619=CARTESIAN_POINT('',(372.292175970542,155.559870440046,-8.00000000000055));
#3620=CARTESIAN_POINT('',(372.292175970542,156.559870440073,-9.00000000000055));
#3621=CARTESIAN_POINT('',(372.292175970542,156.059870440053,-8.50000000000779));
#3622=CARTESIAN_POINT('',(382.292175970542,155.559870440045,-8.00000000000055));
#3623=CARTESIAN_POINT('',(345.792179376232,155.559870440048,-8.00000000000055));
#3624=CARTESIAN_POINT('',(382.292175970542,156.559870440073,-9.00000000000055));
#3625=CARTESIAN_POINT('',(382.292175970542,155.209870410251,-7.64999997020594));
#3626=CARTESIAN_POINT('',(345.792179376232,156.559870440048,-9.00000000000055));
#3627=CARTESIAN_POINT('Origin',(382.292175970542,156.559870440045,-4.5999998807918));
#3628=CARTESIAN_POINT('',(382.292175970542,156.559870440073,-9.99999999999961));
#3629=CARTESIAN_POINT('',(382.292175970542,156.559870440073,-4.5999998807918));
#3630=CARTESIAN_POINT('',(372.292175970542,156.559870440073,-9.99999999999974));
#3631=CARTESIAN_POINT('',(345.792179376232,156.559870440048,-10.0000000000001));
#3632=CARTESIAN_POINT('',(372.292175970542,156.559870440073,-4.5999998807918));
#3633=CARTESIAN_POINT('Origin',(382.792175970542,158.959870440045,-2.29999994039658));
#3634=CARTESIAN_POINT('',(383.292175970542,159.459870440045,-8.99999999999959));
#3635=CARTESIAN_POINT('',(382.292175970542,158.459870440045,-9.99999999999961));
#3636=CARTESIAN_POINT('',(366.521343214758,142.689037684263,-25.7708327557837));
#3637=CARTESIAN_POINT('',(382.292175970542,158.459870440045,-5.5999998807918));
#3638=CARTESIAN_POINT('',(382.292175970542,158.459870440045,-2.29999994039658));
#3639=CARTESIAN_POINT('',(383.292175970542,159.459870440045,-5.5999998807918));
#3640=CARTESIAN_POINT('',(382.292175970542,158.459870440045,-5.5999998807918));
#3641=CARTESIAN_POINT('',(383.292175970542,159.459870440045,-2.29999994039658));
#3642=CARTESIAN_POINT('Origin',(381.292175970542,158.959870440055,-5.5999998807918));
#3643=CARTESIAN_POINT('',(381.292175970542,158.459870440065,-4.5999998807918));
#3644=CARTESIAN_POINT('Origin',(381.292175970542,158.459870440065,-5.5999998807918));
#3645=CARTESIAN_POINT('',(381.292175970542,159.459870440045,-3.59999988079185));
#3646=CARTESIAN_POINT('',(381.292175970542,158.459870440065,-4.5999998807918));
#3647=CARTESIAN_POINT('Origin',(381.292175970542,159.459870440045,-5.5999998807918));
#3648=CARTESIAN_POINT('Origin',(309.467175970543,158.959870440051,-4.0999998807918));
#3649=CARTESIAN_POINT('',(373.292175970542,158.459870440046,-4.5999998807918));
#3650=CARTESIAN_POINT('',(373.292175970542,159.459870440046,-3.5999998807918));
#3651=CARTESIAN_POINT('',(373.292175970542,158.459870440046,-4.5999998807918));
#3652=CARTESIAN_POINT('',(309.467175970543,159.459870440051,-3.5999998807918));
#3653=CARTESIAN_POINT('',(309.467175970543,158.459870440051,-4.5999998807918));
#3654=CARTESIAN_POINT('Origin',(373.292175970542,158.959870440055,-5.5999998807918));
#3655=CARTESIAN_POINT('',(372.292175970542,158.459870440064,-5.5999998807918));
#3656=CARTESIAN_POINT('Origin',(373.292175970542,158.459870440064,-5.5999998807918));
#3657=CARTESIAN_POINT('',(371.292175970542,159.459870440046,-5.5999998807918));
#3658=CARTESIAN_POINT('',(372.292175970542,158.459870440064,-5.5999998807918));
#3659=CARTESIAN_POINT('Origin',(373.292175970542,159.459870440046,-5.5999998807918));
#3660=CARTESIAN_POINT('Origin',(371.792175970542,158.959870440046,-4.00000000000095));
#3661=CARTESIAN_POINT('',(372.292175970542,158.459870440046,-9.99999999999974));
#3662=CARTESIAN_POINT('',(371.292175970542,159.459870440046,-8.99999999999975));
#3663=CARTESIAN_POINT('',(355.238009871491,175.514036539099,7.05416609905156));
#3664=CARTESIAN_POINT('',(371.292175970542,159.459870440046,-4.00000000000095));
#3665=CARTESIAN_POINT('',(372.292175970542,158.459870440046,-4.00000000000095));
#3666=CARTESIAN_POINT('Origin',(372.292175970542,156.559870440073,-8.00000000000055));
#3667=CARTESIAN_POINT('',(372.292175970542,156.559870440046,-5.5999998807918));
#3668=CARTESIAN_POINT('',(372.292175970542,156.559870440073,-5.5999998807918));
#3669=CARTESIAN_POINT('',(372.292175970542,156.559870440073,-8.00000000000055));
#3670=CARTESIAN_POINT('',(372.292175970542,156.559870440046,-4.00000000000001));
#3671=CARTESIAN_POINT('',(372.292175970542,131.559865793145,-8.00000000000055));
#3672=CARTESIAN_POINT('',(372.292175970542,131.559865793145,-9.99999999999974));
#3673=CARTESIAN_POINT('Origin',(373.292175970542,156.559870440073,-5.5999998807918));
#3674=CARTESIAN_POINT('',(373.292175970542,156.559870440046,-4.5999998807918));
#3675=CARTESIAN_POINT('',(373.292175970542,156.559870440073,-4.5999998807918));
#3676=CARTESIAN_POINT('Origin',(373.292175970542,156.559870440045,-5.5999998807918));
#3677=CARTESIAN_POINT('Origin',(372.292175970542,156.559870440073,-4.5999998807918));
#3678=CARTESIAN_POINT('',(381.292175970542,156.559870440045,-4.5999998807918));
#3679=CARTESIAN_POINT('',(381.292175970542,156.559870440073,-4.5999998807918));
#3680=CARTESIAN_POINT('',(382.292181942998,156.559870440045,-4.5999998807918));
#3681=CARTESIAN_POINT('Origin',(381.292175970542,156.559870440073,-5.5999998807918));
#3682=CARTESIAN_POINT('',(382.292175970542,156.559870440045,-5.5999998807918));
#3683=CARTESIAN_POINT('',(382.292175970542,156.559870440073,-5.5999998807918));
#3684=CARTESIAN_POINT('Origin',(381.292175970542,156.559870440045,-5.5999998807918));
#3685=CARTESIAN_POINT('Origin',(382.292175970542,156.559870440073,-4.5999998807918));
#3686=CARTESIAN_POINT('',(382.292175970542,133.009865793131,-9.99999999999961));
#3687=CARTESIAN_POINT('',(382.292175970542,156.559870440073,-8.00000000000055));
#3688=CARTESIAN_POINT('',(382.292175970542,131.559865793145,-8.00000000000055));
#3689=CARTESIAN_POINT('',(382.292175970542,156.559870440045,-2.29999994039564));
#3690=CARTESIAN_POINT('Origin',(277.967179376234,158.959870440053,-9.50000000000095));
#3691=CARTESIAN_POINT('',(392.292187915455,159.459870440045,-8.99999999999948));
#3692=CARTESIAN_POINT('',(277.967179376234,159.459870440053,-9.00000000000095));
#3693=CARTESIAN_POINT('',(392.292187915455,158.459870440045,-9.99999999999948));
#3694=CARTESIAN_POINT('',(392.292187915455,159.459870440045,-8.99999999999948));
#3695=CARTESIAN_POINT('',(277.967179376233,158.459870440053,-10.000000000001));
#3696=CARTESIAN_POINT('Origin',(309.292182781918,106.559861146216,-8.00000000000055));
#3697=CARTESIAN_POINT('',(362.292175970542,156.559870440047,-8.00000000000055));
#3698=CARTESIAN_POINT('',(392.292187915454,156.559870440045,-8.00000000000055));
#3699=CARTESIAN_POINT('',(362.292175970542,141.809870440053,-8.00000000000055));
#3700=CARTESIAN_POINT('',(362.292175970542,143.388475043604,-8.00000000000055));
#3701=CARTESIAN_POINT('',(256.292175970542,141.809870440053,-8.00000000000055));
#3702=CARTESIAN_POINT('',(335.79217937623,141.809870440053,-8.00000000000055));
#3703=CARTESIAN_POINT('',(256.292175970542,107.809856875747,-8.00000000000055));
#3704=CARTESIAN_POINT('',(256.292175970542,107.184859010982,-8.00000000000055));
#3705=CARTESIAN_POINT('',(235.542177648384,107.809856875747,-8.00000000000055));
#3706=CARTESIAN_POINT('',(270.917180215151,107.809856875747,-8.00000000000055));
#3707=CARTESIAN_POINT('',(235.542177648384,76.8098568757474,-8.00000000000055));
#3708=CARTESIAN_POINT('',(235.542177648384,107.184859010982,-8.00000000000055));
#3709=CARTESIAN_POINT('',(267.542177648384,76.8098568757474,-8.00000000000055));
#3710=CARTESIAN_POINT('',(289.917180215151,76.8098568757474,-8.00000000000055));
#3711=CARTESIAN_POINT('',(267.542177648384,95.3098568757474,-8.00000000000055));
#3712=CARTESIAN_POINT('',(267.542177648384,91.6848590109817,-8.00000000000055));
#3713=CARTESIAN_POINT('',(269.542177648384,97.3098568757474,-8.00000000000055));
#3714=CARTESIAN_POINT('Origin',(269.542177648384,95.3098568757473,-8.00000000000055));
#3715=CARTESIAN_POINT('',(270.542177648384,97.3098568757474,-8.00000000000055));
#3716=CARTESIAN_POINT('',(289.917180215151,97.3098568757473,-8.00000000000055));
#3717=CARTESIAN_POINT('',(272.542177648384,99.3098568757473,-8.00000000000055));
#3718=CARTESIAN_POINT('Origin',(270.542177648384,99.3098568757474,-8.00000000000055));
#3719=CARTESIAN_POINT('',(272.542177648384,104.809870440053,-8.00000000000055));
#3720=CARTESIAN_POINT('',(272.542177648384,105.684865793135,-8.00000000000055));
#3721=CARTESIAN_POINT('',(289.792175970542,104.809870440053,-8.00000000000055));
#3722=CARTESIAN_POINT('',(299.54217937623,104.809870440053,-8.00000000000055));
#3723=CARTESIAN_POINT('',(291.792175970542,106.809870440053,-8.00000000000055));
#3724=CARTESIAN_POINT('Origin',(289.792175970542,106.809870440053,-8.00000000000055));
#3725=CARTESIAN_POINT('',(291.792175970542,107.809870440053,-8.00000000000055));
#3726=CARTESIAN_POINT('',(291.792175970542,107.184865793135,-8.00000000000055));
#3727=CARTESIAN_POINT('',(293.792175970542,109.809870440053,-8.00000000000055));
#3728=CARTESIAN_POINT('Origin',(293.792175970542,107.809870440053,-8.00000000000055));
#3729=CARTESIAN_POINT('',(362.292175970542,109.809870440053,-8.00000000000055));
#3730=CARTESIAN_POINT('',(304.54217937623,109.809870440053,-8.00000000000055));
#3731=CARTESIAN_POINT('',(362.292175970542,99.8398704400468,-8.00000000000055));
#3732=CARTESIAN_POINT('',(362.292175970542,143.388475043604,-8.00000000000055));
#3733=CARTESIAN_POINT('',(392.29218791545,99.8398704400446,-8.00000000000055));
#3734=CARTESIAN_POINT('',(392.29218791545,99.8398704400446,-8.00000000000055));
#3735=CARTESIAN_POINT('',(392.292187915455,156.559870440045,-8.00000000000055));
#3736=CARTESIAN_POINT('',(392.292187915455,156.559870440045,-8.00000000000055));
#3737=CARTESIAN_POINT('',(392.292187915454,156.559870440045,-8.00000000000055));
#3738=CARTESIAN_POINT('Origin',(277.967179376234,158.959870440053,-9.50000000000095));
#3739=CARTESIAN_POINT('',(249.278791860381,158.459870440055,-10.0000000000013));
#3740=CARTESIAN_POINT('',(277.967179376233,158.459870440053,-10.000000000001));
#3741=CARTESIAN_POINT('',(249.278791860381,159.459870440055,-9.00000000000148));
#3742=CARTESIAN_POINT('',(249.278791860381,159.459870440055,-9.00000000000148));
#3743=CARTESIAN_POINT('',(277.967179376234,159.459870440053,-9.00000000000095));
#3744=CARTESIAN_POINT('Origin',(392.292187915454,156.559870440045,5.23014276131722E-13));
#3745=CARTESIAN_POINT('',(392.292187915454,156.559870440045,-4.60000000000055));
#3746=CARTESIAN_POINT('',(392.292187915455,156.559870440045,-4.60000000000055));
#3747=CARTESIAN_POINT('',(392.292187915454,156.559870440045,5.23014276131721E-13));
#3748=CARTESIAN_POINT('',(392.292187915454,156.559870440045,5.23014276131721E-13));
#3749=CARTESIAN_POINT('',(249.226059542584,156.559870440055,-1.31947531712533E-12));
#3750=CARTESIAN_POINT('',(255.042175970544,156.559870440055,-1.24457195520755E-12));
#3751=CARTESIAN_POINT('',(249.226059542584,156.559870440055,-4.60000000000054));
#3752=CARTESIAN_POINT('',(249.226059542584,156.559870440055,-1.14471209791947E-14));
#3753=CARTESIAN_POINT('',(362.292175970542,156.559870440047,-4.60000000000055));
#3754=CARTESIAN_POINT('',(255.042175970544,156.559870440055,-4.60000000000054));
#3755=CARTESIAN_POINT('',(362.292175970542,156.559870440047,-4.60000000000055));
#3756=CARTESIAN_POINT('Origin',(362.292175970542,99.8398704400468,-4.60000000000055));
#3757=CARTESIAN_POINT('',(362.292175970542,109.809870440053,-4.60000000000055));
#3758=CARTESIAN_POINT('',(362.292175970542,109.809870440053,-6.30000000000055));
#3759=CARTESIAN_POINT('',(362.292175970542,99.8398704400468,-4.60000000000055));
#3760=CARTESIAN_POINT('',(362.292175970542,103.199865793131,-4.60000000000055));
#3761=CARTESIAN_POINT('',(362.292175970542,99.8398704400468,-4.60000000000055));
#3762=CARTESIAN_POINT('Origin',(362.292175970542,99.8398704400468,-4.60000000000055));
#3763=CARTESIAN_POINT('',(362.292175970542,141.809870440053,-4.60000000000055));
#3764=CARTESIAN_POINT('',(362.292175970542,141.809870440053,-6.30000000000055));
#3765=CARTESIAN_POINT('',(362.292175970542,103.199865793131,-4.60000000000055));
#3766=CARTESIAN_POINT('Origin',(392.29218791545,99.8398704400446,-4.60000000000055));
#3767=CARTESIAN_POINT('',(392.29218791545,99.8398704400446,-4.60000000000055));
#3768=CARTESIAN_POINT('',(350.792185348684,99.8398704400476,-4.60000000000055));
#3769=CARTESIAN_POINT('',(392.29218791545,99.8398704400446,-4.60000000000055));
#3770=CARTESIAN_POINT('Origin',(392.292187915455,156.559870440045,-4.60000000000055));
#3771=CARTESIAN_POINT('',(392.292187915453,131.559865793127,-4.60000000000055));
#3772=CARTESIAN_POINT('Origin',(222.792177648386,115.943402165067,-1.02233726905418E-12));
#3773=CARTESIAN_POINT('',(221.141803920161,117.073121845866,-4.60000000000054));
#3774=CARTESIAN_POINT('',(220.792177648386,115.943402165068,-4.60000000000055));
#3775=CARTESIAN_POINT('Origin',(222.792177648386,115.943402165067,-4.60000000000158));
#3776=CARTESIAN_POINT('',(221.141803920161,117.073121845866,-1.68116084889441E-12));
#3777=CARTESIAN_POINT('',(221.141803920161,117.073121845866,-1.02233726905418E-12));
#3778=CARTESIAN_POINT('',(220.792177648384,115.943402165067,-1.68566354128292E-12));
#3779=CARTESIAN_POINT('Origin',(222.792177648386,115.943402165067,-1.58034321304745E-12));
#3780=CARTESIAN_POINT('',(220.792177648386,115.943402165067,-1.05075897848458E-12));
#3781=CARTESIAN_POINT('Origin',(220.792177648384,116.562363271465,-5.45908518090071E-13));
#3782=CARTESIAN_POINT('',(247.575685814359,155.689590120854,-4.60000000000054));
#3783=CARTESIAN_POINT('',(253.110554706575,163.775314716204,-4.60000000000054));
#3784=CARTESIAN_POINT('',(247.575685814359,155.689590120854,-1.34072979890815E-12));
#3785=CARTESIAN_POINT('',(247.575685814359,155.689590120854,-1.14471209791967E-14));
#3786=CARTESIAN_POINT('',(232.579719515434,133.782431000108,-1.53385665682235E-12));
#3787=CARTESIAN_POINT('Origin',(249.226059542584,154.559870440055,-1.14471209791967E-14));
#3788=CARTESIAN_POINT('Origin',(249.226059542584,154.559870440055,-4.60000000000055));
#3789=CARTESIAN_POINT('Origin',(249.226059542584,154.559870440055,-5.45908518090055E-13));
#3790=CARTESIAN_POINT('Origin',(309.292182781918,106.559861146216,-4.60000000000055));
#3791=CARTESIAN_POINT('',(220.792177648383,75.5598530610834,-4.60000000000055));
#3792=CARTESIAN_POINT('',(220.792177648385,107.809859010986,-4.60000000000055));
#3793=CARTESIAN_POINT('',(226.292177648383,70.059853061083,-4.60000000000055));
#3794=CARTESIAN_POINT('Origin',(226.292177648383,75.559853061083,-4.60000000000173));
#3795=CARTESIAN_POINT('',(276.792190489538,70.0598530610793,-4.60000000000055));
#3796=CARTESIAN_POINT('',(267.792180215149,70.05985306108,-4.60000000000055));
#3797=CARTESIAN_POINT('',(282.292190489539,75.5598530610789,-4.60000000000055));
#3798=CARTESIAN_POINT('Origin',(276.792190489539,75.5598530610793,-4.60000000000101));
#3799=CARTESIAN_POINT('',(282.29219048954,95.0598578327468,-4.60000000000055));
#3800=CARTESIAN_POINT('',(282.29219048954,91.0598571036485,-4.60000000000055));
#3801=CARTESIAN_POINT('',(336.292175740548,95.0598578327428,-4.60000000000055));
#3802=CARTESIAN_POINT('',(295.792186635729,95.0598578327458,-4.60000000000055));
#3803=CARTESIAN_POINT('',(336.292175740546,62.0598518523816,-4.60000000000055));
#3804=CARTESIAN_POINT('',(336.292175740548,100.809859489478,-4.60000000000055));
#3805=CARTESIAN_POINT('',(341.792175740545,56.5598518523812,-4.60000000000055));
#3806=CARTESIAN_POINT('Origin',(341.792175740546,62.0598518523812,-4.60000000000008));
#3807=CARTESIAN_POINT('',(392.292187915447,56.5598518523776,-4.60000000000055));
#3808=CARTESIAN_POINT('',(325.54217926123,56.5598518523824,-4.60000000000055));
#3809=CARTESIAN_POINT('',(397.792187915447,62.0598518523771,-4.60000000000055));
#3810=CARTESIAN_POINT('Origin',(392.292187915447,62.0598518523775,-4.59999999999937));
#3811=CARTESIAN_POINT('',(397.792187915454,151.059870440044,-4.60000000000055));
#3812=CARTESIAN_POINT('',(397.792187915449,84.3098564992934,-4.60000000000055));
#3813=CARTESIAN_POINT('Origin',(392.292187915454,151.059870440045,-4.59999999999937));
#3814=CARTESIAN_POINT('',(293.792175970542,109.809870440053,-4.60000000000055));
#3815=CARTESIAN_POINT('',(364.757455413121,109.809870440053,-4.60000000000055));
#3816=CARTESIAN_POINT('',(291.792175970542,107.809870440053,-4.60000000000055));
#3817=CARTESIAN_POINT('Origin',(293.792175970542,107.809870440053,-4.60000000000055));
#3818=CARTESIAN_POINT('',(291.792175970542,106.809870440053,-4.60000000000055));
#3819=CARTESIAN_POINT('',(291.792175970542,107.809870440053,-4.60000000000055));
#3820=CARTESIAN_POINT('',(289.792175970542,104.809870440053,-4.60000000000055));
#3821=CARTESIAN_POINT('Origin',(289.792175970542,106.809870440053,-4.60000000000055));
#3822=CARTESIAN_POINT('',(272.542177648384,104.809870440053,-4.60000000000055));
#3823=CARTESIAN_POINT('',(278.792175970542,104.809870440053,-4.60000000000055));
#3824=CARTESIAN_POINT('',(272.542177648384,99.3098568757473,-4.60000000000055));
#3825=CARTESIAN_POINT('',(272.542177648384,105.809856875747,-4.60000000000055));
#3826=CARTESIAN_POINT('',(270.542177648384,97.3098568757474,-4.60000000000055));
#3827=CARTESIAN_POINT('Origin',(270.542177648384,99.3098568757474,-4.60000000000055));
#3828=CARTESIAN_POINT('',(269.542177648384,97.3098568757474,-4.60000000000055));
#3829=CARTESIAN_POINT('',(270.542177648384,97.3098568757474,-4.60000000000055));
#3830=CARTESIAN_POINT('',(267.542177648384,95.3098568757474,-4.60000000000055));
#3831=CARTESIAN_POINT('Origin',(269.542177648384,95.3098568757473,-4.60000000000055));
#3832=CARTESIAN_POINT('',(267.542177648384,76.8098568757474,-4.60000000000055));
#3833=CARTESIAN_POINT('',(267.542177648384,95.3098568757474,-4.60000000000055));
#3834=CARTESIAN_POINT('',(235.542177648384,76.8098568757474,-4.60000000000055));
#3835=CARTESIAN_POINT('',(270.542177648384,76.8098568757474,-4.60000000000055));
#3836=CARTESIAN_POINT('',(235.542177648384,107.809856875747,-4.60000000000055));
#3837=CARTESIAN_POINT('',(235.542177648384,112.325396457202,-4.60000000000055));
#3838=CARTESIAN_POINT('',(256.292175970542,107.809856875747,-4.60000000000055));
#3839=CARTESIAN_POINT('',(232.542177648384,107.809856875747,-4.60000000000055));
#3840=CARTESIAN_POINT('',(256.292175970542,141.809870440053,-4.60000000000055));
#3841=CARTESIAN_POINT('',(256.292175970542,106.809870440053,-4.60000000000055));
#3842=CARTESIAN_POINT('',(252.868276480743,141.809870440053,-4.60000000000055));
#3843=CARTESIAN_POINT('',(351.042175740547,94.3098518523794,-4.60000000000055));
#3844=CARTESIAN_POINT('',(351.042175740547,63.3098518523794,-4.60000000000055));
#3845=CARTESIAN_POINT('',(351.042175740547,97.0151529754128,-4.60000000000055));
#3846=CARTESIAN_POINT('',(383.042175740547,94.3098518523794,-4.60000000000055));
#3847=CARTESIAN_POINT('',(348.042175740547,94.3098518523794,-4.60000000000055));
#3848=CARTESIAN_POINT('',(383.042175740547,63.3098518523794,-4.60000000000055));
#3849=CARTESIAN_POINT('',(383.042175740547,98.0000014603138,-4.60000000000055));
#3850=CARTESIAN_POINT('',(386.042175740547,63.3098518523794,-4.60000000000055));
#3851=CARTESIAN_POINT('Origin',(268.792175970542,141.809870440053,-8.00000000000055));
#3852=CARTESIAN_POINT('',(256.292175970542,141.809870440053,-6.30000000000055));
#3853=CARTESIAN_POINT('Origin',(256.292175970542,107.809856875747,-8.00000000000055));
#3854=CARTESIAN_POINT('',(256.292175970542,107.809856875747,-8.00000000000055));
#3855=CARTESIAN_POINT('Origin',(232.542177648384,107.809856875747,-8.00000000000055));
#3856=CARTESIAN_POINT('',(235.542177648384,107.809856875747,-6.30000000000055));
#3857=CARTESIAN_POINT('Origin',(235.542177648384,89.3098568757474,-8.00000000000055));
#3858=CARTESIAN_POINT('',(235.542177648384,76.8098568757474,-6.30000000000055));
#3859=CARTESIAN_POINT('Origin',(270.542177648384,76.8098568757474,-8.00000000000055));
#3860=CARTESIAN_POINT('',(267.542177648384,76.8098568757474,-6.30000000000055));
#3861=CARTESIAN_POINT('Origin',(267.542177648384,95.3098568757474,-8.00000000000055));
#3862=CARTESIAN_POINT('',(267.542177648384,95.3098568757474,-8.00000000000055));
#3863=CARTESIAN_POINT('Origin',(269.542177648384,95.3098568757473,-8.00000000000055));
#3864=CARTESIAN_POINT('',(269.542177648384,97.3098568757474,-8.00000000000055));
#3865=CARTESIAN_POINT('Origin',(270.542177648384,97.3098568757474,-8.00000000000055));
#3866=CARTESIAN_POINT('',(270.542177648384,97.3098568757474,-8.00000000000055));
#3867=CARTESIAN_POINT('Origin',(270.542177648384,99.3098568757474,-8.00000000000055));
#3868=CARTESIAN_POINT('',(272.542177648384,99.3098568757473,-8.00000000000055));
#3869=CARTESIAN_POINT('Origin',(272.542177648384,104.809870440053,-8.00000000000055));
#3870=CARTESIAN_POINT('',(272.542177648384,104.809870440053,-8.00000000000055));
#3871=CARTESIAN_POINT('Origin',(289.792175970542,104.809870440053,-8.00000000000055));
#3872=CARTESIAN_POINT('',(289.792175970542,104.809870440053,-8.00000000000055));
#3873=CARTESIAN_POINT('Origin',(289.792175970542,106.809870440053,-8.00000000000055));
#3874=CARTESIAN_POINT('',(291.792175970542,106.809870440053,-8.00000000000055));
#3875=CARTESIAN_POINT('Origin',(291.792175970542,107.809870440053,-8.00000000000055));
#3876=CARTESIAN_POINT('',(291.792175970542,107.809870440053,-8.00000000000055));
#3877=CARTESIAN_POINT('Origin',(293.792175970542,107.809870440053,-8.00000000000055));
#3878=CARTESIAN_POINT('',(293.792175970542,109.809870440053,-8.00000000000055));
#3879=CARTESIAN_POINT('Origin',(349.792175970542,109.809870440053,-8.00000000000055));
#3880=CARTESIAN_POINT('Origin',(383.042175740547,81.8098518523794,-8.00000000000055));
#3881=CARTESIAN_POINT('',(383.042175740547,63.3098518523794,-8.00000000000055));
#3882=CARTESIAN_POINT('',(383.042175740547,94.3098518523794,-8.00000000000055));
#3883=CARTESIAN_POINT('',(383.042175740547,84.9348564992977,-8.00000000000055));
#3884=CARTESIAN_POINT('',(383.042175740547,63.3098518523794,-6.30000000000055));
#3885=CARTESIAN_POINT('',(383.042175740547,94.3098518523794,-6.30000000000055));
#3886=CARTESIAN_POINT('Origin',(348.042175740547,94.3098518523794,-8.00000000000055));
#3887=CARTESIAN_POINT('',(351.042175740547,94.3098518523794,-8.00000000000055));
#3888=CARTESIAN_POINT('',(351.042175740547,94.3098518523794,-6.30000000000055));
#3889=CARTESIAN_POINT('',(328.667179261233,94.3098518523794,-8.00000000000055));
#3890=CARTESIAN_POINT('Origin',(351.042175740547,75.8098518523794,-8.00000000000055));
#3891=CARTESIAN_POINT('',(351.042175740547,63.3098518523794,-8.00000000000055));
#3892=CARTESIAN_POINT('',(351.042175740547,100.434856499298,-8.00000000000055));
#3893=CARTESIAN_POINT('',(351.042175740547,63.3098518523794,-6.30000000000055));
#3894=CARTESIAN_POINT('Origin',(386.042175740547,63.3098518523794,-8.00000000000055));
#3895=CARTESIAN_POINT('',(347.667179261233,63.3098518523794,-8.00000000000055));
#3896=CARTESIAN_POINT('Origin',(392.292187915447,62.0598518523775,5.23014276131642E-13));
#3897=CARTESIAN_POINT('',(392.292187915447,56.5598518523776,5.23014276131637E-13));
#3898=CARTESIAN_POINT('',(392.292187915447,56.5598518523776,5.23014276131637E-13));
#3899=CARTESIAN_POINT('',(397.792187915447,62.0598518523771,5.93846505102727E-13));
#3900=CARTESIAN_POINT('Origin',(392.292187915447,62.0598518523775,5.23014276131642E-13));
#3901=CARTESIAN_POINT('',(397.792187915447,62.0598518523771,5.93846505102727E-13));
#3902=CARTESIAN_POINT('Origin',(341.792175740545,56.5598518523812,-1.27354528489312E-13));
#3903=CARTESIAN_POINT('',(341.792175740545,56.5598518523812,-1.27354528489312E-13));
#3904=CARTESIAN_POINT('',(341.792175740545,56.5598518523812,-1.27354528489312E-13));
#3905=CARTESIAN_POINT('',(392.292187915447,56.5598518523775,5.23014276131637E-13));
#3906=CARTESIAN_POINT('Origin',(341.792175740546,62.0598518523812,-1.27354528489306E-13));
#3907=CARTESIAN_POINT('',(336.292175740546,62.0598518523816,-1.98186757460392E-13));
#3908=CARTESIAN_POINT('',(336.292175740546,62.0598518523816,-1.98186757460392E-13));
#3909=CARTESIAN_POINT('Origin',(341.792175740546,62.0598518523812,-1.27354528489306E-13));
#3910=CARTESIAN_POINT('Origin',(336.292175740548,95.0598578327428,-1.98186757460364E-13));
#3911=CARTESIAN_POINT('',(336.292175740548,95.0598578327428,-1.98186757460364E-13));
#3912=CARTESIAN_POINT('',(336.292175740548,95.0598578327428,-1.98186757460364E-13));
#3913=CARTESIAN_POINT('',(336.292175740546,62.0598518523816,-1.98186757460392E-13));
#3914=CARTESIAN_POINT('Origin',(282.29219048954,95.0598578327468,-8.93630270139384E-13));
#3915=CARTESIAN_POINT('',(282.29219048954,95.0598578327468,-8.93630270139384E-13));
#3916=CARTESIAN_POINT('',(282.29219048954,95.0598578327468,-8.93630270139384E-13));
#3917=CARTESIAN_POINT('',(336.292175740548,95.0598578327428,-1.98186757460364E-13));
#3918=CARTESIAN_POINT('Origin',(282.292190489539,75.5598530610789,-8.93630270139401E-13));
#3919=CARTESIAN_POINT('',(282.292190489539,75.5598530610789,-8.93630270139401E-13));
#3920=CARTESIAN_POINT('',(282.292190489539,75.5598530610789,-8.93630270139401E-13));
#3921=CARTESIAN_POINT('',(282.29219048954,95.0598578327468,-8.93630270139384E-13));
#3922=CARTESIAN_POINT('Origin',(276.792190489539,75.5598530610793,-9.64462499110486E-13));
#3923=CARTESIAN_POINT('',(276.792190489538,70.0598530610793,-9.64462499110491E-13));
#3924=CARTESIAN_POINT('',(276.792190489538,70.0598530610793,-9.64462499110491E-13));
#3925=CARTESIAN_POINT('Origin',(276.792190489539,75.5598530610793,-9.64462499110486E-13));
#3926=CARTESIAN_POINT('Origin',(226.292177648383,70.059853061083,-1.61483131231185E-12));
#3927=CARTESIAN_POINT('',(226.292177648383,70.059853061083,-1.61483131231185E-12));
#3928=CARTESIAN_POINT('',(226.292177648383,70.059853061083,-1.61483131231185E-12));
#3929=CARTESIAN_POINT('',(276.792190489538,70.0598530610793,-9.64462499110491E-13));
#3930=CARTESIAN_POINT('Origin',(309.292182781918,106.559861146216,-8.00000000000055));
#3931=CARTESIAN_POINT('Origin',(309.292182781918,106.559861146216,-5.45908518090062E-13));
#3932=CARTESIAN_POINT('',(334.086874391737,54.6598518523818,-2.2665936583238E-13));
#3933=CARTESIAN_POINT('',(333.008220093237,54.8080334630588,-2.4051581822016E-13));
#3934=CARTESIAN_POINT('Origin',(334.086874391737,58.6598518523818,-2.2662427490161E-13));
#3935=CARTESIAN_POINT('',(392.292187915447,54.6598518523776,5.22915044598441E-13));
#3936=CARTESIAN_POINT('',(350.792185348681,54.6598518523806,-1.1518563880486E-14));
#3937=CARTESIAN_POINT('',(399.692187915447,62.059851852377,6.18255446838078E-13));
#3938=CARTESIAN_POINT('Origin',(392.292187915447,62.0598518523775,5.22915044598449E-13));
#3939=CARTESIAN_POINT('',(399.692187915454,151.059870440044,6.18216589032272E-13));
#3940=CARTESIAN_POINT('',(399.692187915452,128.809865793127,6.18255446838134E-13));
#3941=CARTESIAN_POINT('',(392.292187915454,158.459870440045,5.22965114607658E-13));
#3942=CARTESIAN_POINT('Origin',(392.292187915454,151.059870440045,5.22915044598449E-13));
#3943=CARTESIAN_POINT('',(249.278791860381,158.459870440055,-1.3188061753766E-12));
#3944=CARTESIAN_POINT('',(277.967179376233,158.459870440053,-9.49379463932587E-13));
#3945=CARTESIAN_POINT('',(245.97804440393,156.719309801652,-1.36135764423928E-12));
#3946=CARTESIAN_POINT('Origin',(249.27879186038,154.459870440055,-1.31880617537661E-12));
#3947=CARTESIAN_POINT('',(219.591430191936,118.171893471345,-1.70118216235562E-12));
#3948=CARTESIAN_POINT('',(230.758385426585,134.48536473043,-1.55736534779294E-12));
#3949=CARTESIAN_POINT('',(218.892177648386,115.912454109748,-1.71015979155695E-12));
#3950=CARTESIAN_POINT('Origin',(222.892177648386,115.912454109748,-1.65867319878998E-12));
#3951=CARTESIAN_POINT('',(218.892177648383,75.5598530610835,-1.71015979155699E-12));
#3952=CARTESIAN_POINT('',(218.892177648384,91.0598571036532,-1.71015979155698E-12));
#3953=CARTESIAN_POINT('',(226.292177648382,68.159853061083,-1.61484170952208E-12));
#3954=CARTESIAN_POINT('Origin',(226.292177648383,75.559853061083,-1.61481938931729E-12));
#3955=CARTESIAN_POINT('',(284.50530864573,68.1598530610787,-8.65141291939148E-13));
#3956=CARTESIAN_POINT('',(297.242186635727,68.1598530610778,-7.01105840050786E-13));
#3957=CARTESIAN_POINT('',(286.123290093481,67.9375806450632,-8.44277208567313E-13));
#3958=CARTESIAN_POINT('Origin',(284.50530864573,62.1598530610787,-8.65141291939153E-13));
#3959=CARTESIAN_POINT('',(315.623919781431,59.676292649351,-4.64350780049472E-13));
#3960=CARTESIAN_POINT('',(397.792187915454,151.059870440044,5.93846505102801E-13));
#3961=CARTESIAN_POINT('Origin',(392.292187915454,151.059870440045,5.23014276131717E-13));
#3962=CARTESIAN_POINT('',(397.792187915454,151.059870440044,5.93846505102801E-13));
#3963=CARTESIAN_POINT('',(220.792177648383,75.5598530610834,-1.68566354128293E-12));
#3964=CARTESIAN_POINT('Origin',(226.292177648383,75.559853061083,-1.61483131231184E-12));
#3965=CARTESIAN_POINT('',(220.792177648384,91.0598571036499,-1.68566354128291E-12));
#3966=CARTESIAN_POINT('',(323.392175740548,90.1598578327438,-3.63842334971602E-13));
#3967=CARTESIAN_POINT('',(295.19219048954,90.1598578327458,-7.27018300840806E-13));
#3968=CARTESIAN_POINT('',(321.342179261232,90.1598578327439,-3.90243393155743E-13));
#3969=CARTESIAN_POINT('',(331.392175740547,82.1598578327432,-2.61124455391837E-13));
#3970=CARTESIAN_POINT('Origin',(323.392175740547,82.1598578327438,-3.64153152077051E-13));
#3971=CARTESIAN_POINT('',(331.392175740546,69.8586879114343,-2.60902410786922E-13));
#3972=CARTESIAN_POINT('',(331.392175740547,81.6167333116973,-2.60902410786912E-13));
#3973=CARTESIAN_POINT('',(321.234867143545,62.155051132789,-3.91936238714151E-13));
#3974=CARTESIAN_POINT('Origin',(323.392175740546,69.8586879114349,-3.64153152077051E-13));
#3975=CARTESIAN_POINT('',(293.034881892538,70.0521096734939,-7.55053160398748E-13));
#3976=CARTESIAN_POINT('',(292.180694510067,70.2913143292431,-7.66053886991358E-13));
#3977=CARTESIAN_POINT('',(287.192190489539,77.7557464521405,-8.30224777814692E-13));
#3978=CARTESIAN_POINT('Origin',(295.192190489539,77.7557464521398,-7.27196081129478E-13));
#3979=CARTESIAN_POINT('',(287.192190489539,82.1598578327464,-8.30446822419632E-13));
#3980=CARTESIAN_POINT('',(287.19219048954,99.3598594894822,-8.30446822419617E-13));
#3981=CARTESIAN_POINT('Origin',(295.192190489539,82.1598578327458,-7.27196081129478E-13));
#3982=CARTESIAN_POINT('Origin',(321.342179261233,88.6598578327439,-8.50000000000039));
#3983=CARTESIAN_POINT('',(295.19219048954,87.1598578327458,-7.00000000000073));
#3984=CARTESIAN_POINT('',(295.19219048954,90.1598578327458,-10.0000000000007));
#3985=CARTESIAN_POINT('',(295.19219048954,87.1598578327458,-7.00000000000073));
#3986=CARTESIAN_POINT('',(323.392175740548,90.1598578327438,-10.0000000000004));
#3987=CARTESIAN_POINT('',(321.342179261233,90.1598578327439,-10.0000000000004));
#3988=CARTESIAN_POINT('',(323.392175740547,87.1598578327438,-7.00000000000036));
#3989=CARTESIAN_POINT('',(323.392175740548,90.1598578327438,-10.0000000000004));
#3990=CARTESIAN_POINT('',(321.342179261232,87.1598578327439,-7.00000000000039));
#3991=CARTESIAN_POINT('Origin',(295.192190489539,82.1598578327458,-8.50000000000075));
#3992=CARTESIAN_POINT('',(290.192190489539,82.1598578327462,-7.00000000000084));
#3993=CARTESIAN_POINT('Origin',(295.192190489539,82.1598578327458,-7.00000000000077));
#3994=CARTESIAN_POINT('',(287.192190489539,82.1598578327464,-10.0000000000008));
#3995=CARTESIAN_POINT('',(290.192190489539,82.1598578327462,-7.00000000000084));
#3996=CARTESIAN_POINT('Origin',(295.192190489539,82.1598578327458,-10.0000000000007));
#3997=CARTESIAN_POINT('Origin',(288.69219048954,99.3598594894821,-8.50000000000081));
#3998=CARTESIAN_POINT('',(290.192190489539,77.7557464521402,-7.00000000000079));
#3999=CARTESIAN_POINT('',(287.192190489539,77.7557464521404,-10.0000000000008));
#4000=CARTESIAN_POINT('',(290.192190489539,77.7557464521402,-7.00000000000079));
#4001=CARTESIAN_POINT('',(287.192190489541,99.3598594894822,-10.0000000000008));
#4002=CARTESIAN_POINT('',(290.19219048954,99.359859489482,-7.00000000000079));
#4003=CARTESIAN_POINT('Origin',(295.192190489539,77.7557464521398,-8.50000000000075));
#4004=CARTESIAN_POINT('',(293.843872616413,72.9409734654861,-7.00000000000079));
#4005=CARTESIAN_POINT('Origin',(295.192190489539,77.7557464521398,-7.00000000000077));
#4006=CARTESIAN_POINT('',(293.034881892538,70.0521096734939,-10.0000000000008));
#4007=CARTESIAN_POINT('',(293.843872616413,72.9409734654861,-7.00000000000079));
#4008=CARTESIAN_POINT('Origin',(295.192190489539,77.7557464521398,-10.0000000000007));
#4009=CARTESIAN_POINT('Origin',(292.585189872005,71.7357462252393,-8.50000000000076));
#4010=CARTESIAN_POINT('',(322.043857867421,65.0439149247812,-7.00000000000038));
#4011=CARTESIAN_POINT('',(321.234867143545,62.155051132789,-10.0000000000004));
#4012=CARTESIAN_POINT('',(322.043857867421,65.0439149247812,-7.00000000000038));
#4013=CARTESIAN_POINT('',(292.180694510068,70.2913143292431,-10.0000000000008));
#4014=CARTESIAN_POINT('',(292.989685233943,73.1801781212354,-7.00000000000075));
#4015=CARTESIAN_POINT('Origin',(323.392175740546,69.8586879114349,-8.50000000000034));
#4016=CARTESIAN_POINT('',(328.392175740546,69.8586879114345,-7.00000000000026));
#4017=CARTESIAN_POINT('Origin',(323.392175740546,69.8586879114349,-7.00000000000032));
#4018=CARTESIAN_POINT('',(331.392175740546,69.8586879114343,-10.0000000000003));
#4019=CARTESIAN_POINT('',(328.392175740546,69.8586879114345,-7.00000000000026));
#4020=CARTESIAN_POINT('Origin',(323.392175740546,69.8586879114349,-10.0000000000004));
#4021=CARTESIAN_POINT('Origin',(329.892175740547,81.6167333116974,-8.50000000000028));
#4022=CARTESIAN_POINT('',(328.392175740547,82.1598578327434,-7.0000000000003));
#4023=CARTESIAN_POINT('',(331.392175740547,82.1598578327432,-10.0000000000003));
#4024=CARTESIAN_POINT('',(328.392175740547,82.1598578327434,-7.0000000000003));
#4025=CARTESIAN_POINT('',(331.392175740547,81.6167333116973,-10.0000000000003));
#4026=CARTESIAN_POINT('',(328.392175740547,81.6167333116975,-7.0000000000003));
#4027=CARTESIAN_POINT('Origin',(323.392175740547,82.1598578327438,-8.50000000000034));
#4028=CARTESIAN_POINT('Origin',(323.392175740547,82.1598578327438,-7.00000000000032));
#4029=CARTESIAN_POINT('Origin',(323.392175740547,82.1598578327438,-10.0000000000004));
#4030=CARTESIAN_POINT('Origin',(295.192190489539,77.7557464521398,-7.14173820438989E-13));
#4031=CARTESIAN_POINT('',(290.192190489539,77.7557464521402,-3.00000000000084));
#4032=CARTESIAN_POINT('',(290.192190489539,77.7557464521402,-7.85228094014999E-13));
#4033=CARTESIAN_POINT('',(293.843872616413,72.9409734654861,-3.00000000000075));
#4034=CARTESIAN_POINT('Origin',(295.192190489539,77.7557464521398,-3.00000000000077));
#4035=CARTESIAN_POINT('',(293.843872616413,72.9409734654861,-7.33334569843886E-13));
#4036=CARTESIAN_POINT('Origin',(290.19219048954,92.1598578327462,-7.85228094014986E-13));
#4037=CARTESIAN_POINT('',(290.192190489539,82.1598578327462,-3.00000000000079));
#4038=CARTESIAN_POINT('',(290.192190489539,82.1598578327462,-8.17335734062355E-13));
#4039=CARTESIAN_POINT('',(290.19219048954,99.359859489482,-3.00000000000079));
#4040=CARTESIAN_POINT('Origin',(295.192190489539,82.1598578327458,-7.46281460486344E-13));
#4041=CARTESIAN_POINT('',(295.192190489539,87.1598578327458,-3.00000000000073));
#4042=CARTESIAN_POINT('',(295.192190489539,87.1598578327458,-7.46281460486339E-13));
#4043=CARTESIAN_POINT('Origin',(295.192190489539,82.1598578327458,-3.00000000000077));
#4044=CARTESIAN_POINT('Origin',(333.392175740547,87.1598578327431,-2.35534660008762E-13));
#4045=CARTESIAN_POINT('',(323.392175740547,87.1598578327438,-3.00000000000036));
#4046=CARTESIAN_POINT('',(323.392175740547,87.1598578327438,-3.77643207160779E-13));
#4047=CARTESIAN_POINT('',(321.342179261232,87.1598578327439,-3.00000000000039));
#4048=CARTESIAN_POINT('Origin',(309.292182781919,106.559861146216,-10.0000000000005));
#4049=CARTESIAN_POINT('',(399.692187915454,151.059870440044,-9.99999999999938));
#4050=CARTESIAN_POINT('Origin',(392.292187915454,151.059870440045,-9.99999999999948));
#4051=CARTESIAN_POINT('',(399.692187915447,62.059851852377,-9.99999999999938));
#4052=CARTESIAN_POINT('',(399.692187915452,128.809865793127,-9.99999999999938));
#4053=CARTESIAN_POINT('',(392.292187915447,54.6598518523776,-9.99999999999948));
#4054=CARTESIAN_POINT('Origin',(392.292187915448,62.0598518523775,-9.99999999999948));
#4055=CARTESIAN_POINT('',(334.086874391737,54.6598518523818,-10.0000000000002));
#4056=CARTESIAN_POINT('',(350.792185348681,54.6598518523806,-10.));
#4057=CARTESIAN_POINT('',(333.008220093237,54.8080334630588,-10.0000000000002));
#4058=CARTESIAN_POINT('Origin',(334.086874391737,58.6598518523818,-10.0000000000002));
#4059=CARTESIAN_POINT('',(286.123290093481,67.9375806450632,-10.0000000000008));
#4060=CARTESIAN_POINT('',(315.623919781432,59.676292649351,-10.0000000000005));
#4061=CARTESIAN_POINT('',(284.505308645731,68.1598530610787,-10.0000000000009));
#4062=CARTESIAN_POINT('Origin',(284.50530864573,62.1598530610787,-10.0000000000009));
#4063=CARTESIAN_POINT('',(226.292177648383,68.159853061083,-10.0000000000016));
#4064=CARTESIAN_POINT('',(297.242186635727,68.1598530610778,-10.0000000000007));
#4065=CARTESIAN_POINT('',(218.892177648383,75.5598530610835,-10.0000000000017));
#4066=CARTESIAN_POINT('Origin',(226.292177648383,75.559853061083,-10.0000000000016));
#4067=CARTESIAN_POINT('',(218.892177648386,115.912454109748,-10.0000000000017));
#4068=CARTESIAN_POINT('',(218.892177648384,91.0598571036532,-10.0000000000017));
#4069=CARTESIAN_POINT('',(219.591430191936,118.171893471345,-10.0000000000017));
#4070=CARTESIAN_POINT('Origin',(222.892177648386,115.912454109748,-10.0000000000017));
#4071=CARTESIAN_POINT('',(245.97804440393,156.719309801652,-10.0000000000014));
#4072=CARTESIAN_POINT('',(230.758385426585,134.48536473043,-10.0000000000016));
#4073=CARTESIAN_POINT('Origin',(249.27879186038,154.459870440055,-10.0000000000013));
#4074=CARTESIAN_POINT('Origin',(321.342179261232,88.6598578327439,-1.50000000000039));
#4075=CARTESIAN_POINT('',(323.392175740547,87.1598578327438,-3.00000000000036));
#4076=CARTESIAN_POINT('',(295.19219048954,90.1598578327458,-7.27018300840806E-13));
#4077=CARTESIAN_POINT('Origin',(323.392175740547,82.1598578327438,-1.50000000000034));
#4078=CARTESIAN_POINT('',(328.392175740547,82.1598578327434,-3.00000000000025));
#4079=CARTESIAN_POINT('Origin',(323.392175740547,82.1598578327438,-3.00000000000032));
#4080=CARTESIAN_POINT('',(328.392175740547,82.1598578327434,-3.00000000000025));
#4081=CARTESIAN_POINT('Origin',(329.892175740547,81.6167333116974,-1.50000000000028));
#4082=CARTESIAN_POINT('',(328.392175740546,69.8586879114345,-3.0000000000003));
#4083=CARTESIAN_POINT('',(328.392175740546,69.8586879114345,-3.0000000000003));
#4084=CARTESIAN_POINT('',(328.392175740547,81.6167333116975,-3.0000000000003));
#4085=CARTESIAN_POINT('Origin',(323.392175740546,69.8586879114349,-1.50000000000034));
#4086=CARTESIAN_POINT('',(322.043857867421,65.0439149247812,-3.00000000000034));
#4087=CARTESIAN_POINT('Origin',(323.392175740546,69.8586879114349,-3.00000000000032));
#4088=CARTESIAN_POINT('',(322.043857867421,65.0439149247812,-3.00000000000034));
#4089=CARTESIAN_POINT('Origin',(292.585189872005,71.7357462252393,-1.50000000000076));
#4090=CARTESIAN_POINT('',(293.843872616413,72.9409734654861,-3.00000000000075));
#4091=CARTESIAN_POINT('',(292.989685233943,73.1801781212354,-3.00000000000076));
#4092=CARTESIAN_POINT('Origin',(295.192190489539,77.7557464521398,-1.50000000000075));
#4093=CARTESIAN_POINT('',(290.192190489539,77.7557464521402,-3.00000000000084));
#4094=CARTESIAN_POINT('Origin',(288.69219048954,99.3598594894821,-1.50000000000081));
#4095=CARTESIAN_POINT('',(290.192190489539,82.1598578327462,-3.00000000000079));
#4096=CARTESIAN_POINT('Origin',(295.192190489539,82.1598578327458,-1.50000000000075));
#4097=CARTESIAN_POINT('Origin',(323.392175740546,69.8586879114349,-3.45535567113437E-13));
#4098=CARTESIAN_POINT('',(322.043857867421,65.0439149247812,-3.64696316518334E-13));
#4099=CARTESIAN_POINT('',(328.392175740546,69.8586879114345,-2.74481293537426E-13));
#4100=CARTESIAN_POINT('Origin',(328.392175740545,56.6736054771801,-3.06588933584796E-13));
#4101=CARTESIAN_POINT('',(328.392175740547,82.1598578327434,-3.06588933584774E-13));
#4102=CARTESIAN_POINT('Origin',(323.392175740547,82.1598578327438,-3.77643207160784E-13));
#4103=CARTESIAN_POINT('Origin',(286.540508362664,74.9861906718991,-8.37121618186118E-13));
#4104=CARTESIAN_POINT('Origin',(218.392177648384,91.0598571036533,-9.50000000000172));
#4105=CARTESIAN_POINT('',(217.892177648386,115.912454109748,-9.00000000000172));
#4106=CARTESIAN_POINT('',(217.892177648386,115.912454109748,-9.00000000000172));
#4107=CARTESIAN_POINT('',(217.892177648383,75.5598530610836,-9.00000000000172));
#4108=CARTESIAN_POINT('',(218.892177648383,75.5598530610835,-10.0000000000017));
#4109=CARTESIAN_POINT('',(217.892177648384,91.0598571036533,-9.00000000000172));
#4110=CARTESIAN_POINT('Origin',(222.892177648386,115.912454109748,-9.50000000000178));
#4111=CARTESIAN_POINT('',(218.766243327823,118.736753311744,-9.00000000000195));
#4112=CARTESIAN_POINT('Origin',(222.892177648386,115.912454109748,-9.0000000000019));
#4113=CARTESIAN_POINT('',(218.766243327823,118.736753311744,-9.00000000000195));
#4114=CARTESIAN_POINT('Origin',(230.345791994528,134.767794650629,-9.50000000000156));
#4115=CARTESIAN_POINT('',(245.152857539817,157.284169642052,-9.00000000000137));
#4116=CARTESIAN_POINT('',(245.152857539817,157.284169642052,-9.00000000000137));
#4117=CARTESIAN_POINT('',(229.933198562472,135.050224570829,-9.00000000000157));
#4118=CARTESIAN_POINT('Origin',(249.27879186038,154.459870440055,-9.5000000000014));
#4119=CARTESIAN_POINT('Origin',(249.27879186038,154.459870440055,-9.00000000000148));
#4120=CARTESIAN_POINT('Origin',(392.292187915454,151.059870440045,-9.49999999999942));
#4121=CARTESIAN_POINT('',(400.692187915454,151.059870440044,-8.99999999999926));
#4122=CARTESIAN_POINT('',(400.692187915454,151.059870440044,-8.99999999999926));
#4123=CARTESIAN_POINT('Origin',(392.292187915454,151.059870440045,-8.99999999999937));
#4124=CARTESIAN_POINT('Origin',(400.192187915452,128.809865793127,-9.49999999999937));
#4125=CARTESIAN_POINT('',(400.692187915448,62.0598518523769,-8.99999999999937));
#4126=CARTESIAN_POINT('',(400.692187915448,62.0598518523769,-8.99999999999937));
#4127=CARTESIAN_POINT('',(400.692187915452,128.809865793127,-8.99999999999937));
#4128=CARTESIAN_POINT('Origin',(392.292187915448,62.0598518523775,-9.49999999999942));
#4129=CARTESIAN_POINT('',(392.292187915447,53.6598518523776,-8.99999999999937));
#4130=CARTESIAN_POINT('',(392.292187915447,53.6598518523776,-8.99999999999937));
#4131=CARTESIAN_POINT('Origin',(392.292187915448,62.0598518523775,-8.99999999999937));
#4132=CARTESIAN_POINT('Origin',(350.792185348681,54.1598518523806,-9.50000000000001));
#4133=CARTESIAN_POINT('',(334.086874391737,53.6598518523818,-9.00000000000023));
#4134=CARTESIAN_POINT('',(334.086874391737,53.6598518523818,-9.00000000000023));
#4135=CARTESIAN_POINT('',(350.792185348681,53.6598518523806,-9.00000000000001));
#4136=CARTESIAN_POINT('Origin',(334.086874391737,58.6598518523818,-9.5000000000002));
#4137=CARTESIAN_POINT('',(332.738556518612,53.8450788657281,-9.00000000000018));
#4138=CARTESIAN_POINT('Origin',(334.086874391737,58.6598518523818,-9.00000000000016));
#4139=CARTESIAN_POINT('',(332.738556518612,53.8450788657281,-9.00000000000018));
#4140=CARTESIAN_POINT('Origin',(315.489087994119,59.1948153506857,-9.50000000000047));
#4141=CARTESIAN_POINT('',(285.853626518856,66.9746260477324,-9.00000000000085));
#4142=CARTESIAN_POINT('',(285.853626518856,66.9746260477324,-9.00000000000085));
#4143=CARTESIAN_POINT('',(315.354256206807,58.7133380520203,-9.00000000000047));
#4144=CARTESIAN_POINT('Origin',(284.50530864573,62.1598530610787,-9.5000000000009));
#4145=CARTESIAN_POINT('',(284.505308645731,67.1598530610787,-9.00000000000093));
#4146=CARTESIAN_POINT('Origin',(284.50530864573,62.1598530610787,-9.00000000000093));
#4147=CARTESIAN_POINT('',(284.505308645731,67.1598530610787,-9.00000000000093));
#4148=CARTESIAN_POINT('Origin',(297.242186635727,67.6598530610778,-9.5000000000007));
#4149=CARTESIAN_POINT('',(226.292177648383,67.159853061083,-9.00000000000162));
#4150=CARTESIAN_POINT('',(226.292177648383,67.159853061083,-9.00000000000162));
#4151=CARTESIAN_POINT('',(297.242186635727,67.1598530610778,-9.0000000000007));
#4152=CARTESIAN_POINT('Origin',(226.292177648383,75.559853061083,-9.50000000000167));
#4153=CARTESIAN_POINT('Origin',(226.292177648383,75.559853061083,-9.00000000000172));
#4154=CARTESIAN_POINT('Origin',(400.692187915454,151.059870440044,6.31194407651193E-13));
#4155=CARTESIAN_POINT('',(400.692187915454,151.059870440044,-0.999999999999259));
#4156=CARTESIAN_POINT('',(400.692187915454,151.059870440044,6.31194407651193E-13));
#4157=CARTESIAN_POINT('',(400.692187915447,62.0598518523769,-0.999999999999369));
#4158=CARTESIAN_POINT('',(400.692187915452,128.809865793127,-0.999999999999369));
#4159=CARTESIAN_POINT('',(400.692187915447,62.0598518523769,6.31194407651117E-13));
#4160=CARTESIAN_POINT('Origin',(392.292187915454,151.059870440045,5.23014276131717E-13));
#4161=CARTESIAN_POINT('',(392.292187915454,159.459870440045,-0.999999999999477));
#4162=CARTESIAN_POINT('',(392.292187915454,159.459870440045,5.23014276131723E-13));
#4163=CARTESIAN_POINT('Origin',(392.292187915454,151.059870440045,-0.999999999999367));
#4164=CARTESIAN_POINT('Origin',(246.642175970544,159.459870440055,-1.35275208672703E-12));
#4165=CARTESIAN_POINT('',(249.278791860381,159.459870440055,-1.00000000000148));
#4166=CARTESIAN_POINT('',(249.278791860381,159.459870440055,-1.29613217531965E-12));
#4167=CARTESIAN_POINT('',(277.967179376233,159.459870440053,-1.00000000000095));
#4168=CARTESIAN_POINT('Origin',(249.27879186038,154.459870440055,-1.29613217531966E-12));
#4169=CARTESIAN_POINT('',(245.152857539817,157.284169642052,-1.00000000000137));
#4170=CARTESIAN_POINT('',(245.152857539817,157.284169642052,-1.35476522851364E-12));
#4171=CARTESIAN_POINT('Origin',(249.27879186038,154.459870440055,-1.00000000000148));
#4172=CARTESIAN_POINT('Origin',(217.892177648386,117.459856875749,-1.72301144383128E-12));
#4173=CARTESIAN_POINT('',(218.766243327823,118.736753311744,-1.00000000000195));
#4174=CARTESIAN_POINT('',(218.766243327823,118.736753311744,-1.71059022344926E-12));
#4175=CARTESIAN_POINT('',(229.933198562472,135.050224570829,-1.00000000000157));
#4176=CARTESIAN_POINT('Origin',(222.892177648386,115.912454109748,-1.65195717025527E-12));
#4177=CARTESIAN_POINT('',(217.892177648386,115.912454109748,-1.00000000000172));
#4178=CARTESIAN_POINT('',(217.892177648386,115.912454109748,-1.72301144383128E-12));
#4179=CARTESIAN_POINT('Origin',(222.892177648386,115.912454109748,-1.00000000000189));
#4180=CARTESIAN_POINT('Origin',(217.892177648383,75.5598530610836,-1.72301144383132E-12));
#4181=CARTESIAN_POINT('',(217.892177648383,75.5598530610836,-1.00000000000172));
#4182=CARTESIAN_POINT('',(217.892177648383,75.5598530610836,-1.72301144383132E-12));
#4183=CARTESIAN_POINT('',(217.892177648384,91.0598571036533,-1.00000000000172));
#4184=CARTESIAN_POINT('Origin',(218.392177648384,91.0598571036533,-0.500000000001717));
#4185=CARTESIAN_POINT('',(218.892177648386,115.912454109748,-1.71015979155695E-12));
#4186=CARTESIAN_POINT('',(217.892177648383,75.5598530610836,-1.00000000000172));
#4187=CARTESIAN_POINT('Origin',(222.892177648386,115.912454109748,-0.500000000001776));
#4188=CARTESIAN_POINT('',(219.591430191936,118.171893471345,-1.70118216235562E-12));
#4189=CARTESIAN_POINT('Origin',(230.345791994528,134.767794650629,-0.500000000001563));
#4190=CARTESIAN_POINT('',(245.97804440393,156.719309801652,-1.36135764423928E-12));
#4191=CARTESIAN_POINT('Origin',(249.27879186038,154.459870440055,-0.5000000000014));
#4192=CARTESIAN_POINT('',(249.278791860381,158.459870440055,-1.3188061753766E-12));
#4193=CARTESIAN_POINT('Origin',(277.967179376233,158.959870440053,-0.500000000000949));
#4194=CARTESIAN_POINT('',(392.292187915454,158.459870440045,5.22965114607658E-13));
#4195=CARTESIAN_POINT('Origin',(392.292187915454,151.059870440045,-0.499999999999422));
#4196=CARTESIAN_POINT('',(399.692187915454,151.059870440044,6.18216589032272E-13));
#4197=CARTESIAN_POINT('Origin',(400.192187915452,128.809865793127,-0.499999999999375));
#4198=CARTESIAN_POINT('',(399.692187915447,62.059851852377,6.18255446838078E-13));
#4199=CARTESIAN_POINT('Origin',(392.292187915447,62.0598518523775,-0.499999999999422));
#4200=CARTESIAN_POINT('',(392.292187915447,53.6598518523776,-0.999999999999367));
#4201=CARTESIAN_POINT('',(392.292187915447,54.6598518523776,5.22915044598441E-13));
#4202=CARTESIAN_POINT('Origin',(392.292187915447,62.0598518523775,-0.999999999999367));
#4203=CARTESIAN_POINT('Origin',(350.792185348681,54.1598518523806,-0.500000000000012));
#4204=CARTESIAN_POINT('',(334.086874391737,53.6598518523818,-1.00000000000023));
#4205=CARTESIAN_POINT('',(334.086874391737,54.6598518523818,-2.2665936583238E-13));
#4206=CARTESIAN_POINT('',(350.792185348681,53.6598518523806,-1.00000000000001));
#4207=CARTESIAN_POINT('Origin',(334.086874391737,58.6598518523818,-0.500000000000194));
#4208=CARTESIAN_POINT('',(332.738556518612,53.8450788657281,-1.00000000000018));
#4209=CARTESIAN_POINT('',(333.008220093237,54.8080334630588,-2.4051581822016E-13));
#4210=CARTESIAN_POINT('Origin',(334.086874391737,58.6598518523818,-1.00000000000016));
#4211=CARTESIAN_POINT('Origin',(315.489087994119,59.1948153506857,-0.500000000000466));
#4212=CARTESIAN_POINT('',(285.853626518856,66.9746260477324,-1.00000000000085));
#4213=CARTESIAN_POINT('',(286.123290093481,67.9375806450632,-8.44277208567313E-13));
#4214=CARTESIAN_POINT('',(315.354256206806,58.7133380520203,-1.00000000000047));
#4215=CARTESIAN_POINT('Origin',(284.50530864573,62.1598530610787,-0.500000000000898));
#4216=CARTESIAN_POINT('',(284.50530864573,67.1598530610787,-1.00000000000093));
#4217=CARTESIAN_POINT('',(284.50530864573,68.1598530610787,-8.65141291939148E-13));
#4218=CARTESIAN_POINT('Origin',(284.50530864573,62.1598530610787,-1.00000000000093));
#4219=CARTESIAN_POINT('Origin',(297.242186635727,67.6598530610778,-0.500000000000701));
#4220=CARTESIAN_POINT('',(226.292177648382,67.159853061083,-1.00000000000161));
#4221=CARTESIAN_POINT('',(226.292177648382,68.159853061083,-1.61484170952208E-12));
#4222=CARTESIAN_POINT('',(297.242186635727,67.1598530610778,-1.0000000000007));
#4223=CARTESIAN_POINT('Origin',(226.292177648383,75.559853061083,-0.50000000000167));
#4224=CARTESIAN_POINT('Origin',(226.292177648383,75.559853061083,-1.00000000000172));
#4225=CARTESIAN_POINT('Origin',(392.292187915447,53.6598518523776,5.23014276131634E-13));
#4226=CARTESIAN_POINT('',(392.292187915447,53.6598518523776,5.23014276131634E-13));
#4227=CARTESIAN_POINT('',(334.086874391737,53.6598518523818,-2.64902895245943E-13));
#4228=CARTESIAN_POINT('Origin',(334.086874391737,58.6598518523818,-2.64902895245938E-13));
#4229=CARTESIAN_POINT('',(332.738556518612,53.8450788657281,-2.84063644650835E-13));
#4230=CARTESIAN_POINT('Origin',(333.399992547929,53.6598518523818,-2.35433990574158E-13));
#4231=CARTESIAN_POINT('',(285.853626518856,66.9746260477324,-8.78995643362064E-13));
#4232=CARTESIAN_POINT('Origin',(284.50530864573,62.1598530610787,-8.9815639276696E-13));
#4233=CARTESIAN_POINT('',(284.50530864573,67.1598530610787,-8.98156392766955E-13));
#4234=CARTESIAN_POINT('Origin',(285.192190489538,67.1598530610787,-8.56282367591018E-13));
#4235=CARTESIAN_POINT('',(226.292177648382,67.159853061083,-1.61483131231185E-12));
#4236=CARTESIAN_POINT('Origin',(226.292177648383,75.559853061083,-1.61483131231184E-12));
#4237=CARTESIAN_POINT('Origin',(392.292187915454,151.059870440045,5.23014276131717E-13));
#4238=CARTESIAN_POINT('',(397.792187915454,151.059870440044,5.93846505102801E-13));
#4239=CARTESIAN_POINT('Origin',(397.792187915447,62.0598518523771,5.93846505102727E-13));
#4240=CARTESIAN_POINT('Origin',(226.292177648383,75.559853061083,-1.61483131231184E-12));
#4241=CARTESIAN_POINT('',(220.792177648383,75.5598530610834,-1.68566354128293E-12));
#4242=CARTESIAN_POINT('Origin',(220.792177648385,109.05985687575,-1.6856635412829E-12));
#4243=CARTESIAN_POINT('Origin',(392.292187915447,62.0598518523775,5.23014276131642E-13));
#4244=UNCERTAINTY_MEASURE_WITH_UNIT(LENGTH_MEASURE(0.01),#4248,
'DISTANCE_ACCURACY_VALUE',
'Maximum model space distance between geometric entities at asserted c
onnectivities');
#4245=UNCERTAINTY_MEASURE_WITH_UNIT(LENGTH_MEASURE(0.01),#4248,
'DISTANCE_ACCURACY_VALUE',
'Maximum model space distance between geometric entities at asserted c
onnectivities');
#4246=(
GEOMETRIC_REPRESENTATION_CONTEXT(3)
GLOBAL_UNCERTAINTY_ASSIGNED_CONTEXT((#4244))
GLOBAL_UNIT_ASSIGNED_CONTEXT((#4248,#4249,#4250))
REPRESENTATION_CONTEXT('','3D')
);
#4247=(
GEOMETRIC_REPRESENTATION_CONTEXT(3)
GLOBAL_UNCERTAINTY_ASSIGNED_CONTEXT((#4245))
GLOBAL_UNIT_ASSIGNED_CONTEXT((#4248,#4249,#4250))
REPRESENTATION_CONTEXT('','3D')
);
#4248=(
LENGTH_UNIT()
NAMED_UNIT(*)
SI_UNIT(.MILLI.,.METRE.)
);
#4249=(
NAMED_UNIT(*)
PLANE_ANGLE_UNIT()
SI_UNIT($,.RADIAN.)
);
#4250=(
NAMED_UNIT(*)
SI_UNIT($,.STERADIAN.)
SOLID_ANGLE_UNIT()
);
#4251=SHAPE_DEFINITION_REPRESENTATION(#4252,#4253);
#4252=PRODUCT_DEFINITION_SHAPE('',$,#4255);
#4253=SHAPE_REPRESENTATION('',(#2536),#4246);
#4254=PRODUCT_DEFINITION_CONTEXT('part definition',#4259,'design');
#4255=PRODUCT_DEFINITION('Case','Case v13',#4256,#4254);
#4256=PRODUCT_DEFINITION_FORMATION('',$,#4261);
#4257=PRODUCT_RELATED_PRODUCT_CATEGORY('Case v13','Case v13',(#4261));
#4258=APPLICATION_PROTOCOL_DEFINITION('international standard',
'automotive_design',2009,#4259);
#4259=APPLICATION_CONTEXT(
'Core Data for Automotive Mechanical Design Process');
#4260=PRODUCT_CONTEXT('part definition',#4259,'mechanical');
#4261=PRODUCT('Case','Case v13',$,(#4260));
#4262=PRESENTATION_STYLE_ASSIGNMENT((#4264));
#4263=PRESENTATION_STYLE_ASSIGNMENT((#4265));
#4264=SURFACE_STYLE_USAGE(.BOTH.,#4266);
#4265=SURFACE_STYLE_USAGE(.BOTH.,#4267);
#4266=SURFACE_SIDE_STYLE('',(#4268));
#4267=SURFACE_SIDE_STYLE('',(#4269));
#4268=SURFACE_STYLE_FILL_AREA(#4270);
#4269=SURFACE_STYLE_FILL_AREA(#4271);
#4270=FILL_AREA_STYLE('Steel - Satin',(#4272));
#4271=FILL_AREA_STYLE('Aluminum - Satin',(#4273));
#4272=FILL_AREA_STYLE_COLOUR('Steel - Satin',#4274);
#4273=FILL_AREA_STYLE_COLOUR('Aluminum - Satin',#4275);
#4274=COLOUR_RGB('Steel - Satin',0.627450980392157,0.627450980392157,0.627450980392157);
#4275=COLOUR_RGB('Aluminum - Satin',0.96078431372549,0.96078431372549,0.964705882352941);
ENDSEC;
END-ISO-10303-21;
