ISO-10303-21;
HEADER;
/* Generated by software containing ST-Developer
 * from STEP Tools, Inc. (www.steptools.com) 
 */

FILE_DESCRIPTION(
/* description */ (''),
/* implementation_level */ '2;1');

FILE_NAME(
/* name */ 'Case (CNC).step',
/* time_stamp */ '2026-09-14T21:02:15+02:00',
/* author */ (''),
/* organization */ (''),
/* preprocessor_version */ 'ST-DEVELOPER v20.2',
/* originating_system */ 'Autodesk Translation Framework v15.15.0.0',
/* authorisation */ '');

FILE_SCHEMA (('AUTOMOTIVE_DESIGN { 1 0 10303 214 3 1 1 }'));
ENDSEC;

DATA;
#10=MECHANICAL_DESIGN_GEOMETRIC_PRESENTATION_REPRESENTATION('',(#13),#4564);
#11=SHAPE_REPRESENTATION_RELATIONSHIP('SRR','None',#4570,#12);
#12=ADVANCED_BREP_SHAPE_REPRESENTATION('',(#14),#4563);
#13=STYLED_ITEM('',(#4580),#14);
#14=MANIFOLD_SOLID_BREP('Case',#2704);
#15=FACE_BOUND('',#356,.T.);
#16=FACE_BOUND('',#357,.T.);
#17=FACE_BOUND('',#358,.T.);
#18=FACE_BOUND('',#359,.T.);
#19=FACE_BOUND('',#360,.T.);
#20=FACE_BOUND('',#361,.T.);
#21=FACE_BOUND('',#362,.T.);
#22=FACE_BOUND('',#363,.T.);
#23=FACE_BOUND('',#364,.T.);
#24=FACE_BOUND('',#365,.T.);
#25=FACE_BOUND('',#366,.T.);
#26=FACE_BOUND('',#367,.T.);
#27=FACE_BOUND('',#389,.T.);
#28=FACE_BOUND('',#390,.T.);
#29=FACE_BOUND('',#404,.T.);
#30=CONICAL_SURFACE('',#2752,0.40575,1.02974425867665);
#31=CONICAL_SURFACE('',#2756,0.40575,1.02974425867665);
#32=CONICAL_SURFACE('',#2760,0.40575,1.02974425867665);
#33=CONICAL_SURFACE('',#2764,0.40575,1.02974425867665);
#34=CONICAL_SURFACE('',#2768,0.40575,1.02974425867665);
#35=CONICAL_SURFACE('',#2772,0.40575,1.02974425867665);
#36=CONICAL_SURFACE('',#2776,0.40575,1.02974425867665);
#37=CONICAL_SURFACE('',#2780,0.40575,1.02974425867665);
#38=CONICAL_SURFACE('',#2784,0.40575,1.02974425867665);
#39=CONICAL_SURFACE('',#2788,0.40575,1.02974425867665);
#40=CONICAL_SURFACE('',#2792,0.40575,1.02974425867665);
#41=CONICAL_SURFACE('',#2797,1.49999999999998,0.785398163407244);
#42=CONICAL_SURFACE('',#2801,1.50000000000002,0.785398163406649);
#43=CONICAL_SURFACE('',#2872,6.5,0.785398163397456);
#44=CONICAL_SURFACE('',#2876,6.49999999999999,0.785398163397453);
#45=CONICAL_SURFACE('',#2880,6.50000000000003,0.785398163397457);
#46=CONICAL_SURFACE('',#2884,6.50000000000003,0.785398163397457);
#47=CONICAL_SURFACE('',#2902,6.5,0.78539816339745);
#48=CONICAL_SURFACE('',#2905,6.5,0.785398163397452);
#49=CONICAL_SURFACE('',#2908,6.49999999999999,0.785398163397438);
#50=CONICAL_SURFACE('',#2910,6.5,0.785398163397442);
#51=CONICAL_SURFACE('',#2916,4.5,0.785398163397555);
#52=CONICAL_SURFACE('',#2919,4.50000000000001,0.78539816339752);
#53=CONICAL_SURFACE('',#2921,7.9,0.785398163397391);
#54=CONICAL_SURFACE('',#2924,7.89999999999995,0.785398163397419);
#55=CONICAL_SURFACE('',#2927,4.5,0.785398163397414);
#56=CONICAL_SURFACE('',#2930,5.5,0.785398163397478);
#57=CONICAL_SURFACE('',#2933,7.90000000000004,0.785398163397487);
#58=CONICAL_SURFACE('',#2946,4.49999999999999,0.785398163397349);
#59=CONICAL_SURFACE('',#2948,4.5,0.785398163397371);
#60=CONICAL_SURFACE('',#2950,7.90000000000001,0.785398163397491);
#61=CONICAL_SURFACE('',#2952,7.89999999999996,0.785398163397492);
#62=CONICAL_SURFACE('',#2955,4.5,0.785398163397483);
#63=CONICAL_SURFACE('',#2958,5.5,0.785398163397417);
#64=CONICAL_SURFACE('',#2961,7.90000000000003,0.785398163397394);
#65=PLANE('',#2709);
#66=PLANE('',#2713);
#67=PLANE('',#2717);
#68=PLANE('',#2721);
#69=PLANE('',#2725);
#70=PLANE('',#2729);
#71=PLANE('',#2733);
#72=PLANE('',#2737);
#73=PLANE('',#2741);
#74=PLANE('',#2745);
#75=PLANE('',#2750);
#76=PLANE('',#2751);
#77=PLANE('',#2796);
#78=PLANE('',#2800);
#79=PLANE('',#2804);
#80=PLANE('',#2807);
#81=PLANE('',#2810);
#82=PLANE('',#2811);
#83=PLANE('',#2812);
#84=PLANE('',#2813);
#85=PLANE('',#2814);
#86=PLANE('',#2815);
#87=PLANE('',#2816);
#88=PLANE('',#2820);
#89=PLANE('',#2824);
#90=PLANE('',#2834);
#91=PLANE('',#2835);
#92=PLANE('',#2837);
#93=PLANE('',#2839);
#94=PLANE('',#2840);
#95=PLANE('',#2842);
#96=PLANE('',#2844);
#97=PLANE('',#2847);
#98=PLANE('',#2850);
#99=PLANE('',#2851);
#100=PLANE('',#2852);
#101=PLANE('',#2855);
#102=PLANE('',#2856);
#103=PLANE('',#2857);
#104=PLANE('',#2871);
#105=PLANE('',#2875);
#106=PLANE('',#2879);
#107=PLANE('',#2883);
#108=PLANE('',#2889);
#109=PLANE('',#2892);
#110=PLANE('',#2893);
#111=PLANE('',#2901);
#112=PLANE('',#2904);
#113=PLANE('',#2907);
#114=PLANE('',#2909);
#115=PLANE('',#2912);
#116=PLANE('',#2914);
#117=PLANE('',#2915);
#118=PLANE('',#2918);
#119=PLANE('',#2923);
#120=PLANE('',#2926);
#121=PLANE('',#2929);
#122=PLANE('',#2932);
#123=PLANE('',#2935);
#124=PLANE('',#2938);
#125=PLANE('',#2941);
#126=PLANE('',#2944);
#127=PLANE('',#2945);
#128=PLANE('',#2947);
#129=PLANE('',#2949);
#130=PLANE('',#2951);
#131=PLANE('',#2954);
#132=PLANE('',#2957);
#133=PLANE('',#2960);
#134=PLANE('',#2963);
#135=PLANE('',#2965);
#136=PLANE('',#2967);
#137=PLANE('',#2970);
#138=PLANE('',#2972);
#139=FACE_OUTER_BOUND('',#293,.T.);
#140=FACE_OUTER_BOUND('',#294,.T.);
#141=FACE_OUTER_BOUND('',#295,.T.);
#142=FACE_OUTER_BOUND('',#296,.T.);
#143=FACE_OUTER_BOUND('',#297,.T.);
#144=FACE_OUTER_BOUND('',#298,.T.);
#145=FACE_OUTER_BOUND('',#299,.T.);
#146=FACE_OUTER_BOUND('',#300,.T.);
#147=FACE_OUTER_BOUND('',#301,.T.);
#148=FACE_OUTER_BOUND('',#302,.T.);
#149=FACE_OUTER_BOUND('',#303,.T.);
#150=FACE_OUTER_BOUND('',#304,.T.);
#151=FACE_OUTER_BOUND('',#305,.T.);
#152=FACE_OUTER_BOUND('',#306,.T.);
#153=FACE_OUTER_BOUND('',#307,.T.);
#154=FACE_OUTER_BOUND('',#308,.T.);
#155=FACE_OUTER_BOUND('',#309,.T.);
#156=FACE_OUTER_BOUND('',#310,.T.);
#157=FACE_OUTER_BOUND('',#311,.T.);
#158=FACE_OUTER_BOUND('',#312,.T.);
#159=FACE_OUTER_BOUND('',#313,.T.);
#160=FACE_OUTER_BOUND('',#314,.T.);
#161=FACE_OUTER_BOUND('',#315,.T.);
#162=FACE_OUTER_BOUND('',#316,.T.);
#163=FACE_OUTER_BOUND('',#317,.T.);
#164=FACE_OUTER_BOUND('',#318,.T.);
#165=FACE_OUTER_BOUND('',#319,.T.);
#166=FACE_OUTER_BOUND('',#320,.T.);
#167=FACE_OUTER_BOUND('',#321,.T.);
#168=FACE_OUTER_BOUND('',#322,.T.);
#169=FACE_OUTER_BOUND('',#323,.T.);
#170=FACE_OUTER_BOUND('',#324,.T.);
#171=FACE_OUTER_BOUND('',#325,.T.);
#172=FACE_OUTER_BOUND('',#326,.T.);
#173=FACE_OUTER_BOUND('',#327,.T.);
#174=FACE_OUTER_BOUND('',#328,.T.);
#175=FACE_OUTER_BOUND('',#329,.T.);
#176=FACE_OUTER_BOUND('',#330,.T.);
#177=FACE_OUTER_BOUND('',#331,.T.);
#178=FACE_OUTER_BOUND('',#332,.T.);
#179=FACE_OUTER_BOUND('',#333,.T.);
#180=FACE_OUTER_BOUND('',#334,.T.);
#181=FACE_OUTER_BOUND('',#335,.T.);
#182=FACE_OUTER_BOUND('',#336,.T.);
#183=FACE_OUTER_BOUND('',#337,.T.);
#184=FACE_OUTER_BOUND('',#338,.T.);
#185=FACE_OUTER_BOUND('',#339,.T.);
#186=FACE_OUTER_BOUND('',#340,.T.);
#187=FACE_OUTER_BOUND('',#341,.T.);
#188=FACE_OUTER_BOUND('',#342,.T.);
#189=FACE_OUTER_BOUND('',#343,.T.);
#190=FACE_OUTER_BOUND('',#344,.T.);
#191=FACE_OUTER_BOUND('',#345,.T.);
#192=FACE_OUTER_BOUND('',#346,.T.);
#193=FACE_OUTER_BOUND('',#347,.T.);
#194=FACE_OUTER_BOUND('',#348,.T.);
#195=FACE_OUTER_BOUND('',#349,.T.);
#196=FACE_OUTER_BOUND('',#350,.T.);
#197=FACE_OUTER_BOUND('',#351,.T.);
#198=FACE_OUTER_BOUND('',#352,.T.);
#199=FACE_OUTER_BOUND('',#353,.T.);
#200=FACE_OUTER_BOUND('',#354,.T.);
#201=FACE_OUTER_BOUND('',#355,.T.);
#202=FACE_OUTER_BOUND('',#368,.T.);
#203=FACE_OUTER_BOUND('',#369,.T.);
#204=FACE_OUTER_BOUND('',#370,.T.);
#205=FACE_OUTER_BOUND('',#371,.T.);
#206=FACE_OUTER_BOUND('',#372,.T.);
#207=FACE_OUTER_BOUND('',#373,.T.);
#208=FACE_OUTER_BOUND('',#374,.T.);
#209=FACE_OUTER_BOUND('',#375,.T.);
#210=FACE_OUTER_BOUND('',#376,.T.);
#211=FACE_OUTER_BOUND('',#377,.T.);
#212=FACE_OUTER_BOUND('',#378,.T.);
#213=FACE_OUTER_BOUND('',#379,.T.);
#214=FACE_OUTER_BOUND('',#380,.T.);
#215=FACE_OUTER_BOUND('',#381,.T.);
#216=FACE_OUTER_BOUND('',#382,.T.);
#217=FACE_OUTER_BOUND('',#383,.T.);
#218=FACE_OUTER_BOUND('',#384,.T.);
#219=FACE_OUTER_BOUND('',#385,.T.);
#220=FACE_OUTER_BOUND('',#386,.T.);
#221=FACE_OUTER_BOUND('',#387,.T.);
#222=FACE_OUTER_BOUND('',#388,.T.);
#223=FACE_OUTER_BOUND('',#391,.T.);
#224=FACE_OUTER_BOUND('',#392,.T.);
#225=FACE_OUTER_BOUND('',#393,.T.);
#226=FACE_OUTER_BOUND('',#394,.T.);
#227=FACE_OUTER_BOUND('',#395,.T.);
#228=FACE_OUTER_BOUND('',#396,.T.);
#229=FACE_OUTER_BOUND('',#397,.T.);
#230=FACE_OUTER_BOUND('',#398,.T.);
#231=FACE_OUTER_BOUND('',#399,.T.);
#232=FACE_OUTER_BOUND('',#400,.T.);
#233=FACE_OUTER_BOUND('',#401,.T.);
#234=FACE_OUTER_BOUND('',#402,.T.);
#235=FACE_OUTER_BOUND('',#403,.T.);
#236=FACE_OUTER_BOUND('',#405,.T.);
#237=FACE_OUTER_BOUND('',#406,.T.);
#238=FACE_OUTER_BOUND('',#407,.T.);
#239=FACE_OUTER_BOUND('',#408,.T.);
#240=FACE_OUTER_BOUND('',#409,.T.);
#241=FACE_OUTER_BOUND('',#410,.T.);
#242=FACE_OUTER_BOUND('',#411,.T.);
#243=FACE_OUTER_BOUND('',#412,.T.);
#244=FACE_OUTER_BOUND('',#413,.T.);
#245=FACE_OUTER_BOUND('',#414,.T.);
#246=FACE_OUTER_BOUND('',#415,.T.);
#247=FACE_OUTER_BOUND('',#416,.T.);
#248=FACE_OUTER_BOUND('',#417,.T.);
#249=FACE_OUTER_BOUND('',#418,.T.);
#250=FACE_OUTER_BOUND('',#419,.T.);
#251=FACE_OUTER_BOUND('',#420,.T.);
#252=FACE_OUTER_BOUND('',#421,.T.);
#253=FACE_OUTER_BOUND('',#422,.T.);
#254=FACE_OUTER_BOUND('',#423,.T.);
#255=FACE_OUTER_BOUND('',#424,.T.);
#256=FACE_OUTER_BOUND('',#425,.T.);
#257=FACE_OUTER_BOUND('',#426,.T.);
#258=FACE_OUTER_BOUND('',#427,.T.);
#259=FACE_OUTER_BOUND('',#428,.T.);
#260=FACE_OUTER_BOUND('',#429,.T.);
#261=FACE_OUTER_BOUND('',#430,.T.);
#262=FACE_OUTER_BOUND('',#431,.T.);
#263=FACE_OUTER_BOUND('',#432,.T.);
#264=FACE_OUTER_BOUND('',#433,.T.);
#265=FACE_OUTER_BOUND('',#434,.T.);
#266=FACE_OUTER_BOUND('',#435,.T.);
#267=FACE_OUTER_BOUND('',#436,.T.);
#268=FACE_OUTER_BOUND('',#437,.T.);
#269=FACE_OUTER_BOUND('',#438,.T.);
#270=FACE_OUTER_BOUND('',#439,.T.);
#271=FACE_OUTER_BOUND('',#440,.T.);
#272=FACE_OUTER_BOUND('',#441,.T.);
#273=FACE_OUTER_BOUND('',#442,.T.);
#274=FACE_OUTER_BOUND('',#443,.T.);
#275=FACE_OUTER_BOUND('',#444,.T.);
#276=FACE_OUTER_BOUND('',#445,.T.);
#277=FACE_OUTER_BOUND('',#446,.T.);
#278=FACE_OUTER_BOUND('',#447,.T.);
#279=FACE_OUTER_BOUND('',#448,.T.);
#280=FACE_OUTER_BOUND('',#449,.T.);
#281=FACE_OUTER_BOUND('',#450,.T.);
#282=FACE_OUTER_BOUND('',#451,.T.);
#283=FACE_OUTER_BOUND('',#452,.T.);
#284=FACE_OUTER_BOUND('',#453,.T.);
#285=FACE_OUTER_BOUND('',#454,.T.);
#286=FACE_OUTER_BOUND('',#455,.T.);
#287=FACE_OUTER_BOUND('',#456,.T.);
#288=FACE_OUTER_BOUND('',#457,.T.);
#289=FACE_OUTER_BOUND('',#458,.T.);
#290=FACE_OUTER_BOUND('',#459,.T.);
#291=FACE_OUTER_BOUND('',#460,.T.);
#292=FACE_OUTER_BOUND('',#461,.T.);
#293=EDGE_LOOP('',(#1739,#1740,#1741,#1742));
#294=EDGE_LOOP('',(#1743,#1744,#1745,#1746));
#295=EDGE_LOOP('',(#1747,#1748,#1749,#1750));
#296=EDGE_LOOP('',(#1751,#1752,#1753,#1754));
#297=EDGE_LOOP('',(#1755,#1756,#1757,#1758));
#298=EDGE_LOOP('',(#1759,#1760,#1761,#1762));
#299=EDGE_LOOP('',(#1763,#1764,#1765,#1766));
#300=EDGE_LOOP('',(#1767,#1768,#1769,#1770));
#301=EDGE_LOOP('',(#1771,#1772,#1773,#1774));
#302=EDGE_LOOP('',(#1775,#1776,#1777,#1778));
#303=EDGE_LOOP('',(#1779,#1780,#1781,#1782));
#304=EDGE_LOOP('',(#1783,#1784,#1785,#1786));
#305=EDGE_LOOP('',(#1787,#1788,#1789,#1790));
#306=EDGE_LOOP('',(#1791,#1792,#1793,#1794));
#307=EDGE_LOOP('',(#1795,#1796,#1797,#1798));
#308=EDGE_LOOP('',(#1799,#1800,#1801,#1802));
#309=EDGE_LOOP('',(#1803,#1804,#1805,#1806));
#310=EDGE_LOOP('',(#1807,#1808,#1809,#1810));
#311=EDGE_LOOP('',(#1811,#1812,#1813,#1814));
#312=EDGE_LOOP('',(#1815,#1816,#1817,#1818,#1819,#1820,#1821,#1822,#1823,
#1824,#1825,#1826,#1827,#1828,#1829,#1830,#1831,#1832,#1833,#1834,#1835,
#1836,#1837,#1838,#1839,#1840,#1841,#1842,#1843,#1844));
#313=EDGE_LOOP('',(#1845,#1846,#1847,#1848,#1849,#1850));
#314=EDGE_LOOP('',(#1851,#1852,#1853,#1854,#1855,#1856));
#315=EDGE_LOOP('',(#1857,#1858,#1859));
#316=EDGE_LOOP('',(#1860,#1861,#1862,#1863));
#317=EDGE_LOOP('',(#1864,#1865,#1866));
#318=EDGE_LOOP('',(#1867,#1868,#1869,#1870));
#319=EDGE_LOOP('',(#1871,#1872,#1873));
#320=EDGE_LOOP('',(#1874,#1875,#1876,#1877));
#321=EDGE_LOOP('',(#1878,#1879,#1880));
#322=EDGE_LOOP('',(#1881,#1882,#1883,#1884));
#323=EDGE_LOOP('',(#1885,#1886,#1887));
#324=EDGE_LOOP('',(#1888,#1889,#1890,#1891));
#325=EDGE_LOOP('',(#1892,#1893,#1894));
#326=EDGE_LOOP('',(#1895,#1896,#1897,#1898));
#327=EDGE_LOOP('',(#1899,#1900,#1901));
#328=EDGE_LOOP('',(#1902,#1903,#1904,#1905));
#329=EDGE_LOOP('',(#1906,#1907,#1908));
#330=EDGE_LOOP('',(#1909,#1910,#1911,#1912));
#331=EDGE_LOOP('',(#1913,#1914,#1915));
#332=EDGE_LOOP('',(#1916,#1917,#1918,#1919));
#333=EDGE_LOOP('',(#1920,#1921,#1922));
#334=EDGE_LOOP('',(#1923,#1924,#1925,#1926));
#335=EDGE_LOOP('',(#1927,#1928,#1929));
#336=EDGE_LOOP('',(#1930,#1931,#1932,#1933));
#337=EDGE_LOOP('',(#1934,#1935,#1936,#1937));
#338=EDGE_LOOP('',(#1938,#1939,#1940,#1941));
#339=EDGE_LOOP('',(#1942,#1943,#1944,#1945));
#340=EDGE_LOOP('',(#1946,#1947,#1948,#1949));
#341=EDGE_LOOP('',(#1950,#1951,#1952,#1953));
#342=EDGE_LOOP('',(#1954,#1955,#1956,#1957));
#343=EDGE_LOOP('',(#1958,#1959,#1960,#1961));
#344=EDGE_LOOP('',(#1962,#1963,#1964,#1965));
#345=EDGE_LOOP('',(#1966,#1967,#1968,#1969));
#346=EDGE_LOOP('',(#1970,#1971,#1972,#1973));
#347=EDGE_LOOP('',(#1974,#1975,#1976,#1977,#1978,#1979,#1980,#1981,#1982,
#1983,#1984,#1985,#1986));
#348=EDGE_LOOP('',(#1987,#1988,#1989,#1990));
#349=EDGE_LOOP('',(#1991,#1992,#1993,#1994));
#350=EDGE_LOOP('',(#1995,#1996,#1997,#1998));
#351=EDGE_LOOP('',(#1999,#2000,#2001,#2002));
#352=EDGE_LOOP('',(#2003,#2004,#2005,#2006));
#353=EDGE_LOOP('',(#2007,#2008,#2009,#2010));
#354=EDGE_LOOP('',(#2011,#2012,#2013,#2014));
#355=EDGE_LOOP('',(#2015,#2016,#2017,#2018,#2019,#2020,#2021,#2022,#2023,
#2024,#2025,#2026,#2027,#2028,#2029,#2030,#2031,#2032,#2033,#2034,#2035,
#2036,#2037,#2038,#2039,#2040,#2041,#2042,#2043,#2044,#2045,#2046,#2047,
#2048,#2049,#2050,#2051,#2052,#2053));
#356=EDGE_LOOP('',(#2054,#2055,#2056,#2057,#2058,#2059,#2060,#2061));
#357=EDGE_LOOP('',(#2062));
#358=EDGE_LOOP('',(#2063));
#359=EDGE_LOOP('',(#2064));
#360=EDGE_LOOP('',(#2065));
#361=EDGE_LOOP('',(#2066));
#362=EDGE_LOOP('',(#2067));
#363=EDGE_LOOP('',(#2068));
#364=EDGE_LOOP('',(#2069));
#365=EDGE_LOOP('',(#2070));
#366=EDGE_LOOP('',(#2071));
#367=EDGE_LOOP('',(#2072));
#368=EDGE_LOOP('',(#2073,#2074,#2075,#2076));
#369=EDGE_LOOP('',(#2077,#2078,#2079,#2080));
#370=EDGE_LOOP('',(#2081,#2082,#2083,#2084));
#371=EDGE_LOOP('',(#2085,#2086,#2087,#2088));
#372=EDGE_LOOP('',(#2089,#2090,#2091,#2092));
#373=EDGE_LOOP('',(#2093,#2094,#2095,#2096));
#374=EDGE_LOOP('',(#2097,#2098,#2099,#2100));
#375=EDGE_LOOP('',(#2101,#2102,#2103,#2104));
#376=EDGE_LOOP('',(#2105,#2106,#2107,#2108));
#377=EDGE_LOOP('',(#2109,#2110,#2111,#2112));
#378=EDGE_LOOP('',(#2113,#2114,#2115,#2116));
#379=EDGE_LOOP('',(#2117,#2118,#2119,#2120));
#380=EDGE_LOOP('',(#2121,#2122,#2123,#2124));
#381=EDGE_LOOP('',(#2125,#2126,#2127,#2128));
#382=EDGE_LOOP('',(#2129,#2130,#2131,#2132));
#383=EDGE_LOOP('',(#2133,#2134,#2135,#2136));
#384=EDGE_LOOP('',(#2137,#2138,#2139,#2140));
#385=EDGE_LOOP('',(#2141,#2142,#2143,#2144));
#386=EDGE_LOOP('',(#2145,#2146,#2147,#2148));
#387=EDGE_LOOP('',(#2149,#2150,#2151,#2152,#2153,#2154,#2155,#2156));
#388=EDGE_LOOP('',(#2157,#2158,#2159,#2160,#2161,#2162,#2163,#2164,#2165,
#2166,#2167,#2168,#2169,#2170));
#389=EDGE_LOOP('',(#2171,#2172,#2173,#2174,#2175,#2176,#2177,#2178,#2179,
#2180,#2181,#2182,#2183,#2184,#2185,#2186));
#390=EDGE_LOOP('',(#2187,#2188,#2189,#2190,#2191,#2192,#2193,#2194));
#391=EDGE_LOOP('',(#2195,#2196,#2197,#2198));
#392=EDGE_LOOP('',(#2199,#2200,#2201,#2202));
#393=EDGE_LOOP('',(#2203,#2204,#2205,#2206));
#394=EDGE_LOOP('',(#2207,#2208,#2209,#2210));
#395=EDGE_LOOP('',(#2211,#2212,#2213,#2214));
#396=EDGE_LOOP('',(#2215,#2216,#2217,#2218));
#397=EDGE_LOOP('',(#2219,#2220,#2221,#2222));
#398=EDGE_LOOP('',(#2223,#2224,#2225,#2226));
#399=EDGE_LOOP('',(#2227,#2228,#2229,#2230));
#400=EDGE_LOOP('',(#2231,#2232,#2233,#2234));
#401=EDGE_LOOP('',(#2235,#2236,#2237,#2238));
#402=EDGE_LOOP('',(#2239,#2240,#2241,#2242));
#403=EDGE_LOOP('',(#2243,#2244,#2245,#2246,#2247,#2248,#2249,#2250,#2251,
#2252,#2253,#2254,#2255,#2256,#2257,#2258,#2259,#2260,#2261,#2262));
#404=EDGE_LOOP('',(#2263,#2264,#2265,#2266,#2267,#2268,#2269,#2270));
#405=EDGE_LOOP('',(#2271,#2272,#2273,#2274));
#406=EDGE_LOOP('',(#2275,#2276,#2277,#2278));
#407=EDGE_LOOP('',(#2279,#2280,#2281,#2282));
#408=EDGE_LOOP('',(#2283,#2284,#2285,#2286));
#409=EDGE_LOOP('',(#2287,#2288,#2289,#2290));
#410=EDGE_LOOP('',(#2291,#2292,#2293,#2294));
#411=EDGE_LOOP('',(#2295,#2296,#2297,#2298));
#412=EDGE_LOOP('',(#2299,#2300,#2301,#2302));
#413=EDGE_LOOP('',(#2303,#2304,#2305,#2306));
#414=EDGE_LOOP('',(#2307,#2308,#2309,#2310));
#415=EDGE_LOOP('',(#2311,#2312,#2313,#2314));
#416=EDGE_LOOP('',(#2315,#2316,#2317,#2318));
#417=EDGE_LOOP('',(#2319,#2320,#2321,#2322));
#418=EDGE_LOOP('',(#2323,#2324,#2325,#2326));
#419=EDGE_LOOP('',(#2327,#2328,#2329,#2330));
#420=EDGE_LOOP('',(#2331,#2332,#2333,#2334));
#421=EDGE_LOOP('',(#2335,#2336,#2337,#2338));
#422=EDGE_LOOP('',(#2339,#2340,#2341,#2342));
#423=EDGE_LOOP('',(#2343,#2344,#2345,#2346));
#424=EDGE_LOOP('',(#2347,#2348,#2349,#2350));
#425=EDGE_LOOP('',(#2351,#2352,#2353,#2354));
#426=EDGE_LOOP('',(#2355,#2356,#2357,#2358));
#427=EDGE_LOOP('',(#2359,#2360,#2361,#2362));
#428=EDGE_LOOP('',(#2363,#2364,#2365,#2366));
#429=EDGE_LOOP('',(#2367,#2368,#2369,#2370));
#430=EDGE_LOOP('',(#2371,#2372,#2373,#2374));
#431=EDGE_LOOP('',(#2375,#2376,#2377,#2378));
#432=EDGE_LOOP('',(#2379,#2380,#2381,#2382,#2383,#2384,#2385,#2386,#2387,
#2388));
#433=EDGE_LOOP('',(#2389,#2390,#2391,#2392));
#434=EDGE_LOOP('',(#2393,#2394,#2395,#2396));
#435=EDGE_LOOP('',(#2397,#2398,#2399,#2400));
#436=EDGE_LOOP('',(#2401,#2402,#2403,#2404));
#437=EDGE_LOOP('',(#2405,#2406,#2407,#2408));
#438=EDGE_LOOP('',(#2409,#2410,#2411,#2412));
#439=EDGE_LOOP('',(#2413,#2414,#2415,#2416));
#440=EDGE_LOOP('',(#2417,#2418,#2419,#2420));
#441=EDGE_LOOP('',(#2421,#2422,#2423,#2424));
#442=EDGE_LOOP('',(#2425,#2426,#2427,#2428));
#443=EDGE_LOOP('',(#2429,#2430,#2431,#2432));
#444=EDGE_LOOP('',(#2433,#2434,#2435,#2436));
#445=EDGE_LOOP('',(#2437,#2438,#2439,#2440));
#446=EDGE_LOOP('',(#2441,#2442,#2443,#2444));
#447=EDGE_LOOP('',(#2445,#2446,#2447,#2448));
#448=EDGE_LOOP('',(#2449,#2450,#2451,#2452));
#449=EDGE_LOOP('',(#2453,#2454,#2455,#2456));
#450=EDGE_LOOP('',(#2457,#2458,#2459,#2460));
#451=EDGE_LOOP('',(#2461,#2462,#2463,#2464));
#452=EDGE_LOOP('',(#2465,#2466,#2467,#2468));
#453=EDGE_LOOP('',(#2469,#2470,#2471,#2472));
#454=EDGE_LOOP('',(#2473,#2474,#2475,#2476));
#455=EDGE_LOOP('',(#2477,#2478,#2479,#2480));
#456=EDGE_LOOP('',(#2481,#2482,#2483,#2484));
#457=EDGE_LOOP('',(#2485,#2486,#2487,#2488));
#458=EDGE_LOOP('',(#2489,#2490,#2491,#2492));
#459=EDGE_LOOP('',(#2493,#2494,#2495,#2496));
#460=EDGE_LOOP('',(#2497,#2498,#2499,#2500));
#461=EDGE_LOOP('',(#2501,#2502,#2503,#2504));
#462=LINE('',#3787,#731);
#463=LINE('',#3790,#732);
#464=LINE('',#3793,#733);
#465=LINE('',#3795,#734);
#466=LINE('',#3796,#735);
#467=LINE('',#3802,#736);
#468=LINE('',#3805,#737);
#469=LINE('',#3807,#738);
#470=LINE('',#3808,#739);
#471=LINE('',#3814,#740);
#472=LINE('',#3817,#741);
#473=LINE('',#3819,#742);
#474=LINE('',#3820,#743);
#475=LINE('',#3826,#744);
#476=LINE('',#3828,#745);
#477=LINE('',#3829,#746);
#478=LINE('',#3835,#747);
#479=LINE('',#3838,#748);
#480=LINE('',#3841,#749);
#481=LINE('',#3843,#750);
#482=LINE('',#3844,#751);
#483=LINE('',#3849,#752);
#484=LINE('',#3853,#753);
#485=LINE('',#3855,#754);
#486=LINE('',#3856,#755);
#487=LINE('',#3861,#756);
#488=LINE('',#3865,#757);
#489=LINE('',#3867,#758);
#490=LINE('',#3868,#759);
#491=LINE('',#3874,#760);
#492=LINE('',#3877,#761);
#493=LINE('',#3880,#762);
#494=LINE('',#3882,#763);
#495=LINE('',#3883,#764);
#496=LINE('',#3889,#765);
#497=LINE('',#3892,#766);
#498=LINE('',#3895,#767);
#499=LINE('',#3897,#768);
#500=LINE('',#3898,#769);
#501=LINE('',#3904,#770);
#502=LINE('',#3907,#771);
#503=LINE('',#3911,#772);
#504=LINE('',#3915,#773);
#505=LINE('',#3917,#774);
#506=LINE('',#3921,#775);
#507=LINE('',#3925,#776);
#508=LINE('',#3927,#777);
#509=LINE('',#3929,#778);
#510=LINE('',#3931,#779);
#511=LINE('',#3933,#780);
#512=LINE('',#3934,#781);
#513=LINE('',#3936,#782);
#514=LINE('',#3938,#783);
#515=LINE('',#3939,#784);
#516=LINE('',#3940,#785);
#517=LINE('',#3943,#786);
#518=LINE('',#3945,#787);
#519=LINE('',#3947,#788);
#520=LINE('',#3948,#789);
#521=LINE('',#3951,#790);
#522=LINE('',#3953,#791);
#523=LINE('',#3955,#792);
#524=LINE('',#3956,#793);
#525=LINE('',#3961,#794);
#526=LINE('',#3965,#795);
#527=LINE('',#3970,#796);
#528=LINE('',#3974,#797);
#529=LINE('',#3979,#798);
#530=LINE('',#3983,#799);
#531=LINE('',#3988,#800);
#532=LINE('',#3992,#801);
#533=LINE('',#3997,#802);
#534=LINE('',#4001,#803);
#535=LINE('',#4006,#804);
#536=LINE('',#4010,#805);
#537=LINE('',#4015,#806);
#538=LINE('',#4019,#807);
#539=LINE('',#4024,#808);
#540=LINE('',#4028,#809);
#541=LINE('',#4033,#810);
#542=LINE('',#4037,#811);
#543=LINE('',#4042,#812);
#544=LINE('',#4046,#813);
#545=LINE('',#4051,#814);
#546=LINE('',#4055,#815);
#547=LINE('',#4058,#816);
#548=LINE('',#4060,#817);
#549=LINE('',#4061,#818);
#550=LINE('',#4066,#819);
#551=LINE('',#4071,#820);
#552=LINE('',#4072,#821);
#553=LINE('',#4073,#822);
#554=LINE('',#4077,#823);
#555=LINE('',#4081,#824);
#556=LINE('',#4082,#825);
#557=LINE('',#4085,#826);
#558=LINE('',#4089,#827);
#559=LINE('',#4090,#828);
#560=LINE('',#4095,#829);
#561=LINE('',#4097,#830);
#562=LINE('',#4098,#831);
#563=LINE('',#4101,#832);
#564=LINE('',#4103,#833);
#565=LINE('',#4104,#834);
#566=LINE('',#4107,#835);
#567=LINE('',#4109,#836);
#568=LINE('',#4111,#837);
#569=LINE('',#4113,#838);
#570=LINE('',#4115,#839);
#571=LINE('',#4116,#840);
#572=LINE('',#4119,#841);
#573=LINE('',#4121,#842);
#574=LINE('',#4122,#843);
#575=LINE('',#4124,#844);
#576=LINE('',#4127,#845);
#577=LINE('',#4128,#846);
#578=LINE('',#4130,#847);
#579=LINE('',#4136,#848);
#580=LINE('',#4139,#849);
#581=LINE('',#4142,#850);
#582=LINE('',#4144,#851);
#583=LINE('',#4145,#852);
#584=LINE('',#4151,#853);
#585=LINE('',#4155,#854);
#586=LINE('',#4159,#855);
#587=LINE('',#4161,#856);
#588=LINE('',#4163,#857);
#589=LINE('',#4167,#858);
#590=LINE('',#4171,#859);
#591=LINE('',#4174,#860);
#592=LINE('',#4178,#861);
#593=LINE('',#4182,#862);
#594=LINE('',#4184,#863);
#595=LINE('',#4188,#864);
#596=LINE('',#4191,#865);
#597=LINE('',#4192,#866);
#598=LINE('',#4195,#867);
#599=LINE('',#4197,#868);
#600=LINE('',#4199,#869);
#601=LINE('',#4201,#870);
#602=LINE('',#4203,#871);
#603=LINE('',#4205,#872);
#604=LINE('',#4207,#873);
#605=LINE('',#4209,#874);
#606=LINE('',#4211,#875);
#607=LINE('',#4215,#876);
#608=LINE('',#4218,#877);
#609=LINE('',#4221,#878);
#610=LINE('',#4222,#879);
#611=LINE('',#4225,#880);
#612=LINE('',#4229,#881);
#613=LINE('',#4230,#882);
#614=LINE('',#4233,#883);
#615=LINE('',#4234,#884);
#616=LINE('',#4237,#885);
#617=LINE('',#4238,#886);
#618=LINE('',#4241,#887);
#619=LINE('',#4245,#888);
#620=LINE('',#4246,#889);
#621=LINE('',#4253,#890);
#622=LINE('',#4257,#891);
#623=LINE('',#4261,#892);
#624=LINE('',#4265,#893);
#625=LINE('',#4269,#894);
#626=LINE('',#4273,#895);
#627=LINE('',#4276,#896);
#628=LINE('',#4279,#897);
#629=LINE('',#4282,#898);
#630=LINE('',#4285,#899);
#631=LINE('',#4289,#900);
#632=LINE('',#4293,#901);
#633=LINE('',#4297,#902);
#634=LINE('',#4302,#903);
#635=LINE('',#4304,#904);
#636=LINE('',#4306,#905);
#637=LINE('',#4307,#906);
#638=LINE('',#4312,#907);
#639=LINE('',#4317,#908);
#640=LINE('',#4318,#909);
#641=LINE('',#4319,#910);
#642=LINE('',#4324,#911);
#643=LINE('',#4329,#912);
#644=LINE('',#4330,#913);
#645=LINE('',#4331,#914);
#646=LINE('',#4336,#915);
#647=LINE('',#4341,#916);
#648=LINE('',#4342,#917);
#649=LINE('',#4343,#918);
#650=LINE('',#4349,#919);
#651=LINE('',#4352,#920);
#652=LINE('',#4355,#921);
#653=LINE('',#4356,#922);
#654=LINE('',#4359,#923);
#655=LINE('',#4363,#924);
#656=LINE('',#4364,#925);
#657=LINE('',#4369,#926);
#658=LINE('',#4373,#927);
#659=LINE('',#4377,#928);
#660=LINE('',#4381,#929);
#661=LINE('',#4385,#930);
#662=LINE('',#4389,#931);
#663=LINE('',#4392,#932);
#664=LINE('',#4393,#933);
#665=LINE('',#4397,#934);
#666=LINE('',#4400,#935);
#667=LINE('',#4401,#936);
#668=LINE('',#4405,#937);
#669=LINE('',#4407,#938);
#670=LINE('',#4408,#939);
#671=LINE('',#4410,#940);
#672=LINE('',#4412,#941);
#673=LINE('',#4415,#942);
#674=LINE('',#4416,#943);
#675=LINE('',#4418,#944);
#676=LINE('',#4423,#945);
#677=LINE('',#4425,#946);
#678=LINE('',#4426,#947);
#679=LINE('',#4430,#948);
#680=LINE('',#4433,#949);
#681=LINE('',#4434,#950);
#682=LINE('',#4439,#951);
#683=LINE('',#4443,#952);
#684=LINE('',#4444,#953);
#685=LINE('',#4447,#954);
#686=LINE('',#4451,#955);
#687=LINE('',#4452,#956);
#688=LINE('',#4456,#957);
#689=LINE('',#4459,#958);
#690=LINE('',#4460,#959);
#691=LINE('',#4464,#960);
#692=LINE('',#4467,#961);
#693=LINE('',#4468,#962);
#694=LINE('',#4473,#963);
#695=LINE('',#4475,#964);
#696=LINE('',#4476,#965);
#697=LINE('',#4479,#966);
#698=LINE('',#4483,#967);
#699=LINE('',#4484,#968);
#700=LINE('',#4487,#969);
#701=LINE('',#4491,#970);
#702=LINE('',#4492,#971);
#703=LINE('',#4495,#972);
#704=LINE('',#4499,#973);
#705=LINE('',#4500,#974);
#706=LINE('',#4502,#975);
#707=LINE('',#4503,#976);
#708=LINE('',#4505,#977);
#709=LINE('',#4507,#978);
#710=LINE('',#4509,#979);
#711=LINE('',#4511,#980);
#712=LINE('',#4513,#981);
#713=LINE('',#4515,#982);
#714=LINE('',#4518,#983);
#715=LINE('',#4522,#984);
#716=LINE('',#4523,#985);
#717=LINE('',#4526,#986);
#718=LINE('',#4530,#987);
#719=LINE('',#4531,#988);
#720=LINE('',#4534,#989);
#721=LINE('',#4538,#990);
#722=LINE('',#4539,#991);
#723=LINE('',#4543,#992);
#724=LINE('',#4544,#993);
#725=LINE('',#4546,#994);
#726=LINE('',#4548,#995);
#727=LINE('',#4550,#996);
#728=LINE('',#4552,#997);
#729=LINE('',#4555,#998);
#730=LINE('',#4558,#999);
#731=VECTOR('',#2980,10.);
#732=VECTOR('',#2983,10.);
#733=VECTOR('',#2986,10.);
#734=VECTOR('',#2987,10.);
#735=VECTOR('',#2988,10.);
#736=VECTOR('',#2993,10.);
#737=VECTOR('',#2996,10.);
#738=VECTOR('',#2999,10.);
#739=VECTOR('',#3000,10.);
#740=VECTOR('',#3005,10.);
#741=VECTOR('',#3008,10.);
#742=VECTOR('',#3011,10.);
#743=VECTOR('',#3012,10.);
#744=VECTOR('',#3019,10.);
#745=VECTOR('',#3022,10.);
#746=VECTOR('',#3023,10.);
#747=VECTOR('',#3028,10.);
#748=VECTOR('',#3031,10.);
#749=VECTOR('',#3034,10.);
#750=VECTOR('',#3035,10.);
#751=VECTOR('',#3036,10.);
#752=VECTOR('',#3041,10.);
#753=VECTOR('',#3046,10.);
#754=VECTOR('',#3047,10.);
#755=VECTOR('',#3048,10.);
#756=VECTOR('',#3053,10.);
#757=VECTOR('',#3058,10.);
#758=VECTOR('',#3059,10.);
#759=VECTOR('',#3060,10.);
#760=VECTOR('',#3065,10.);
#761=VECTOR('',#3068,10.);
#762=VECTOR('',#3071,10.);
#763=VECTOR('',#3072,10.);
#764=VECTOR('',#3073,10.);
#765=VECTOR('',#3078,10.);
#766=VECTOR('',#3081,10.);
#767=VECTOR('',#3084,10.);
#768=VECTOR('',#3085,10.);
#769=VECTOR('',#3086,10.);
#770=VECTOR('',#3093,10.);
#771=VECTOR('',#3096,10.);
#772=VECTOR('',#3099,10.);
#773=VECTOR('',#3102,10.);
#774=VECTOR('',#3103,10.);
#775=VECTOR('',#3106,10.);
#776=VECTOR('',#3109,10.);
#777=VECTOR('',#3110,10.);
#778=VECTOR('',#3111,10.);
#779=VECTOR('',#3112,10.);
#780=VECTOR('',#3113,10.);
#781=VECTOR('',#3114,10.);
#782=VECTOR('',#3115,10.);
#783=VECTOR('',#3116,10.);
#784=VECTOR('',#3117,10.);
#785=VECTOR('',#3118,10.);
#786=VECTOR('',#3121,10.);
#787=VECTOR('',#3122,10.);
#788=VECTOR('',#3123,10.);
#789=VECTOR('',#3124,10.);
#790=VECTOR('',#3127,10.);
#791=VECTOR('',#3128,10.);
#792=VECTOR('',#3129,10.);
#793=VECTOR('',#3130,10.);
#794=VECTOR('',#3135,0.40575);
#795=VECTOR('',#3140,0.8115);
#796=VECTOR('',#3145,0.40575);
#797=VECTOR('',#3150,0.8115);
#798=VECTOR('',#3155,0.40575);
#799=VECTOR('',#3160,0.8115);
#800=VECTOR('',#3165,0.40575);
#801=VECTOR('',#3170,0.8115);
#802=VECTOR('',#3175,0.40575);
#803=VECTOR('',#3180,0.8115);
#804=VECTOR('',#3185,0.40575);
#805=VECTOR('',#3190,0.8115);
#806=VECTOR('',#3195,0.40575);
#807=VECTOR('',#3200,0.8115);
#808=VECTOR('',#3205,0.40575);
#809=VECTOR('',#3210,0.8115);
#810=VECTOR('',#3215,0.40575);
#811=VECTOR('',#3220,0.8115);
#812=VECTOR('',#3225,0.40575);
#813=VECTOR('',#3230,0.8115);
#814=VECTOR('',#3235,0.40575);
#815=VECTOR('',#3240,0.8115);
#816=VECTOR('',#3243,10.);
#817=VECTOR('',#3244,10.);
#818=VECTOR('',#3245,10.);
#819=VECTOR('',#3250,10.);
#820=VECTOR('',#3255,10.);
#821=VECTOR('',#3256,10.);
#822=VECTOR('',#3257,10.);
#823=VECTOR('',#3262,10.);
#824=VECTOR('',#3267,10.);
#825=VECTOR('',#3268,10.);
#826=VECTOR('',#3271,10.);
#827=VECTOR('',#3276,10.);
#828=VECTOR('',#3277,10.);
#829=VECTOR('',#3284,10.);
#830=VECTOR('',#3285,10.);
#831=VECTOR('',#3286,10.);
#832=VECTOR('',#3289,10.);
#833=VECTOR('',#3290,10.);
#834=VECTOR('',#3291,10.);
#835=VECTOR('',#3294,10.);
#836=VECTOR('',#3295,10.);
#837=VECTOR('',#3296,10.);
#838=VECTOR('',#3297,10.);
#839=VECTOR('',#3298,10.);
#840=VECTOR('',#3299,10.);
#841=VECTOR('',#3302,10.);
#842=VECTOR('',#3303,10.);
#843=VECTOR('',#3304,10.);
#844=VECTOR('',#3307,10.);
#845=VECTOR('',#3310,10.);
#846=VECTOR('',#3311,10.);
#847=VECTOR('',#3314,10.);
#848=VECTOR('',#3319,10.);
#849=VECTOR('',#3322,10.);
#850=VECTOR('',#3325,10.);
#851=VECTOR('',#3326,10.);
#852=VECTOR('',#3327,10.);
#853=VECTOR('',#3336,10.);
#854=VECTOR('',#3339,10.);
#855=VECTOR('',#3342,10.);
#856=VECTOR('',#3343,10.);
#857=VECTOR('',#3344,10.);
#858=VECTOR('',#3347,10.);
#859=VECTOR('',#3350,10.);
#860=VECTOR('',#3353,10.);
#861=VECTOR('',#3356,10.);
#862=VECTOR('',#3359,10.);
#863=VECTOR('',#3360,10.);
#864=VECTOR('',#3363,10.);
#865=VECTOR('',#3366,10.);
#866=VECTOR('',#3367,10.);
#867=VECTOR('',#3372,10.);
#868=VECTOR('',#3375,10.);
#869=VECTOR('',#3378,10.);
#870=VECTOR('',#3381,10.);
#871=VECTOR('',#3384,10.);
#872=VECTOR('',#3387,10.);
#873=VECTOR('',#3390,10.);
#874=VECTOR('',#3393,10.);
#875=VECTOR('',#3396,10.);
#876=VECTOR('',#3401,10.);
#877=VECTOR('',#3404,10.);
#878=VECTOR('',#3407,10.);
#879=VECTOR('',#3408,10.);
#880=VECTOR('',#3411,10.);
#881=VECTOR('',#3416,10.);
#882=VECTOR('',#3417,10.);
#883=VECTOR('',#3420,10.);
#884=VECTOR('',#3421,10.);
#885=VECTOR('',#3424,10.);
#886=VECTOR('',#3425,10.);
#887=VECTOR('',#3428,10.);
#888=VECTOR('',#3433,10.);
#889=VECTOR('',#3434,10.);
#890=VECTOR('',#3441,10.);
#891=VECTOR('',#3444,10.);
#892=VECTOR('',#3447,10.);
#893=VECTOR('',#3450,10.);
#894=VECTOR('',#3453,10.);
#895=VECTOR('',#3456,10.);
#896=VECTOR('',#3459,10.);
#897=VECTOR('',#3462,10.);
#898=VECTOR('',#3465,10.);
#899=VECTOR('',#3466,10.);
#900=VECTOR('',#3469,10.);
#901=VECTOR('',#3472,10.);
#902=VECTOR('',#3475,10.);
#903=VECTOR('',#3480,10.);
#904=VECTOR('',#3481,10.);
#905=VECTOR('',#3482,10.);
#906=VECTOR('',#3483,10.);
#907=VECTOR('',#3488,10.);
#908=VECTOR('',#3493,10.);
#909=VECTOR('',#3494,10.);
#910=VECTOR('',#3495,10.);
#911=VECTOR('',#3500,10.);
#912=VECTOR('',#3505,10.);
#913=VECTOR('',#3506,10.);
#914=VECTOR('',#3507,10.);
#915=VECTOR('',#3512,10.);
#916=VECTOR('',#3517,10.);
#917=VECTOR('',#3518,10.);
#918=VECTOR('',#3519,10.);
#919=VECTOR('',#3528,10.);
#920=VECTOR('',#3531,10.);
#921=VECTOR('',#3534,10.);
#922=VECTOR('',#3535,10.);
#923=VECTOR('',#3538,10.);
#924=VECTOR('',#3543,10.);
#925=VECTOR('',#3544,10.);
#926=VECTOR('',#3549,10.);
#927=VECTOR('',#3552,10.);
#928=VECTOR('',#3555,10.);
#929=VECTOR('',#3558,10.);
#930=VECTOR('',#3561,10.);
#931=VECTOR('',#3564,10.);
#932=VECTOR('',#3569,10.);
#933=VECTOR('',#3570,10.);
#934=VECTOR('',#3575,10.);
#935=VECTOR('',#3578,10.);
#936=VECTOR('',#3579,10.);
#937=VECTOR('',#3584,10.);
#938=VECTOR('',#3587,10.);
#939=VECTOR('',#3588,10.);
#940=VECTOR('',#3591,10.);
#941=VECTOR('',#3594,10.);
#942=VECTOR('',#3599,10.);
#943=VECTOR('',#3600,10.);
#944=VECTOR('',#3603,10.);
#945=VECTOR('',#3610,10.);
#946=VECTOR('',#3611,10.);
#947=VECTOR('',#3612,10.);
#948=VECTOR('',#3617,10.);
#949=VECTOR('',#3620,10.);
#950=VECTOR('',#3621,10.);
#951=VECTOR('',#3628,10.);
#952=VECTOR('',#3633,10.);
#953=VECTOR('',#3634,10.);
#954=VECTOR('',#3637,10.);
#955=VECTOR('',#3642,10.);
#956=VECTOR('',#3643,10.);
#957=VECTOR('',#3648,10.);
#958=VECTOR('',#3651,10.);
#959=VECTOR('',#3652,10.);
#960=VECTOR('',#3657,10.);
#961=VECTOR('',#3660,10.);
#962=VECTOR('',#3661,10.);
#963=VECTOR('',#3668,10.);
#964=VECTOR('',#3669,10.);
#965=VECTOR('',#3670,10.);
#966=VECTOR('',#3673,10.);
#967=VECTOR('',#3678,10.);
#968=VECTOR('',#3679,10.);
#969=VECTOR('',#3682,10.);
#970=VECTOR('',#3687,10.);
#971=VECTOR('',#3688,10.);
#972=VECTOR('',#3691,10.);
#973=VECTOR('',#3696,10.);
#974=VECTOR('',#3697,10.);
#975=VECTOR('',#3700,10.);
#976=VECTOR('',#3701,10.);
#977=VECTOR('',#3704,10.);
#978=VECTOR('',#3707,10.);
#979=VECTOR('',#3710,10.);
#980=VECTOR('',#3713,10.);
#981=VECTOR('',#3716,10.);
#982=VECTOR('',#3719,10.);
#983=VECTOR('',#3722,10.);
#984=VECTOR('',#3727,10.);
#985=VECTOR('',#3728,10.);
#986=VECTOR('',#3731,10.);
#987=VECTOR('',#3736,10.);
#988=VECTOR('',#3737,10.);
#989=VECTOR('',#3740,10.);
#990=VECTOR('',#3745,10.);
#991=VECTOR('',#3746,10.);
#992=VECTOR('',#3753,10.);
#993=VECTOR('',#3754,10.);
#994=VECTOR('',#3757,10.);
#995=VECTOR('',#3760,10.);
#996=VECTOR('',#3763,10.);
#997=VECTOR('',#3766,10.);
#998=VECTOR('',#3771,10.);
#999=VECTOR('',#3776,10.);
#1000=CIRCLE('',#2707,1.);
#1001=CIRCLE('',#2708,1.);
#1002=CIRCLE('',#2711,1.);
#1003=CIRCLE('',#2712,1.);
#1004=CIRCLE('',#2715,1.);
#1005=CIRCLE('',#2716,1.);
#1006=CIRCLE('',#2719,1.);
#1007=CIRCLE('',#2720,1.);
#1008=CIRCLE('',#2723,1.);
#1009=CIRCLE('',#2724,1.);
#1010=CIRCLE('',#2727,1.);
#1011=CIRCLE('',#2728,1.);
#1012=CIRCLE('',#2731,1.);
#1013=CIRCLE('',#2732,1.);
#1014=CIRCLE('',#2735,1.);
#1015=CIRCLE('',#2736,1.);
#1016=CIRCLE('',#2739,1.);
#1017=CIRCLE('',#2740,1.);
#1018=CIRCLE('',#2743,1.);
#1019=CIRCLE('',#2744,1.);
#1020=CIRCLE('',#2746,2.00000000000003);
#1021=CIRCLE('',#2747,2.00000000000003);
#1022=CIRCLE('',#2748,2.00000000000003);
#1023=CIRCLE('',#2749,2.00000000000003);
#1024=CIRCLE('',#2753,0.8115);
#1025=CIRCLE('',#2755,0.8115);
#1026=CIRCLE('',#2757,0.8115);
#1027=CIRCLE('',#2759,0.8115);
#1028=CIRCLE('',#2761,0.8115);
#1029=CIRCLE('',#2763,0.8115);
#1030=CIRCLE('',#2765,0.8115);
#1031=CIRCLE('',#2767,0.8115);
#1032=CIRCLE('',#2769,0.8115);
#1033=CIRCLE('',#2771,0.8115);
#1034=CIRCLE('',#2773,0.8115);
#1035=CIRCLE('',#2775,0.8115);
#1036=CIRCLE('',#2777,0.8115);
#1037=CIRCLE('',#2779,0.8115);
#1038=CIRCLE('',#2781,0.8115);
#1039=CIRCLE('',#2783,0.8115);
#1040=CIRCLE('',#2785,0.8115);
#1041=CIRCLE('',#2787,0.8115);
#1042=CIRCLE('',#2789,0.8115);
#1043=CIRCLE('',#2791,0.8115);
#1044=CIRCLE('',#2793,0.8115);
#1045=CIRCLE('',#2795,0.8115);
#1046=CIRCLE('',#2798,1.);
#1047=CIRCLE('',#2799,1.99999999999996);
#1048=CIRCLE('',#2802,1.);
#1049=CIRCLE('',#2803,2.00000000000005);
#1050=CIRCLE('',#2806,1.);
#1051=CIRCLE('',#2809,1.);
#1052=CIRCLE('',#2818,2.);
#1053=CIRCLE('',#2819,2.);
#1054=CIRCLE('',#2822,2.);
#1055=CIRCLE('',#2823,2.);
#1056=CIRCLE('',#2825,5.50000000000002);
#1057=CIRCLE('',#2826,5.50000000000001);
#1058=CIRCLE('',#2827,5.50000000000002);
#1059=CIRCLE('',#2828,5.49999999999997);
#1060=CIRCLE('',#2829,5.50000000000001);
#1061=CIRCLE('',#2830,2.00000000000003);
#1062=CIRCLE('',#2831,2.00000000000003);
#1063=CIRCLE('',#2832,2.00000000000003);
#1064=CIRCLE('',#2833,2.00000000000003);
#1065=CIRCLE('',#2846,5.49999999999997);
#1066=CIRCLE('',#2849,5.50000000000002);
#1067=CIRCLE('',#2854,5.50000000000001);
#1068=CIRCLE('',#2858,4.);
#1069=CIRCLE('',#2859,7.39999999999996);
#1070=CIRCLE('',#2860,7.40000000000002);
#1071=CIRCLE('',#2861,4.);
#1072=CIRCLE('',#2862,3.99999999999998);
#1073=CIRCLE('',#2863,7.40000000000002);
#1074=CIRCLE('',#2864,6.);
#1075=CIRCLE('',#2865,5.50000000000001);
#1076=CIRCLE('',#2866,5.50000000000002);
#1077=CIRCLE('',#2867,7.99999999999999);
#1078=CIRCLE('',#2868,8.);
#1079=CIRCLE('',#2869,7.99999999999998);
#1080=CIRCLE('',#2870,8.00000000000001);
#1081=CIRCLE('',#2873,5.);
#1082=CIRCLE('',#2874,8.00000000000001);
#1083=CIRCLE('',#2877,5.);
#1084=CIRCLE('',#2878,7.99999999999998);
#1085=CIRCLE('',#2881,5.);
#1086=CIRCLE('',#2882,8.00000000000007);
#1087=CIRCLE('',#2885,5.);
#1088=CIRCLE('',#2886,8.00000000000007);
#1089=CIRCLE('',#2888,5.);
#1090=CIRCLE('',#2891,5.);
#1091=CIRCLE('',#2894,7.4);
#1092=CIRCLE('',#2895,7.39999999999994);
#1093=CIRCLE('',#2896,4.);
#1094=CIRCLE('',#2897,6.);
#1095=CIRCLE('',#2898,7.40000000000006);
#1096=CIRCLE('',#2899,4.00000000000001);
#1097=CIRCLE('',#2900,4.00000000000001);
#1098=CIRCLE('',#2903,5.);
#1099=CIRCLE('',#2906,5.);
#1100=CIRCLE('',#2917,5.);
#1101=CIRCLE('',#2920,5.);
#1102=CIRCLE('',#2922,8.4);
#1103=CIRCLE('',#2925,8.39999999999996);
#1104=CIRCLE('',#2928,5.);
#1105=CIRCLE('',#2931,5.);
#1106=CIRCLE('',#2934,8.40000000000003);
#1107=CIRCLE('',#2937,8.4);
#1108=CIRCLE('',#2940,5.);
#1109=CIRCLE('',#2943,5.);
#1110=CIRCLE('',#2953,8.39999999999996);
#1111=CIRCLE('',#2956,5.);
#1112=CIRCLE('',#2959,5.);
#1113=CIRCLE('',#2962,8.40000000000003);
#1114=VERTEX_POINT('',#3783);
#1115=VERTEX_POINT('',#3784);
#1116=VERTEX_POINT('',#3786);
#1117=VERTEX_POINT('',#3788);
#1118=VERTEX_POINT('',#3792);
#1119=VERTEX_POINT('',#3794);
#1120=VERTEX_POINT('',#3798);
#1121=VERTEX_POINT('',#3799);
#1122=VERTEX_POINT('',#3801);
#1123=VERTEX_POINT('',#3803);
#1124=VERTEX_POINT('',#3810);
#1125=VERTEX_POINT('',#3811);
#1126=VERTEX_POINT('',#3813);
#1127=VERTEX_POINT('',#3815);
#1128=VERTEX_POINT('',#3822);
#1129=VERTEX_POINT('',#3824);
#1130=VERTEX_POINT('',#3831);
#1131=VERTEX_POINT('',#3832);
#1132=VERTEX_POINT('',#3834);
#1133=VERTEX_POINT('',#3836);
#1134=VERTEX_POINT('',#3840);
#1135=VERTEX_POINT('',#3842);
#1136=VERTEX_POINT('',#3846);
#1137=VERTEX_POINT('',#3848);
#1138=VERTEX_POINT('',#3852);
#1139=VERTEX_POINT('',#3854);
#1140=VERTEX_POINT('',#3858);
#1141=VERTEX_POINT('',#3860);
#1142=VERTEX_POINT('',#3864);
#1143=VERTEX_POINT('',#3866);
#1144=VERTEX_POINT('',#3870);
#1145=VERTEX_POINT('',#3871);
#1146=VERTEX_POINT('',#3873);
#1147=VERTEX_POINT('',#3875);
#1148=VERTEX_POINT('',#3879);
#1149=VERTEX_POINT('',#3881);
#1150=VERTEX_POINT('',#3885);
#1151=VERTEX_POINT('',#3886);
#1152=VERTEX_POINT('',#3888);
#1153=VERTEX_POINT('',#3890);
#1154=VERTEX_POINT('',#3894);
#1155=VERTEX_POINT('',#3896);
#1156=VERTEX_POINT('',#3900);
#1157=VERTEX_POINT('',#3902);
#1158=VERTEX_POINT('',#3906);
#1159=VERTEX_POINT('',#3908);
#1160=VERTEX_POINT('',#3910);
#1161=VERTEX_POINT('',#3912);
#1162=VERTEX_POINT('',#3914);
#1163=VERTEX_POINT('',#3916);
#1164=VERTEX_POINT('',#3918);
#1165=VERTEX_POINT('',#3920);
#1166=VERTEX_POINT('',#3922);
#1167=VERTEX_POINT('',#3924);
#1168=VERTEX_POINT('',#3926);
#1169=VERTEX_POINT('',#3928);
#1170=VERTEX_POINT('',#3930);
#1171=VERTEX_POINT('',#3932);
#1172=VERTEX_POINT('',#3935);
#1173=VERTEX_POINT('',#3937);
#1174=VERTEX_POINT('',#3942);
#1175=VERTEX_POINT('',#3944);
#1176=VERTEX_POINT('',#3946);
#1177=VERTEX_POINT('',#3950);
#1178=VERTEX_POINT('',#3952);
#1179=VERTEX_POINT('',#3954);
#1180=VERTEX_POINT('',#3958);
#1181=VERTEX_POINT('',#3960);
#1182=VERTEX_POINT('',#3963);
#1183=VERTEX_POINT('',#3967);
#1184=VERTEX_POINT('',#3969);
#1185=VERTEX_POINT('',#3972);
#1186=VERTEX_POINT('',#3976);
#1187=VERTEX_POINT('',#3978);
#1188=VERTEX_POINT('',#3981);
#1189=VERTEX_POINT('',#3985);
#1190=VERTEX_POINT('',#3987);
#1191=VERTEX_POINT('',#3990);
#1192=VERTEX_POINT('',#3994);
#1193=VERTEX_POINT('',#3996);
#1194=VERTEX_POINT('',#3999);
#1195=VERTEX_POINT('',#4003);
#1196=VERTEX_POINT('',#4005);
#1197=VERTEX_POINT('',#4008);
#1198=VERTEX_POINT('',#4012);
#1199=VERTEX_POINT('',#4014);
#1200=VERTEX_POINT('',#4017);
#1201=VERTEX_POINT('',#4021);
#1202=VERTEX_POINT('',#4023);
#1203=VERTEX_POINT('',#4026);
#1204=VERTEX_POINT('',#4030);
#1205=VERTEX_POINT('',#4032);
#1206=VERTEX_POINT('',#4035);
#1207=VERTEX_POINT('',#4039);
#1208=VERTEX_POINT('',#4041);
#1209=VERTEX_POINT('',#4044);
#1210=VERTEX_POINT('',#4048);
#1211=VERTEX_POINT('',#4050);
#1212=VERTEX_POINT('',#4053);
#1213=VERTEX_POINT('',#4057);
#1214=VERTEX_POINT('',#4059);
#1215=VERTEX_POINT('',#4063);
#1216=VERTEX_POINT('',#4065);
#1217=VERTEX_POINT('',#4069);
#1218=VERTEX_POINT('',#4070);
#1219=VERTEX_POINT('',#4076);
#1220=VERTEX_POINT('',#4080);
#1221=VERTEX_POINT('',#4084);
#1222=VERTEX_POINT('',#4088);
#1223=VERTEX_POINT('',#4094);
#1224=VERTEX_POINT('',#4096);
#1225=VERTEX_POINT('',#4100);
#1226=VERTEX_POINT('',#4102);
#1227=VERTEX_POINT('',#4106);
#1228=VERTEX_POINT('',#4108);
#1229=VERTEX_POINT('',#4110);
#1230=VERTEX_POINT('',#4112);
#1231=VERTEX_POINT('',#4114);
#1232=VERTEX_POINT('',#4118);
#1233=VERTEX_POINT('',#4120);
#1234=VERTEX_POINT('',#4126);
#1235=VERTEX_POINT('',#4132);
#1236=VERTEX_POINT('',#4133);
#1237=VERTEX_POINT('',#4135);
#1238=VERTEX_POINT('',#4137);
#1239=VERTEX_POINT('',#4141);
#1240=VERTEX_POINT('',#4143);
#1241=VERTEX_POINT('',#4150);
#1242=VERTEX_POINT('',#4152);
#1243=VERTEX_POINT('',#4154);
#1244=VERTEX_POINT('',#4156);
#1245=VERTEX_POINT('',#4158);
#1246=VERTEX_POINT('',#4160);
#1247=VERTEX_POINT('',#4162);
#1248=VERTEX_POINT('',#4164);
#1249=VERTEX_POINT('',#4166);
#1250=VERTEX_POINT('',#4168);
#1251=VERTEX_POINT('',#4170);
#1252=VERTEX_POINT('',#4173);
#1253=VERTEX_POINT('',#4175);
#1254=VERTEX_POINT('',#4177);
#1255=VERTEX_POINT('',#4179);
#1256=VERTEX_POINT('',#4181);
#1257=VERTEX_POINT('',#4183);
#1258=VERTEX_POINT('',#4185);
#1259=VERTEX_POINT('',#4187);
#1260=VERTEX_POINT('',#4189);
#1261=VERTEX_POINT('',#4214);
#1262=VERTEX_POINT('',#4216);
#1263=VERTEX_POINT('',#4220);
#1264=VERTEX_POINT('',#4224);
#1265=VERTEX_POINT('',#4228);
#1266=VERTEX_POINT('',#4232);
#1267=VERTEX_POINT('',#4236);
#1268=VERTEX_POINT('',#4240);
#1269=VERTEX_POINT('',#4244);
#1270=VERTEX_POINT('',#4249);
#1271=VERTEX_POINT('',#4250);
#1272=VERTEX_POINT('',#4252);
#1273=VERTEX_POINT('',#4254);
#1274=VERTEX_POINT('',#4256);
#1275=VERTEX_POINT('',#4258);
#1276=VERTEX_POINT('',#4260);
#1277=VERTEX_POINT('',#4262);
#1278=VERTEX_POINT('',#4264);
#1279=VERTEX_POINT('',#4266);
#1280=VERTEX_POINT('',#4268);
#1281=VERTEX_POINT('',#4270);
#1282=VERTEX_POINT('',#4272);
#1283=VERTEX_POINT('',#4274);
#1284=VERTEX_POINT('',#4277);
#1285=VERTEX_POINT('',#4280);
#1286=VERTEX_POINT('',#4283);
#1287=VERTEX_POINT('',#4284);
#1288=VERTEX_POINT('',#4286);
#1289=VERTEX_POINT('',#4288);
#1290=VERTEX_POINT('',#4290);
#1291=VERTEX_POINT('',#4292);
#1292=VERTEX_POINT('',#4294);
#1293=VERTEX_POINT('',#4296);
#1294=VERTEX_POINT('',#4300);
#1295=VERTEX_POINT('',#4301);
#1296=VERTEX_POINT('',#4303);
#1297=VERTEX_POINT('',#4305);
#1298=VERTEX_POINT('',#4309);
#1299=VERTEX_POINT('',#4311);
#1300=VERTEX_POINT('',#4315);
#1301=VERTEX_POINT('',#4316);
#1302=VERTEX_POINT('',#4321);
#1303=VERTEX_POINT('',#4323);
#1304=VERTEX_POINT('',#4327);
#1305=VERTEX_POINT('',#4328);
#1306=VERTEX_POINT('',#4333);
#1307=VERTEX_POINT('',#4335);
#1308=VERTEX_POINT('',#4339);
#1309=VERTEX_POINT('',#4340);
#1310=VERTEX_POINT('',#4348);
#1311=VERTEX_POINT('',#4350);
#1312=VERTEX_POINT('',#4354);
#1313=VERTEX_POINT('',#4358);
#1314=VERTEX_POINT('',#4362);
#1315=VERTEX_POINT('',#4366);
#1316=VERTEX_POINT('',#4368);
#1317=VERTEX_POINT('',#4370);
#1318=VERTEX_POINT('',#4372);
#1319=VERTEX_POINT('',#4374);
#1320=VERTEX_POINT('',#4376);
#1321=VERTEX_POINT('',#4378);
#1322=VERTEX_POINT('',#4380);
#1323=VERTEX_POINT('',#4382);
#1324=VERTEX_POINT('',#4384);
#1325=VERTEX_POINT('',#4386);
#1326=VERTEX_POINT('',#4388);
#1327=VERTEX_POINT('',#4395);
#1328=VERTEX_POINT('',#4399);
#1329=VERTEX_POINT('',#4403);
#1330=VERTEX_POINT('',#4422);
#1331=VERTEX_POINT('',#4424);
#1332=VERTEX_POINT('',#4428);
#1333=VERTEX_POINT('',#4432);
#1334=VERTEX_POINT('',#4438);
#1335=VERTEX_POINT('',#4442);
#1336=VERTEX_POINT('',#4446);
#1337=VERTEX_POINT('',#4450);
#1338=VERTEX_POINT('',#4454);
#1339=VERTEX_POINT('',#4458);
#1340=VERTEX_POINT('',#4462);
#1341=VERTEX_POINT('',#4466);
#1342=VERTEX_POINT('',#4472);
#1343=VERTEX_POINT('',#4474);
#1344=VERTEX_POINT('',#4478);
#1345=VERTEX_POINT('',#4482);
#1346=VERTEX_POINT('',#4486);
#1347=VERTEX_POINT('',#4490);
#1348=VERTEX_POINT('',#4494);
#1349=VERTEX_POINT('',#4498);
#1350=VERTEX_POINT('',#4517);
#1351=VERTEX_POINT('',#4521);
#1352=VERTEX_POINT('',#4525);
#1353=VERTEX_POINT('',#4529);
#1354=VERTEX_POINT('',#4533);
#1355=VERTEX_POINT('',#4537);
#1356=EDGE_CURVE('',#1114,#1115,#1000,.T.);
#1357=EDGE_CURVE('',#1114,#1116,#462,.T.);
#1358=EDGE_CURVE('',#1116,#1117,#1001,.T.);
#1359=EDGE_CURVE('',#1117,#1115,#463,.T.);
#1360=EDGE_CURVE('',#1118,#1117,#464,.T.);
#1361=EDGE_CURVE('',#1119,#1118,#465,.T.);
#1362=EDGE_CURVE('',#1115,#1119,#466,.T.);
#1363=EDGE_CURVE('',#1120,#1121,#1002,.T.);
#1364=EDGE_CURVE('',#1120,#1122,#467,.T.);
#1365=EDGE_CURVE('',#1122,#1123,#1003,.T.);
#1366=EDGE_CURVE('',#1123,#1121,#468,.T.);
#1367=EDGE_CURVE('',#1121,#1114,#469,.T.);
#1368=EDGE_CURVE('',#1116,#1123,#470,.T.);
#1369=EDGE_CURVE('',#1124,#1125,#1004,.T.);
#1370=EDGE_CURVE('',#1124,#1126,#471,.T.);
#1371=EDGE_CURVE('',#1126,#1127,#1005,.T.);
#1372=EDGE_CURVE('',#1127,#1125,#472,.T.);
#1373=EDGE_CURVE('',#1125,#1120,#473,.T.);
#1374=EDGE_CURVE('',#1122,#1127,#474,.T.);
#1375=EDGE_CURVE('',#1119,#1128,#1006,.T.);
#1376=EDGE_CURVE('',#1118,#1129,#1007,.T.);
#1377=EDGE_CURVE('',#1129,#1128,#475,.T.);
#1378=EDGE_CURVE('',#1128,#1124,#476,.T.);
#1379=EDGE_CURVE('',#1129,#1126,#477,.T.);
#1380=EDGE_CURVE('',#1130,#1131,#1008,.T.);
#1381=EDGE_CURVE('',#1130,#1132,#478,.T.);
#1382=EDGE_CURVE('',#1132,#1133,#1009,.T.);
#1383=EDGE_CURVE('',#1133,#1131,#479,.T.);
#1384=EDGE_CURVE('',#1134,#1130,#480,.T.);
#1385=EDGE_CURVE('',#1135,#1134,#481,.T.);
#1386=EDGE_CURVE('',#1132,#1135,#482,.T.);
#1387=EDGE_CURVE('',#1136,#1134,#1010,.T.);
#1388=EDGE_CURVE('',#1136,#1137,#483,.T.);
#1389=EDGE_CURVE('',#1137,#1135,#1011,.T.);
#1390=EDGE_CURVE('',#1138,#1136,#484,.T.);
#1391=EDGE_CURVE('',#1139,#1138,#485,.T.);
#1392=EDGE_CURVE('',#1139,#1137,#486,.T.);
#1393=EDGE_CURVE('',#1140,#1138,#1012,.T.);
#1394=EDGE_CURVE('',#1140,#1141,#487,.T.);
#1395=EDGE_CURVE('',#1141,#1139,#1013,.T.);
#1396=EDGE_CURVE('',#1142,#1140,#488,.T.);
#1397=EDGE_CURVE('',#1142,#1143,#489,.T.);
#1398=EDGE_CURVE('',#1141,#1143,#490,.T.);
#1399=EDGE_CURVE('',#1144,#1145,#1014,.T.);
#1400=EDGE_CURVE('',#1144,#1146,#491,.T.);
#1401=EDGE_CURVE('',#1146,#1147,#1015,.T.);
#1402=EDGE_CURVE('',#1147,#1145,#492,.T.);
#1403=EDGE_CURVE('',#1148,#1144,#493,.T.);
#1404=EDGE_CURVE('',#1149,#1148,#494,.T.);
#1405=EDGE_CURVE('',#1146,#1149,#495,.T.);
#1406=EDGE_CURVE('',#1150,#1151,#1016,.T.);
#1407=EDGE_CURVE('',#1151,#1152,#496,.T.);
#1408=EDGE_CURVE('',#1152,#1153,#1017,.T.);
#1409=EDGE_CURVE('',#1153,#1150,#497,.T.);
#1410=EDGE_CURVE('',#1154,#1151,#498,.T.);
#1411=EDGE_CURVE('',#1155,#1154,#499,.T.);
#1412=EDGE_CURVE('',#1152,#1155,#500,.T.);
#1413=EDGE_CURVE('',#1156,#1155,#1018,.T.);
#1414=EDGE_CURVE('',#1154,#1157,#1019,.T.);
#1415=EDGE_CURVE('',#1157,#1156,#501,.T.);
#1416=EDGE_CURVE('',#1131,#1158,#502,.T.);
#1417=EDGE_CURVE('',#1158,#1159,#1020,.T.);
#1418=EDGE_CURVE('',#1159,#1160,#503,.T.);
#1419=EDGE_CURVE('',#1160,#1161,#1021,.T.);
#1420=EDGE_CURVE('',#1161,#1162,#504,.T.);
#1421=EDGE_CURVE('',#1162,#1163,#505,.T.);
#1422=EDGE_CURVE('',#1163,#1164,#1022,.T.);
#1423=EDGE_CURVE('',#1164,#1165,#506,.T.);
#1424=EDGE_CURVE('',#1165,#1166,#1023,.T.);
#1425=EDGE_CURVE('',#1166,#1167,#507,.T.);
#1426=EDGE_CURVE('',#1168,#1167,#508,.T.);
#1427=EDGE_CURVE('',#1169,#1168,#509,.T.);
#1428=EDGE_CURVE('',#1170,#1169,#510,.T.);
#1429=EDGE_CURVE('',#1171,#1170,#511,.T.);
#1430=EDGE_CURVE('',#1171,#1157,#512,.T.);
#1431=EDGE_CURVE('',#1150,#1172,#513,.T.);
#1432=EDGE_CURVE('',#1173,#1172,#514,.T.);
#1433=EDGE_CURVE('',#1148,#1173,#515,.T.);
#1434=EDGE_CURVE('',#1145,#1142,#516,.T.);
#1435=EDGE_CURVE('',#1174,#1171,#517,.T.);
#1436=EDGE_CURVE('',#1175,#1174,#518,.T.);
#1437=EDGE_CURVE('',#1176,#1175,#519,.T.);
#1438=EDGE_CURVE('',#1156,#1176,#520,.T.);
#1439=EDGE_CURVE('',#1177,#1153,#521,.T.);
#1440=EDGE_CURVE('',#1178,#1177,#522,.T.);
#1441=EDGE_CURVE('',#1179,#1178,#523,.T.);
#1442=EDGE_CURVE('',#1172,#1179,#524,.T.);
#1443=EDGE_CURVE('',#1180,#1180,#1024,.T.);
#1444=EDGE_CURVE('',#1180,#1181,#525,.T.);
#1445=EDGE_CURVE('',#1182,#1182,#1025,.T.);
#1446=EDGE_CURVE('',#1182,#1180,#526,.T.);
#1447=EDGE_CURVE('',#1183,#1183,#1026,.T.);
#1448=EDGE_CURVE('',#1183,#1184,#527,.T.);
#1449=EDGE_CURVE('',#1185,#1185,#1027,.T.);
#1450=EDGE_CURVE('',#1185,#1183,#528,.T.);
#1451=EDGE_CURVE('',#1186,#1186,#1028,.T.);
#1452=EDGE_CURVE('',#1186,#1187,#529,.T.);
#1453=EDGE_CURVE('',#1188,#1188,#1029,.T.);
#1454=EDGE_CURVE('',#1188,#1186,#530,.T.);
#1455=EDGE_CURVE('',#1189,#1189,#1030,.T.);
#1456=EDGE_CURVE('',#1189,#1190,#531,.T.);
#1457=EDGE_CURVE('',#1191,#1191,#1031,.T.);
#1458=EDGE_CURVE('',#1191,#1189,#532,.T.);
#1459=EDGE_CURVE('',#1192,#1192,#1032,.T.);
#1460=EDGE_CURVE('',#1192,#1193,#533,.T.);
#1461=EDGE_CURVE('',#1194,#1194,#1033,.T.);
#1462=EDGE_CURVE('',#1194,#1192,#534,.T.);
#1463=EDGE_CURVE('',#1195,#1195,#1034,.T.);
#1464=EDGE_CURVE('',#1195,#1196,#535,.T.);
#1465=EDGE_CURVE('',#1197,#1197,#1035,.T.);
#1466=EDGE_CURVE('',#1197,#1195,#536,.T.);
#1467=EDGE_CURVE('',#1198,#1198,#1036,.T.);
#1468=EDGE_CURVE('',#1198,#1199,#537,.T.);
#1469=EDGE_CURVE('',#1200,#1200,#1037,.T.);
#1470=EDGE_CURVE('',#1200,#1198,#538,.T.);
#1471=EDGE_CURVE('',#1201,#1201,#1038,.T.);
#1472=EDGE_CURVE('',#1201,#1202,#539,.T.);
#1473=EDGE_CURVE('',#1203,#1203,#1039,.T.);
#1474=EDGE_CURVE('',#1203,#1201,#540,.T.);
#1475=EDGE_CURVE('',#1204,#1204,#1040,.T.);
#1476=EDGE_CURVE('',#1204,#1205,#541,.T.);
#1477=EDGE_CURVE('',#1206,#1206,#1041,.T.);
#1478=EDGE_CURVE('',#1206,#1204,#542,.T.);
#1479=EDGE_CURVE('',#1207,#1207,#1042,.T.);
#1480=EDGE_CURVE('',#1207,#1208,#543,.T.);
#1481=EDGE_CURVE('',#1209,#1209,#1043,.T.);
#1482=EDGE_CURVE('',#1209,#1207,#544,.T.);
#1483=EDGE_CURVE('',#1210,#1210,#1044,.T.);
#1484=EDGE_CURVE('',#1210,#1211,#545,.T.);
#1485=EDGE_CURVE('',#1212,#1212,#1045,.T.);
#1486=EDGE_CURVE('',#1212,#1210,#546,.T.);
#1487=EDGE_CURVE('',#1213,#1176,#547,.T.);
#1488=EDGE_CURVE('',#1175,#1214,#548,.T.);
#1489=EDGE_CURVE('',#1214,#1213,#549,.T.);
#1490=EDGE_CURVE('',#1175,#1215,#1046,.T.);
#1491=EDGE_CURVE('',#1215,#1216,#550,.T.);
#1492=EDGE_CURVE('',#1216,#1214,#1047,.T.);
#1493=EDGE_CURVE('',#1217,#1218,#551,.T.);
#1494=EDGE_CURVE('',#1218,#1216,#552,.T.);
#1495=EDGE_CURVE('',#1215,#1217,#553,.T.);
#1496=EDGE_CURVE('',#1217,#1178,#1048,.T.);
#1497=EDGE_CURVE('',#1178,#1219,#554,.T.);
#1498=EDGE_CURVE('',#1219,#1218,#1049,.T.);
#1499=EDGE_CURVE('',#1177,#1220,#555,.T.);
#1500=EDGE_CURVE('',#1220,#1219,#556,.T.);
#1501=EDGE_CURVE('',#1217,#1221,#557,.T.);
#1502=EDGE_CURVE('',#1221,#1179,#1050,.T.);
#1503=EDGE_CURVE('',#1222,#1215,#558,.T.);
#1504=EDGE_CURVE('',#1221,#1222,#559,.T.);
#1505=EDGE_CURVE('',#1174,#1222,#1051,.T.);
#1506=EDGE_CURVE('',#1213,#1223,#560,.T.);
#1507=EDGE_CURVE('',#1223,#1224,#561,.T.);
#1508=EDGE_CURVE('',#1224,#1176,#562,.T.);
#1509=EDGE_CURVE('',#1177,#1225,#563,.T.);
#1510=EDGE_CURVE('',#1226,#1225,#564,.T.);
#1511=EDGE_CURVE('',#1226,#1220,#565,.T.);
#1512=EDGE_CURVE('',#1227,#1170,#566,.T.);
#1513=EDGE_CURVE('',#1228,#1227,#567,.T.);
#1514=EDGE_CURVE('',#1228,#1229,#568,.T.);
#1515=EDGE_CURVE('',#1230,#1229,#569,.T.);
#1516=EDGE_CURVE('',#1230,#1231,#570,.T.);
#1517=EDGE_CURVE('',#1231,#1173,#571,.T.);
#1518=EDGE_CURVE('',#1167,#1232,#572,.T.);
#1519=EDGE_CURVE('',#1233,#1232,#573,.T.);
#1520=EDGE_CURVE('',#1233,#1168,#574,.T.);
#1521=EDGE_CURVE('',#1149,#1231,#575,.T.);
#1522=EDGE_CURVE('',#1234,#1233,#576,.T.);
#1523=EDGE_CURVE('',#1234,#1169,#577,.T.);
#1524=EDGE_CURVE('',#1227,#1234,#578,.T.);
#1525=EDGE_CURVE('',#1235,#1236,#1052,.T.);
#1526=EDGE_CURVE('',#1235,#1237,#579,.T.);
#1527=EDGE_CURVE('',#1237,#1238,#1053,.T.);
#1528=EDGE_CURVE('',#1238,#1236,#580,.T.);
#1529=EDGE_CURVE('',#1235,#1239,#581,.T.);
#1530=EDGE_CURVE('',#1240,#1239,#582,.T.);
#1531=EDGE_CURVE('',#1237,#1240,#583,.T.);
#1532=EDGE_CURVE('',#1230,#1239,#1054,.T.);
#1533=EDGE_CURVE('',#1229,#1240,#1055,.T.);
#1534=EDGE_CURVE('',#1241,#1236,#584,.T.);
#1535=EDGE_CURVE('',#1242,#1241,#1056,.T.);
#1536=EDGE_CURVE('',#1243,#1242,#585,.T.);
#1537=EDGE_CURVE('',#1244,#1243,#1057,.T.);
#1538=EDGE_CURVE('',#1245,#1244,#586,.T.);
#1539=EDGE_CURVE('',#1246,#1245,#587,.T.);
#1540=EDGE_CURVE('',#1247,#1246,#588,.T.);
#1541=EDGE_CURVE('',#1248,#1247,#1058,.T.);
#1542=EDGE_CURVE('',#1249,#1248,#589,.T.);
#1543=EDGE_CURVE('',#1250,#1249,#1059,.T.);
#1544=EDGE_CURVE('',#1251,#1250,#590,.T.);
#1545=EDGE_CURVE('',#1227,#1251,#1060,.T.);
#1546=EDGE_CURVE('',#1232,#1252,#591,.T.);
#1547=EDGE_CURVE('',#1252,#1253,#1061,.T.);
#1548=EDGE_CURVE('',#1253,#1254,#592,.T.);
#1549=EDGE_CURVE('',#1254,#1255,#1062,.T.);
#1550=EDGE_CURVE('',#1255,#1256,#593,.T.);
#1551=EDGE_CURVE('',#1256,#1257,#594,.T.);
#1552=EDGE_CURVE('',#1257,#1258,#1063,.T.);
#1553=EDGE_CURVE('',#1258,#1259,#595,.T.);
#1554=EDGE_CURVE('',#1259,#1260,#1064,.T.);
#1555=EDGE_CURVE('',#1260,#1133,#596,.T.);
#1556=EDGE_CURVE('',#1143,#1147,#597,.T.);
#1557=EDGE_CURVE('',#1158,#1260,#598,.T.);
#1558=EDGE_CURVE('',#1159,#1259,#599,.T.);
#1559=EDGE_CURVE('',#1160,#1258,#600,.T.);
#1560=EDGE_CURVE('',#1161,#1257,#601,.T.);
#1561=EDGE_CURVE('',#1162,#1256,#602,.T.);
#1562=EDGE_CURVE('',#1163,#1255,#603,.T.);
#1563=EDGE_CURVE('',#1164,#1254,#604,.T.);
#1564=EDGE_CURVE('',#1165,#1253,#605,.T.);
#1565=EDGE_CURVE('',#1166,#1252,#606,.T.);
#1566=EDGE_CURVE('',#1261,#1249,#607,.T.);
#1567=EDGE_CURVE('',#1261,#1262,#1065,.T.);
#1568=EDGE_CURVE('',#1262,#1250,#608,.T.);
#1569=EDGE_CURVE('',#1263,#1248,#609,.T.);
#1570=EDGE_CURVE('',#1263,#1261,#610,.T.);
#1571=EDGE_CURVE('',#1264,#1247,#611,.T.);
#1572=EDGE_CURVE('',#1264,#1263,#1066,.T.);
#1573=EDGE_CURVE('',#1265,#1246,#612,.T.);
#1574=EDGE_CURVE('',#1265,#1264,#613,.T.);
#1575=EDGE_CURVE('',#1266,#1245,#614,.T.);
#1576=EDGE_CURVE('',#1266,#1265,#615,.T.);
#1577=EDGE_CURVE('',#1267,#1244,#616,.T.);
#1578=EDGE_CURVE('',#1267,#1266,#617,.T.);
#1579=EDGE_CURVE('',#1268,#1243,#618,.T.);
#1580=EDGE_CURVE('',#1268,#1267,#1067,.T.);
#1581=EDGE_CURVE('',#1269,#1242,#619,.T.);
#1582=EDGE_CURVE('',#1269,#1268,#620,.T.);
#1583=EDGE_CURVE('',#1270,#1271,#1068,.T.);
#1584=EDGE_CURVE('',#1272,#1270,#621,.T.);
#1585=EDGE_CURVE('',#1273,#1272,#1069,.T.);
#1586=EDGE_CURVE('',#1274,#1273,#622,.T.);
#1587=EDGE_CURVE('',#1275,#1274,#1070,.T.);
#1588=EDGE_CURVE('',#1276,#1275,#623,.T.);
#1589=EDGE_CURVE('',#1277,#1276,#1071,.T.);
#1590=EDGE_CURVE('',#1278,#1277,#624,.T.);
#1591=EDGE_CURVE('',#1279,#1278,#1072,.T.);
#1592=EDGE_CURVE('',#1280,#1279,#625,.T.);
#1593=EDGE_CURVE('',#1281,#1280,#1073,.T.);
#1594=EDGE_CURVE('',#1282,#1281,#626,.T.);
#1595=EDGE_CURVE('',#1283,#1282,#1074,.T.);
#1596=EDGE_CURVE('',#1271,#1283,#627,.T.);
#1597=EDGE_CURVE('',#1284,#1228,#1075,.T.);
#1598=EDGE_CURVE('',#1262,#1284,#628,.T.);
#1599=EDGE_CURVE('',#1285,#1269,#1076,.T.);
#1600=EDGE_CURVE('',#1285,#1238,#629,.T.);
#1601=EDGE_CURVE('',#1286,#1287,#630,.T.);
#1602=EDGE_CURVE('',#1288,#1286,#1077,.T.);
#1603=EDGE_CURVE('',#1289,#1288,#631,.T.);
#1604=EDGE_CURVE('',#1290,#1289,#1078,.T.);
#1605=EDGE_CURVE('',#1291,#1290,#632,.T.);
#1606=EDGE_CURVE('',#1292,#1291,#1079,.T.);
#1607=EDGE_CURVE('',#1293,#1292,#633,.T.);
#1608=EDGE_CURVE('',#1287,#1293,#1080,.T.);
#1609=EDGE_CURVE('',#1294,#1295,#634,.T.);
#1610=EDGE_CURVE('',#1295,#1296,#635,.T.);
#1611=EDGE_CURVE('',#1296,#1297,#636,.T.);
#1612=EDGE_CURVE('',#1297,#1294,#637,.T.);
#1613=EDGE_CURVE('',#1294,#1298,#1081,.T.);
#1614=EDGE_CURVE('',#1298,#1299,#638,.T.);
#1615=EDGE_CURVE('',#1299,#1295,#1082,.T.);
#1616=EDGE_CURVE('',#1300,#1301,#639,.T.);
#1617=EDGE_CURVE('',#1301,#1299,#640,.T.);
#1618=EDGE_CURVE('',#1298,#1300,#641,.T.);
#1619=EDGE_CURVE('',#1300,#1302,#1083,.T.);
#1620=EDGE_CURVE('',#1302,#1303,#642,.T.);
#1621=EDGE_CURVE('',#1303,#1301,#1084,.T.);
#1622=EDGE_CURVE('',#1304,#1305,#643,.T.);
#1623=EDGE_CURVE('',#1305,#1303,#644,.T.);
#1624=EDGE_CURVE('',#1302,#1304,#645,.T.);
#1625=EDGE_CURVE('',#1304,#1306,#1085,.T.);
#1626=EDGE_CURVE('',#1306,#1307,#646,.T.);
#1627=EDGE_CURVE('',#1307,#1305,#1086,.T.);
#1628=EDGE_CURVE('',#1308,#1309,#647,.T.);
#1629=EDGE_CURVE('',#1309,#1307,#648,.T.);
#1630=EDGE_CURVE('',#1306,#1308,#649,.T.);
#1631=EDGE_CURVE('',#1308,#1297,#1087,.T.);
#1632=EDGE_CURVE('',#1296,#1309,#1088,.T.);
#1633=EDGE_CURVE('',#1300,#1310,#650,.T.);
#1634=EDGE_CURVE('',#1311,#1310,#1089,.T.);
#1635=EDGE_CURVE('',#1311,#1302,#651,.T.);
#1636=EDGE_CURVE('',#1312,#1298,#652,.T.);
#1637=EDGE_CURVE('',#1310,#1312,#653,.T.);
#1638=EDGE_CURVE('',#1294,#1313,#654,.T.);
#1639=EDGE_CURVE('',#1312,#1313,#1090,.T.);
#1640=EDGE_CURVE('',#1314,#1297,#655,.T.);
#1641=EDGE_CURVE('',#1313,#1314,#656,.T.);
#1642=EDGE_CURVE('',#1315,#1224,#1091,.T.);
#1643=EDGE_CURVE('',#1316,#1315,#657,.T.);
#1644=EDGE_CURVE('',#1317,#1316,#1092,.T.);
#1645=EDGE_CURVE('',#1318,#1317,#658,.T.);
#1646=EDGE_CURVE('',#1319,#1318,#1093,.T.);
#1647=EDGE_CURVE('',#1320,#1319,#659,.T.);
#1648=EDGE_CURVE('',#1321,#1320,#1094,.T.);
#1649=EDGE_CURVE('',#1322,#1321,#660,.T.);
#1650=EDGE_CURVE('',#1323,#1322,#1095,.T.);
#1651=EDGE_CURVE('',#1324,#1323,#661,.T.);
#1652=EDGE_CURVE('',#1325,#1324,#1096,.T.);
#1653=EDGE_CURVE('',#1326,#1325,#662,.T.);
#1654=EDGE_CURVE('',#1225,#1326,#1097,.T.);
#1655=EDGE_CURVE('',#1314,#1286,#663,.T.);
#1656=EDGE_CURVE('',#1287,#1313,#664,.T.);
#1657=EDGE_CURVE('',#1314,#1327,#1098,.T.);
#1658=EDGE_CURVE('',#1327,#1288,#665,.T.);
#1659=EDGE_CURVE('',#1328,#1289,#666,.T.);
#1660=EDGE_CURVE('',#1327,#1328,#667,.T.);
#1661=EDGE_CURVE('',#1328,#1329,#1099,.T.);
#1662=EDGE_CURVE('',#1329,#1290,#668,.T.);
#1663=EDGE_CURVE('',#1311,#1291,#669,.T.);
#1664=EDGE_CURVE('',#1329,#1311,#670,.T.);
#1665=EDGE_CURVE('',#1310,#1292,#671,.T.);
#1666=EDGE_CURVE('',#1312,#1293,#672,.T.);
#1667=EDGE_CURVE('',#1304,#1329,#673,.T.);
#1668=EDGE_CURVE('',#1328,#1306,#674,.T.);
#1669=EDGE_CURVE('',#1308,#1327,#675,.T.);
#1670=EDGE_CURVE('',#1330,#1324,#676,.T.);
#1671=EDGE_CURVE('',#1323,#1331,#677,.T.);
#1672=EDGE_CURVE('',#1331,#1330,#678,.T.);
#1673=EDGE_CURVE('',#1330,#1332,#1100,.T.);
#1674=EDGE_CURVE('',#1332,#1325,#679,.T.);
#1675=EDGE_CURVE('',#1333,#1326,#680,.T.);
#1676=EDGE_CURVE('',#1332,#1333,#681,.T.);
#1677=EDGE_CURVE('',#1333,#1226,#1101,.T.);
#1678=EDGE_CURVE('',#1334,#1315,#682,.T.);
#1679=EDGE_CURVE('',#1223,#1334,#1102,.T.);
#1680=EDGE_CURVE('',#1335,#1316,#683,.T.);
#1681=EDGE_CURVE('',#1334,#1335,#684,.T.);
#1682=EDGE_CURVE('',#1336,#1317,#685,.T.);
#1683=EDGE_CURVE('',#1335,#1336,#1103,.T.);
#1684=EDGE_CURVE('',#1337,#1318,#686,.T.);
#1685=EDGE_CURVE('',#1336,#1337,#687,.T.);
#1686=EDGE_CURVE('',#1337,#1338,#1104,.T.);
#1687=EDGE_CURVE('',#1338,#1319,#688,.T.);
#1688=EDGE_CURVE('',#1339,#1320,#689,.T.);
#1689=EDGE_CURVE('',#1338,#1339,#690,.T.);
#1690=EDGE_CURVE('',#1339,#1340,#1105,.T.);
#1691=EDGE_CURVE('',#1340,#1321,#691,.T.);
#1692=EDGE_CURVE('',#1341,#1322,#692,.T.);
#1693=EDGE_CURVE('',#1340,#1341,#693,.T.);
#1694=EDGE_CURVE('',#1341,#1331,#1106,.T.);
#1695=EDGE_CURVE('',#1342,#1334,#694,.T.);
#1696=EDGE_CURVE('',#1343,#1342,#695,.T.);
#1697=EDGE_CURVE('',#1343,#1335,#696,.T.);
#1698=EDGE_CURVE('',#1344,#1223,#697,.T.);
#1699=EDGE_CURVE('',#1342,#1344,#1107,.T.);
#1700=EDGE_CURVE('',#1345,#1226,#698,.T.);
#1701=EDGE_CURVE('',#1344,#1345,#699,.T.);
#1702=EDGE_CURVE('',#1333,#1346,#700,.T.);
#1703=EDGE_CURVE('',#1345,#1346,#1108,.T.);
#1704=EDGE_CURVE('',#1347,#1332,#701,.T.);
#1705=EDGE_CURVE('',#1346,#1347,#702,.T.);
#1706=EDGE_CURVE('',#1330,#1348,#703,.T.);
#1707=EDGE_CURVE('',#1347,#1348,#1109,.T.);
#1708=EDGE_CURVE('',#1349,#1331,#704,.T.);
#1709=EDGE_CURVE('',#1348,#1349,#705,.T.);
#1710=EDGE_CURVE('',#1279,#1348,#706,.T.);
#1711=EDGE_CURVE('',#1349,#1280,#707,.T.);
#1712=EDGE_CURVE('',#1278,#1347,#708,.T.);
#1713=EDGE_CURVE('',#1277,#1346,#709,.T.);
#1714=EDGE_CURVE('',#1276,#1345,#710,.T.);
#1715=EDGE_CURVE('',#1275,#1344,#711,.T.);
#1716=EDGE_CURVE('',#1274,#1342,#712,.T.);
#1717=EDGE_CURVE('',#1273,#1343,#713,.T.);
#1718=EDGE_CURVE('',#1272,#1350,#714,.T.);
#1719=EDGE_CURVE('',#1350,#1343,#1110,.T.);
#1720=EDGE_CURVE('',#1270,#1351,#715,.T.);
#1721=EDGE_CURVE('',#1351,#1350,#716,.T.);
#1722=EDGE_CURVE('',#1271,#1352,#717,.T.);
#1723=EDGE_CURVE('',#1352,#1351,#1111,.T.);
#1724=EDGE_CURVE('',#1283,#1353,#718,.T.);
#1725=EDGE_CURVE('',#1353,#1352,#719,.T.);
#1726=EDGE_CURVE('',#1282,#1354,#720,.T.);
#1727=EDGE_CURVE('',#1354,#1353,#1112,.T.);
#1728=EDGE_CURVE('',#1281,#1355,#721,.T.);
#1729=EDGE_CURVE('',#1355,#1354,#722,.T.);
#1730=EDGE_CURVE('',#1349,#1355,#1113,.T.);
#1731=EDGE_CURVE('',#1350,#1336,#723,.T.);
#1732=EDGE_CURVE('',#1337,#1351,#724,.T.);
#1733=EDGE_CURVE('',#1352,#1338,#725,.T.);
#1734=EDGE_CURVE('',#1339,#1353,#726,.T.);
#1735=EDGE_CURVE('',#1354,#1340,#727,.T.);
#1736=EDGE_CURVE('',#1355,#1341,#728,.T.);
#1737=EDGE_CURVE('',#1284,#1251,#729,.T.);
#1738=EDGE_CURVE('',#1285,#1241,#730,.T.);
#1739=ORIENTED_EDGE('',*,*,#1356,.F.);
#1740=ORIENTED_EDGE('',*,*,#1357,.T.);
#1741=ORIENTED_EDGE('',*,*,#1358,.T.);
#1742=ORIENTED_EDGE('',*,*,#1359,.T.);
#1743=ORIENTED_EDGE('',*,*,#1359,.F.);
#1744=ORIENTED_EDGE('',*,*,#1360,.F.);
#1745=ORIENTED_EDGE('',*,*,#1361,.F.);
#1746=ORIENTED_EDGE('',*,*,#1362,.F.);
#1747=ORIENTED_EDGE('',*,*,#1363,.F.);
#1748=ORIENTED_EDGE('',*,*,#1364,.T.);
#1749=ORIENTED_EDGE('',*,*,#1365,.T.);
#1750=ORIENTED_EDGE('',*,*,#1366,.T.);
#1751=ORIENTED_EDGE('',*,*,#1357,.F.);
#1752=ORIENTED_EDGE('',*,*,#1367,.F.);
#1753=ORIENTED_EDGE('',*,*,#1366,.F.);
#1754=ORIENTED_EDGE('',*,*,#1368,.F.);
#1755=ORIENTED_EDGE('',*,*,#1369,.F.);
#1756=ORIENTED_EDGE('',*,*,#1370,.T.);
#1757=ORIENTED_EDGE('',*,*,#1371,.T.);
#1758=ORIENTED_EDGE('',*,*,#1372,.T.);
#1759=ORIENTED_EDGE('',*,*,#1364,.F.);
#1760=ORIENTED_EDGE('',*,*,#1373,.F.);
#1761=ORIENTED_EDGE('',*,*,#1372,.F.);
#1762=ORIENTED_EDGE('',*,*,#1374,.F.);
#1763=ORIENTED_EDGE('',*,*,#1375,.F.);
#1764=ORIENTED_EDGE('',*,*,#1361,.T.);
#1765=ORIENTED_EDGE('',*,*,#1376,.T.);
#1766=ORIENTED_EDGE('',*,*,#1377,.T.);
#1767=ORIENTED_EDGE('',*,*,#1370,.F.);
#1768=ORIENTED_EDGE('',*,*,#1378,.F.);
#1769=ORIENTED_EDGE('',*,*,#1377,.F.);
#1770=ORIENTED_EDGE('',*,*,#1379,.T.);
#1771=ORIENTED_EDGE('',*,*,#1380,.F.);
#1772=ORIENTED_EDGE('',*,*,#1381,.T.);
#1773=ORIENTED_EDGE('',*,*,#1382,.T.);
#1774=ORIENTED_EDGE('',*,*,#1383,.T.);
#1775=ORIENTED_EDGE('',*,*,#1381,.F.);
#1776=ORIENTED_EDGE('',*,*,#1384,.F.);
#1777=ORIENTED_EDGE('',*,*,#1385,.F.);
#1778=ORIENTED_EDGE('',*,*,#1386,.F.);
#1779=ORIENTED_EDGE('',*,*,#1387,.F.);
#1780=ORIENTED_EDGE('',*,*,#1388,.T.);
#1781=ORIENTED_EDGE('',*,*,#1389,.T.);
#1782=ORIENTED_EDGE('',*,*,#1385,.T.);
#1783=ORIENTED_EDGE('',*,*,#1388,.F.);
#1784=ORIENTED_EDGE('',*,*,#1390,.F.);
#1785=ORIENTED_EDGE('',*,*,#1391,.F.);
#1786=ORIENTED_EDGE('',*,*,#1392,.T.);
#1787=ORIENTED_EDGE('',*,*,#1393,.F.);
#1788=ORIENTED_EDGE('',*,*,#1394,.T.);
#1789=ORIENTED_EDGE('',*,*,#1395,.T.);
#1790=ORIENTED_EDGE('',*,*,#1391,.T.);
#1791=ORIENTED_EDGE('',*,*,#1394,.F.);
#1792=ORIENTED_EDGE('',*,*,#1396,.F.);
#1793=ORIENTED_EDGE('',*,*,#1397,.T.);
#1794=ORIENTED_EDGE('',*,*,#1398,.F.);
#1795=ORIENTED_EDGE('',*,*,#1399,.F.);
#1796=ORIENTED_EDGE('',*,*,#1400,.T.);
#1797=ORIENTED_EDGE('',*,*,#1401,.T.);
#1798=ORIENTED_EDGE('',*,*,#1402,.T.);
#1799=ORIENTED_EDGE('',*,*,#1400,.F.);
#1800=ORIENTED_EDGE('',*,*,#1403,.F.);
#1801=ORIENTED_EDGE('',*,*,#1404,.F.);
#1802=ORIENTED_EDGE('',*,*,#1405,.F.);
#1803=ORIENTED_EDGE('',*,*,#1406,.T.);
#1804=ORIENTED_EDGE('',*,*,#1407,.T.);
#1805=ORIENTED_EDGE('',*,*,#1408,.T.);
#1806=ORIENTED_EDGE('',*,*,#1409,.T.);
#1807=ORIENTED_EDGE('',*,*,#1407,.F.);
#1808=ORIENTED_EDGE('',*,*,#1410,.F.);
#1809=ORIENTED_EDGE('',*,*,#1411,.F.);
#1810=ORIENTED_EDGE('',*,*,#1412,.F.);
#1811=ORIENTED_EDGE('',*,*,#1413,.T.);
#1812=ORIENTED_EDGE('',*,*,#1411,.T.);
#1813=ORIENTED_EDGE('',*,*,#1414,.T.);
#1814=ORIENTED_EDGE('',*,*,#1415,.T.);
#1815=ORIENTED_EDGE('',*,*,#1380,.T.);
#1816=ORIENTED_EDGE('',*,*,#1416,.T.);
#1817=ORIENTED_EDGE('',*,*,#1417,.T.);
#1818=ORIENTED_EDGE('',*,*,#1418,.T.);
#1819=ORIENTED_EDGE('',*,*,#1419,.T.);
#1820=ORIENTED_EDGE('',*,*,#1420,.T.);
#1821=ORIENTED_EDGE('',*,*,#1421,.T.);
#1822=ORIENTED_EDGE('',*,*,#1422,.T.);
#1823=ORIENTED_EDGE('',*,*,#1423,.T.);
#1824=ORIENTED_EDGE('',*,*,#1424,.T.);
#1825=ORIENTED_EDGE('',*,*,#1425,.T.);
#1826=ORIENTED_EDGE('',*,*,#1426,.F.);
#1827=ORIENTED_EDGE('',*,*,#1427,.F.);
#1828=ORIENTED_EDGE('',*,*,#1428,.F.);
#1829=ORIENTED_EDGE('',*,*,#1429,.F.);
#1830=ORIENTED_EDGE('',*,*,#1430,.T.);
#1831=ORIENTED_EDGE('',*,*,#1414,.F.);
#1832=ORIENTED_EDGE('',*,*,#1410,.T.);
#1833=ORIENTED_EDGE('',*,*,#1406,.F.);
#1834=ORIENTED_EDGE('',*,*,#1431,.T.);
#1835=ORIENTED_EDGE('',*,*,#1432,.F.);
#1836=ORIENTED_EDGE('',*,*,#1433,.F.);
#1837=ORIENTED_EDGE('',*,*,#1403,.T.);
#1838=ORIENTED_EDGE('',*,*,#1399,.T.);
#1839=ORIENTED_EDGE('',*,*,#1434,.T.);
#1840=ORIENTED_EDGE('',*,*,#1396,.T.);
#1841=ORIENTED_EDGE('',*,*,#1393,.T.);
#1842=ORIENTED_EDGE('',*,*,#1390,.T.);
#1843=ORIENTED_EDGE('',*,*,#1387,.T.);
#1844=ORIENTED_EDGE('',*,*,#1384,.T.);
#1845=ORIENTED_EDGE('',*,*,#1415,.F.);
#1846=ORIENTED_EDGE('',*,*,#1430,.F.);
#1847=ORIENTED_EDGE('',*,*,#1435,.F.);
#1848=ORIENTED_EDGE('',*,*,#1436,.F.);
#1849=ORIENTED_EDGE('',*,*,#1437,.F.);
#1850=ORIENTED_EDGE('',*,*,#1438,.F.);
#1851=ORIENTED_EDGE('',*,*,#1409,.F.);
#1852=ORIENTED_EDGE('',*,*,#1439,.F.);
#1853=ORIENTED_EDGE('',*,*,#1440,.F.);
#1854=ORIENTED_EDGE('',*,*,#1441,.F.);
#1855=ORIENTED_EDGE('',*,*,#1442,.F.);
#1856=ORIENTED_EDGE('',*,*,#1431,.F.);
#1857=ORIENTED_EDGE('',*,*,#1443,.F.);
#1858=ORIENTED_EDGE('',*,*,#1444,.T.);
#1859=ORIENTED_EDGE('',*,*,#1444,.F.);
#1860=ORIENTED_EDGE('',*,*,#1445,.F.);
#1861=ORIENTED_EDGE('',*,*,#1446,.T.);
#1862=ORIENTED_EDGE('',*,*,#1443,.T.);
#1863=ORIENTED_EDGE('',*,*,#1446,.F.);
#1864=ORIENTED_EDGE('',*,*,#1447,.F.);
#1865=ORIENTED_EDGE('',*,*,#1448,.T.);
#1866=ORIENTED_EDGE('',*,*,#1448,.F.);
#1867=ORIENTED_EDGE('',*,*,#1449,.F.);
#1868=ORIENTED_EDGE('',*,*,#1450,.T.);
#1869=ORIENTED_EDGE('',*,*,#1447,.T.);
#1870=ORIENTED_EDGE('',*,*,#1450,.F.);
#1871=ORIENTED_EDGE('',*,*,#1451,.F.);
#1872=ORIENTED_EDGE('',*,*,#1452,.T.);
#1873=ORIENTED_EDGE('',*,*,#1452,.F.);
#1874=ORIENTED_EDGE('',*,*,#1453,.F.);
#1875=ORIENTED_EDGE('',*,*,#1454,.T.);
#1876=ORIENTED_EDGE('',*,*,#1451,.T.);
#1877=ORIENTED_EDGE('',*,*,#1454,.F.);
#1878=ORIENTED_EDGE('',*,*,#1455,.F.);
#1879=ORIENTED_EDGE('',*,*,#1456,.T.);
#1880=ORIENTED_EDGE('',*,*,#1456,.F.);
#1881=ORIENTED_EDGE('',*,*,#1457,.F.);
#1882=ORIENTED_EDGE('',*,*,#1458,.T.);
#1883=ORIENTED_EDGE('',*,*,#1455,.T.);
#1884=ORIENTED_EDGE('',*,*,#1458,.F.);
#1885=ORIENTED_EDGE('',*,*,#1459,.F.);
#1886=ORIENTED_EDGE('',*,*,#1460,.T.);
#1887=ORIENTED_EDGE('',*,*,#1460,.F.);
#1888=ORIENTED_EDGE('',*,*,#1461,.F.);
#1889=ORIENTED_EDGE('',*,*,#1462,.T.);
#1890=ORIENTED_EDGE('',*,*,#1459,.T.);
#1891=ORIENTED_EDGE('',*,*,#1462,.F.);
#1892=ORIENTED_EDGE('',*,*,#1463,.F.);
#1893=ORIENTED_EDGE('',*,*,#1464,.T.);
#1894=ORIENTED_EDGE('',*,*,#1464,.F.);
#1895=ORIENTED_EDGE('',*,*,#1465,.F.);
#1896=ORIENTED_EDGE('',*,*,#1466,.T.);
#1897=ORIENTED_EDGE('',*,*,#1463,.T.);
#1898=ORIENTED_EDGE('',*,*,#1466,.F.);
#1899=ORIENTED_EDGE('',*,*,#1467,.F.);
#1900=ORIENTED_EDGE('',*,*,#1468,.T.);
#1901=ORIENTED_EDGE('',*,*,#1468,.F.);
#1902=ORIENTED_EDGE('',*,*,#1469,.F.);
#1903=ORIENTED_EDGE('',*,*,#1470,.T.);
#1904=ORIENTED_EDGE('',*,*,#1467,.T.);
#1905=ORIENTED_EDGE('',*,*,#1470,.F.);
#1906=ORIENTED_EDGE('',*,*,#1471,.F.);
#1907=ORIENTED_EDGE('',*,*,#1472,.T.);
#1908=ORIENTED_EDGE('',*,*,#1472,.F.);
#1909=ORIENTED_EDGE('',*,*,#1473,.F.);
#1910=ORIENTED_EDGE('',*,*,#1474,.T.);
#1911=ORIENTED_EDGE('',*,*,#1471,.T.);
#1912=ORIENTED_EDGE('',*,*,#1474,.F.);
#1913=ORIENTED_EDGE('',*,*,#1475,.F.);
#1914=ORIENTED_EDGE('',*,*,#1476,.T.);
#1915=ORIENTED_EDGE('',*,*,#1476,.F.);
#1916=ORIENTED_EDGE('',*,*,#1477,.F.);
#1917=ORIENTED_EDGE('',*,*,#1478,.T.);
#1918=ORIENTED_EDGE('',*,*,#1475,.T.);
#1919=ORIENTED_EDGE('',*,*,#1478,.F.);
#1920=ORIENTED_EDGE('',*,*,#1479,.F.);
#1921=ORIENTED_EDGE('',*,*,#1480,.T.);
#1922=ORIENTED_EDGE('',*,*,#1480,.F.);
#1923=ORIENTED_EDGE('',*,*,#1481,.F.);
#1924=ORIENTED_EDGE('',*,*,#1482,.T.);
#1925=ORIENTED_EDGE('',*,*,#1479,.T.);
#1926=ORIENTED_EDGE('',*,*,#1482,.F.);
#1927=ORIENTED_EDGE('',*,*,#1483,.F.);
#1928=ORIENTED_EDGE('',*,*,#1484,.T.);
#1929=ORIENTED_EDGE('',*,*,#1484,.F.);
#1930=ORIENTED_EDGE('',*,*,#1485,.F.);
#1931=ORIENTED_EDGE('',*,*,#1486,.T.);
#1932=ORIENTED_EDGE('',*,*,#1483,.T.);
#1933=ORIENTED_EDGE('',*,*,#1486,.F.);
#1934=ORIENTED_EDGE('',*,*,#1487,.T.);
#1935=ORIENTED_EDGE('',*,*,#1437,.T.);
#1936=ORIENTED_EDGE('',*,*,#1488,.T.);
#1937=ORIENTED_EDGE('',*,*,#1489,.T.);
#1938=ORIENTED_EDGE('',*,*,#1488,.F.);
#1939=ORIENTED_EDGE('',*,*,#1490,.T.);
#1940=ORIENTED_EDGE('',*,*,#1491,.T.);
#1941=ORIENTED_EDGE('',*,*,#1492,.T.);
#1942=ORIENTED_EDGE('',*,*,#1493,.T.);
#1943=ORIENTED_EDGE('',*,*,#1494,.T.);
#1944=ORIENTED_EDGE('',*,*,#1491,.F.);
#1945=ORIENTED_EDGE('',*,*,#1495,.T.);
#1946=ORIENTED_EDGE('',*,*,#1493,.F.);
#1947=ORIENTED_EDGE('',*,*,#1496,.T.);
#1948=ORIENTED_EDGE('',*,*,#1497,.T.);
#1949=ORIENTED_EDGE('',*,*,#1498,.T.);
#1950=ORIENTED_EDGE('',*,*,#1499,.T.);
#1951=ORIENTED_EDGE('',*,*,#1500,.T.);
#1952=ORIENTED_EDGE('',*,*,#1497,.F.);
#1953=ORIENTED_EDGE('',*,*,#1440,.T.);
#1954=ORIENTED_EDGE('',*,*,#1496,.F.);
#1955=ORIENTED_EDGE('',*,*,#1501,.T.);
#1956=ORIENTED_EDGE('',*,*,#1502,.T.);
#1957=ORIENTED_EDGE('',*,*,#1441,.T.);
#1958=ORIENTED_EDGE('',*,*,#1495,.F.);
#1959=ORIENTED_EDGE('',*,*,#1503,.F.);
#1960=ORIENTED_EDGE('',*,*,#1504,.F.);
#1961=ORIENTED_EDGE('',*,*,#1501,.F.);
#1962=ORIENTED_EDGE('',*,*,#1490,.F.);
#1963=ORIENTED_EDGE('',*,*,#1436,.T.);
#1964=ORIENTED_EDGE('',*,*,#1505,.T.);
#1965=ORIENTED_EDGE('',*,*,#1503,.T.);
#1966=ORIENTED_EDGE('',*,*,#1487,.F.);
#1967=ORIENTED_EDGE('',*,*,#1506,.T.);
#1968=ORIENTED_EDGE('',*,*,#1507,.T.);
#1969=ORIENTED_EDGE('',*,*,#1508,.T.);
#1970=ORIENTED_EDGE('',*,*,#1499,.F.);
#1971=ORIENTED_EDGE('',*,*,#1509,.T.);
#1972=ORIENTED_EDGE('',*,*,#1510,.F.);
#1973=ORIENTED_EDGE('',*,*,#1511,.T.);
#1974=ORIENTED_EDGE('',*,*,#1442,.T.);
#1975=ORIENTED_EDGE('',*,*,#1502,.F.);
#1976=ORIENTED_EDGE('',*,*,#1504,.T.);
#1977=ORIENTED_EDGE('',*,*,#1505,.F.);
#1978=ORIENTED_EDGE('',*,*,#1435,.T.);
#1979=ORIENTED_EDGE('',*,*,#1429,.T.);
#1980=ORIENTED_EDGE('',*,*,#1512,.F.);
#1981=ORIENTED_EDGE('',*,*,#1513,.F.);
#1982=ORIENTED_EDGE('',*,*,#1514,.T.);
#1983=ORIENTED_EDGE('',*,*,#1515,.F.);
#1984=ORIENTED_EDGE('',*,*,#1516,.T.);
#1985=ORIENTED_EDGE('',*,*,#1517,.T.);
#1986=ORIENTED_EDGE('',*,*,#1432,.T.);
#1987=ORIENTED_EDGE('',*,*,#1518,.T.);
#1988=ORIENTED_EDGE('',*,*,#1519,.F.);
#1989=ORIENTED_EDGE('',*,*,#1520,.T.);
#1990=ORIENTED_EDGE('',*,*,#1426,.T.);
#1991=ORIENTED_EDGE('',*,*,#1404,.T.);
#1992=ORIENTED_EDGE('',*,*,#1433,.T.);
#1993=ORIENTED_EDGE('',*,*,#1517,.F.);
#1994=ORIENTED_EDGE('',*,*,#1521,.F.);
#1995=ORIENTED_EDGE('',*,*,#1522,.F.);
#1996=ORIENTED_EDGE('',*,*,#1523,.T.);
#1997=ORIENTED_EDGE('',*,*,#1427,.T.);
#1998=ORIENTED_EDGE('',*,*,#1520,.F.);
#1999=ORIENTED_EDGE('',*,*,#1524,.F.);
#2000=ORIENTED_EDGE('',*,*,#1512,.T.);
#2001=ORIENTED_EDGE('',*,*,#1428,.T.);
#2002=ORIENTED_EDGE('',*,*,#1523,.F.);
#2003=ORIENTED_EDGE('',*,*,#1525,.F.);
#2004=ORIENTED_EDGE('',*,*,#1526,.T.);
#2005=ORIENTED_EDGE('',*,*,#1527,.T.);
#2006=ORIENTED_EDGE('',*,*,#1528,.T.);
#2007=ORIENTED_EDGE('',*,*,#1526,.F.);
#2008=ORIENTED_EDGE('',*,*,#1529,.T.);
#2009=ORIENTED_EDGE('',*,*,#1530,.F.);
#2010=ORIENTED_EDGE('',*,*,#1531,.F.);
#2011=ORIENTED_EDGE('',*,*,#1532,.F.);
#2012=ORIENTED_EDGE('',*,*,#1515,.T.);
#2013=ORIENTED_EDGE('',*,*,#1533,.T.);
#2014=ORIENTED_EDGE('',*,*,#1530,.T.);
#2015=ORIENTED_EDGE('',*,*,#1521,.T.);
#2016=ORIENTED_EDGE('',*,*,#1516,.F.);
#2017=ORIENTED_EDGE('',*,*,#1532,.T.);
#2018=ORIENTED_EDGE('',*,*,#1529,.F.);
#2019=ORIENTED_EDGE('',*,*,#1525,.T.);
#2020=ORIENTED_EDGE('',*,*,#1534,.F.);
#2021=ORIENTED_EDGE('',*,*,#1535,.F.);
#2022=ORIENTED_EDGE('',*,*,#1536,.F.);
#2023=ORIENTED_EDGE('',*,*,#1537,.F.);
#2024=ORIENTED_EDGE('',*,*,#1538,.F.);
#2025=ORIENTED_EDGE('',*,*,#1539,.F.);
#2026=ORIENTED_EDGE('',*,*,#1540,.F.);
#2027=ORIENTED_EDGE('',*,*,#1541,.F.);
#2028=ORIENTED_EDGE('',*,*,#1542,.F.);
#2029=ORIENTED_EDGE('',*,*,#1543,.F.);
#2030=ORIENTED_EDGE('',*,*,#1544,.F.);
#2031=ORIENTED_EDGE('',*,*,#1545,.F.);
#2032=ORIENTED_EDGE('',*,*,#1524,.T.);
#2033=ORIENTED_EDGE('',*,*,#1522,.T.);
#2034=ORIENTED_EDGE('',*,*,#1519,.T.);
#2035=ORIENTED_EDGE('',*,*,#1546,.T.);
#2036=ORIENTED_EDGE('',*,*,#1547,.T.);
#2037=ORIENTED_EDGE('',*,*,#1548,.T.);
#2038=ORIENTED_EDGE('',*,*,#1549,.T.);
#2039=ORIENTED_EDGE('',*,*,#1550,.T.);
#2040=ORIENTED_EDGE('',*,*,#1551,.T.);
#2041=ORIENTED_EDGE('',*,*,#1552,.T.);
#2042=ORIENTED_EDGE('',*,*,#1553,.T.);
#2043=ORIENTED_EDGE('',*,*,#1554,.T.);
#2044=ORIENTED_EDGE('',*,*,#1555,.T.);
#2045=ORIENTED_EDGE('',*,*,#1382,.F.);
#2046=ORIENTED_EDGE('',*,*,#1386,.T.);
#2047=ORIENTED_EDGE('',*,*,#1389,.F.);
#2048=ORIENTED_EDGE('',*,*,#1392,.F.);
#2049=ORIENTED_EDGE('',*,*,#1395,.F.);
#2050=ORIENTED_EDGE('',*,*,#1398,.T.);
#2051=ORIENTED_EDGE('',*,*,#1556,.T.);
#2052=ORIENTED_EDGE('',*,*,#1401,.F.);
#2053=ORIENTED_EDGE('',*,*,#1405,.T.);
#2054=ORIENTED_EDGE('',*,*,#1376,.F.);
#2055=ORIENTED_EDGE('',*,*,#1360,.T.);
#2056=ORIENTED_EDGE('',*,*,#1358,.F.);
#2057=ORIENTED_EDGE('',*,*,#1368,.T.);
#2058=ORIENTED_EDGE('',*,*,#1365,.F.);
#2059=ORIENTED_EDGE('',*,*,#1374,.T.);
#2060=ORIENTED_EDGE('',*,*,#1371,.F.);
#2061=ORIENTED_EDGE('',*,*,#1379,.F.);
#2062=ORIENTED_EDGE('',*,*,#1485,.T.);
#2063=ORIENTED_EDGE('',*,*,#1481,.T.);
#2064=ORIENTED_EDGE('',*,*,#1477,.T.);
#2065=ORIENTED_EDGE('',*,*,#1473,.T.);
#2066=ORIENTED_EDGE('',*,*,#1469,.T.);
#2067=ORIENTED_EDGE('',*,*,#1465,.T.);
#2068=ORIENTED_EDGE('',*,*,#1461,.T.);
#2069=ORIENTED_EDGE('',*,*,#1457,.T.);
#2070=ORIENTED_EDGE('',*,*,#1453,.T.);
#2071=ORIENTED_EDGE('',*,*,#1449,.T.);
#2072=ORIENTED_EDGE('',*,*,#1445,.T.);
#2073=ORIENTED_EDGE('',*,*,#1402,.F.);
#2074=ORIENTED_EDGE('',*,*,#1556,.F.);
#2075=ORIENTED_EDGE('',*,*,#1397,.F.);
#2076=ORIENTED_EDGE('',*,*,#1434,.F.);
#2077=ORIENTED_EDGE('',*,*,#1383,.F.);
#2078=ORIENTED_EDGE('',*,*,#1555,.F.);
#2079=ORIENTED_EDGE('',*,*,#1557,.F.);
#2080=ORIENTED_EDGE('',*,*,#1416,.F.);
#2081=ORIENTED_EDGE('',*,*,#1417,.F.);
#2082=ORIENTED_EDGE('',*,*,#1557,.T.);
#2083=ORIENTED_EDGE('',*,*,#1554,.F.);
#2084=ORIENTED_EDGE('',*,*,#1558,.F.);
#2085=ORIENTED_EDGE('',*,*,#1418,.F.);
#2086=ORIENTED_EDGE('',*,*,#1558,.T.);
#2087=ORIENTED_EDGE('',*,*,#1553,.F.);
#2088=ORIENTED_EDGE('',*,*,#1559,.F.);
#2089=ORIENTED_EDGE('',*,*,#1419,.F.);
#2090=ORIENTED_EDGE('',*,*,#1559,.T.);
#2091=ORIENTED_EDGE('',*,*,#1552,.F.);
#2092=ORIENTED_EDGE('',*,*,#1560,.F.);
#2093=ORIENTED_EDGE('',*,*,#1420,.F.);
#2094=ORIENTED_EDGE('',*,*,#1560,.T.);
#2095=ORIENTED_EDGE('',*,*,#1551,.F.);
#2096=ORIENTED_EDGE('',*,*,#1561,.F.);
#2097=ORIENTED_EDGE('',*,*,#1421,.F.);
#2098=ORIENTED_EDGE('',*,*,#1561,.T.);
#2099=ORIENTED_EDGE('',*,*,#1550,.F.);
#2100=ORIENTED_EDGE('',*,*,#1562,.F.);
#2101=ORIENTED_EDGE('',*,*,#1422,.F.);
#2102=ORIENTED_EDGE('',*,*,#1562,.T.);
#2103=ORIENTED_EDGE('',*,*,#1549,.F.);
#2104=ORIENTED_EDGE('',*,*,#1563,.F.);
#2105=ORIENTED_EDGE('',*,*,#1423,.F.);
#2106=ORIENTED_EDGE('',*,*,#1563,.T.);
#2107=ORIENTED_EDGE('',*,*,#1548,.F.);
#2108=ORIENTED_EDGE('',*,*,#1564,.F.);
#2109=ORIENTED_EDGE('',*,*,#1424,.F.);
#2110=ORIENTED_EDGE('',*,*,#1564,.T.);
#2111=ORIENTED_EDGE('',*,*,#1547,.F.);
#2112=ORIENTED_EDGE('',*,*,#1565,.F.);
#2113=ORIENTED_EDGE('',*,*,#1425,.F.);
#2114=ORIENTED_EDGE('',*,*,#1565,.T.);
#2115=ORIENTED_EDGE('',*,*,#1546,.F.);
#2116=ORIENTED_EDGE('',*,*,#1518,.F.);
#2117=ORIENTED_EDGE('',*,*,#1543,.T.);
#2118=ORIENTED_EDGE('',*,*,#1566,.F.);
#2119=ORIENTED_EDGE('',*,*,#1567,.T.);
#2120=ORIENTED_EDGE('',*,*,#1568,.T.);
#2121=ORIENTED_EDGE('',*,*,#1542,.T.);
#2122=ORIENTED_EDGE('',*,*,#1569,.F.);
#2123=ORIENTED_EDGE('',*,*,#1570,.T.);
#2124=ORIENTED_EDGE('',*,*,#1566,.T.);
#2125=ORIENTED_EDGE('',*,*,#1541,.T.);
#2126=ORIENTED_EDGE('',*,*,#1571,.F.);
#2127=ORIENTED_EDGE('',*,*,#1572,.T.);
#2128=ORIENTED_EDGE('',*,*,#1569,.T.);
#2129=ORIENTED_EDGE('',*,*,#1540,.T.);
#2130=ORIENTED_EDGE('',*,*,#1573,.F.);
#2131=ORIENTED_EDGE('',*,*,#1574,.T.);
#2132=ORIENTED_EDGE('',*,*,#1571,.T.);
#2133=ORIENTED_EDGE('',*,*,#1539,.T.);
#2134=ORIENTED_EDGE('',*,*,#1575,.F.);
#2135=ORIENTED_EDGE('',*,*,#1576,.T.);
#2136=ORIENTED_EDGE('',*,*,#1573,.T.);
#2137=ORIENTED_EDGE('',*,*,#1538,.T.);
#2138=ORIENTED_EDGE('',*,*,#1577,.F.);
#2139=ORIENTED_EDGE('',*,*,#1578,.T.);
#2140=ORIENTED_EDGE('',*,*,#1575,.T.);
#2141=ORIENTED_EDGE('',*,*,#1537,.T.);
#2142=ORIENTED_EDGE('',*,*,#1579,.F.);
#2143=ORIENTED_EDGE('',*,*,#1580,.T.);
#2144=ORIENTED_EDGE('',*,*,#1577,.T.);
#2145=ORIENTED_EDGE('',*,*,#1536,.T.);
#2146=ORIENTED_EDGE('',*,*,#1581,.F.);
#2147=ORIENTED_EDGE('',*,*,#1582,.T.);
#2148=ORIENTED_EDGE('',*,*,#1579,.T.);
#2149=ORIENTED_EDGE('',*,*,#1356,.T.);
#2150=ORIENTED_EDGE('',*,*,#1362,.T.);
#2151=ORIENTED_EDGE('',*,*,#1375,.T.);
#2152=ORIENTED_EDGE('',*,*,#1378,.T.);
#2153=ORIENTED_EDGE('',*,*,#1369,.T.);
#2154=ORIENTED_EDGE('',*,*,#1373,.T.);
#2155=ORIENTED_EDGE('',*,*,#1363,.T.);
#2156=ORIENTED_EDGE('',*,*,#1367,.T.);
#2157=ORIENTED_EDGE('',*,*,#1583,.F.);
#2158=ORIENTED_EDGE('',*,*,#1584,.F.);
#2159=ORIENTED_EDGE('',*,*,#1585,.F.);
#2160=ORIENTED_EDGE('',*,*,#1586,.F.);
#2161=ORIENTED_EDGE('',*,*,#1587,.F.);
#2162=ORIENTED_EDGE('',*,*,#1588,.F.);
#2163=ORIENTED_EDGE('',*,*,#1589,.F.);
#2164=ORIENTED_EDGE('',*,*,#1590,.F.);
#2165=ORIENTED_EDGE('',*,*,#1591,.F.);
#2166=ORIENTED_EDGE('',*,*,#1592,.F.);
#2167=ORIENTED_EDGE('',*,*,#1593,.F.);
#2168=ORIENTED_EDGE('',*,*,#1594,.F.);
#2169=ORIENTED_EDGE('',*,*,#1595,.F.);
#2170=ORIENTED_EDGE('',*,*,#1596,.F.);
#2171=ORIENTED_EDGE('',*,*,#1514,.F.);
#2172=ORIENTED_EDGE('',*,*,#1597,.F.);
#2173=ORIENTED_EDGE('',*,*,#1598,.F.);
#2174=ORIENTED_EDGE('',*,*,#1567,.F.);
#2175=ORIENTED_EDGE('',*,*,#1570,.F.);
#2176=ORIENTED_EDGE('',*,*,#1572,.F.);
#2177=ORIENTED_EDGE('',*,*,#1574,.F.);
#2178=ORIENTED_EDGE('',*,*,#1576,.F.);
#2179=ORIENTED_EDGE('',*,*,#1578,.F.);
#2180=ORIENTED_EDGE('',*,*,#1580,.F.);
#2181=ORIENTED_EDGE('',*,*,#1582,.F.);
#2182=ORIENTED_EDGE('',*,*,#1599,.F.);
#2183=ORIENTED_EDGE('',*,*,#1600,.T.);
#2184=ORIENTED_EDGE('',*,*,#1527,.F.);
#2185=ORIENTED_EDGE('',*,*,#1531,.T.);
#2186=ORIENTED_EDGE('',*,*,#1533,.F.);
#2187=ORIENTED_EDGE('',*,*,#1601,.F.);
#2188=ORIENTED_EDGE('',*,*,#1602,.F.);
#2189=ORIENTED_EDGE('',*,*,#1603,.F.);
#2190=ORIENTED_EDGE('',*,*,#1604,.F.);
#2191=ORIENTED_EDGE('',*,*,#1605,.F.);
#2192=ORIENTED_EDGE('',*,*,#1606,.F.);
#2193=ORIENTED_EDGE('',*,*,#1607,.F.);
#2194=ORIENTED_EDGE('',*,*,#1608,.F.);
#2195=ORIENTED_EDGE('',*,*,#1609,.T.);
#2196=ORIENTED_EDGE('',*,*,#1610,.T.);
#2197=ORIENTED_EDGE('',*,*,#1611,.T.);
#2198=ORIENTED_EDGE('',*,*,#1612,.T.);
#2199=ORIENTED_EDGE('',*,*,#1609,.F.);
#2200=ORIENTED_EDGE('',*,*,#1613,.T.);
#2201=ORIENTED_EDGE('',*,*,#1614,.T.);
#2202=ORIENTED_EDGE('',*,*,#1615,.T.);
#2203=ORIENTED_EDGE('',*,*,#1616,.T.);
#2204=ORIENTED_EDGE('',*,*,#1617,.T.);
#2205=ORIENTED_EDGE('',*,*,#1614,.F.);
#2206=ORIENTED_EDGE('',*,*,#1618,.T.);
#2207=ORIENTED_EDGE('',*,*,#1616,.F.);
#2208=ORIENTED_EDGE('',*,*,#1619,.T.);
#2209=ORIENTED_EDGE('',*,*,#1620,.T.);
#2210=ORIENTED_EDGE('',*,*,#1621,.T.);
#2211=ORIENTED_EDGE('',*,*,#1622,.T.);
#2212=ORIENTED_EDGE('',*,*,#1623,.T.);
#2213=ORIENTED_EDGE('',*,*,#1620,.F.);
#2214=ORIENTED_EDGE('',*,*,#1624,.T.);
#2215=ORIENTED_EDGE('',*,*,#1622,.F.);
#2216=ORIENTED_EDGE('',*,*,#1625,.T.);
#2217=ORIENTED_EDGE('',*,*,#1626,.T.);
#2218=ORIENTED_EDGE('',*,*,#1627,.T.);
#2219=ORIENTED_EDGE('',*,*,#1628,.T.);
#2220=ORIENTED_EDGE('',*,*,#1629,.T.);
#2221=ORIENTED_EDGE('',*,*,#1626,.F.);
#2222=ORIENTED_EDGE('',*,*,#1630,.T.);
#2223=ORIENTED_EDGE('',*,*,#1628,.F.);
#2224=ORIENTED_EDGE('',*,*,#1631,.T.);
#2225=ORIENTED_EDGE('',*,*,#1611,.F.);
#2226=ORIENTED_EDGE('',*,*,#1632,.T.);
#2227=ORIENTED_EDGE('',*,*,#1619,.F.);
#2228=ORIENTED_EDGE('',*,*,#1633,.T.);
#2229=ORIENTED_EDGE('',*,*,#1634,.F.);
#2230=ORIENTED_EDGE('',*,*,#1635,.T.);
#2231=ORIENTED_EDGE('',*,*,#1618,.F.);
#2232=ORIENTED_EDGE('',*,*,#1636,.F.);
#2233=ORIENTED_EDGE('',*,*,#1637,.F.);
#2234=ORIENTED_EDGE('',*,*,#1633,.F.);
#2235=ORIENTED_EDGE('',*,*,#1613,.F.);
#2236=ORIENTED_EDGE('',*,*,#1638,.T.);
#2237=ORIENTED_EDGE('',*,*,#1639,.F.);
#2238=ORIENTED_EDGE('',*,*,#1636,.T.);
#2239=ORIENTED_EDGE('',*,*,#1612,.F.);
#2240=ORIENTED_EDGE('',*,*,#1640,.F.);
#2241=ORIENTED_EDGE('',*,*,#1641,.F.);
#2242=ORIENTED_EDGE('',*,*,#1638,.F.);
#2243=ORIENTED_EDGE('',*,*,#1438,.T.);
#2244=ORIENTED_EDGE('',*,*,#1508,.F.);
#2245=ORIENTED_EDGE('',*,*,#1642,.F.);
#2246=ORIENTED_EDGE('',*,*,#1643,.F.);
#2247=ORIENTED_EDGE('',*,*,#1644,.F.);
#2248=ORIENTED_EDGE('',*,*,#1645,.F.);
#2249=ORIENTED_EDGE('',*,*,#1646,.F.);
#2250=ORIENTED_EDGE('',*,*,#1647,.F.);
#2251=ORIENTED_EDGE('',*,*,#1648,.F.);
#2252=ORIENTED_EDGE('',*,*,#1649,.F.);
#2253=ORIENTED_EDGE('',*,*,#1650,.F.);
#2254=ORIENTED_EDGE('',*,*,#1651,.F.);
#2255=ORIENTED_EDGE('',*,*,#1652,.F.);
#2256=ORIENTED_EDGE('',*,*,#1653,.F.);
#2257=ORIENTED_EDGE('',*,*,#1654,.F.);
#2258=ORIENTED_EDGE('',*,*,#1509,.F.);
#2259=ORIENTED_EDGE('',*,*,#1439,.T.);
#2260=ORIENTED_EDGE('',*,*,#1408,.F.);
#2261=ORIENTED_EDGE('',*,*,#1412,.T.);
#2262=ORIENTED_EDGE('',*,*,#1413,.F.);
#2263=ORIENTED_EDGE('',*,*,#1610,.F.);
#2264=ORIENTED_EDGE('',*,*,#1615,.F.);
#2265=ORIENTED_EDGE('',*,*,#1617,.F.);
#2266=ORIENTED_EDGE('',*,*,#1621,.F.);
#2267=ORIENTED_EDGE('',*,*,#1623,.F.);
#2268=ORIENTED_EDGE('',*,*,#1627,.F.);
#2269=ORIENTED_EDGE('',*,*,#1629,.F.);
#2270=ORIENTED_EDGE('',*,*,#1632,.F.);
#2271=ORIENTED_EDGE('',*,*,#1655,.T.);
#2272=ORIENTED_EDGE('',*,*,#1601,.T.);
#2273=ORIENTED_EDGE('',*,*,#1656,.T.);
#2274=ORIENTED_EDGE('',*,*,#1641,.T.);
#2275=ORIENTED_EDGE('',*,*,#1655,.F.);
#2276=ORIENTED_EDGE('',*,*,#1657,.T.);
#2277=ORIENTED_EDGE('',*,*,#1658,.T.);
#2278=ORIENTED_EDGE('',*,*,#1602,.T.);
#2279=ORIENTED_EDGE('',*,*,#1659,.T.);
#2280=ORIENTED_EDGE('',*,*,#1603,.T.);
#2281=ORIENTED_EDGE('',*,*,#1658,.F.);
#2282=ORIENTED_EDGE('',*,*,#1660,.T.);
#2283=ORIENTED_EDGE('',*,*,#1659,.F.);
#2284=ORIENTED_EDGE('',*,*,#1661,.T.);
#2285=ORIENTED_EDGE('',*,*,#1662,.T.);
#2286=ORIENTED_EDGE('',*,*,#1604,.T.);
#2287=ORIENTED_EDGE('',*,*,#1663,.T.);
#2288=ORIENTED_EDGE('',*,*,#1605,.T.);
#2289=ORIENTED_EDGE('',*,*,#1662,.F.);
#2290=ORIENTED_EDGE('',*,*,#1664,.T.);
#2291=ORIENTED_EDGE('',*,*,#1663,.F.);
#2292=ORIENTED_EDGE('',*,*,#1634,.T.);
#2293=ORIENTED_EDGE('',*,*,#1665,.T.);
#2294=ORIENTED_EDGE('',*,*,#1606,.T.);
#2295=ORIENTED_EDGE('',*,*,#1666,.T.);
#2296=ORIENTED_EDGE('',*,*,#1607,.T.);
#2297=ORIENTED_EDGE('',*,*,#1665,.F.);
#2298=ORIENTED_EDGE('',*,*,#1637,.T.);
#2299=ORIENTED_EDGE('',*,*,#1666,.F.);
#2300=ORIENTED_EDGE('',*,*,#1639,.T.);
#2301=ORIENTED_EDGE('',*,*,#1656,.F.);
#2302=ORIENTED_EDGE('',*,*,#1608,.T.);
#2303=ORIENTED_EDGE('',*,*,#1625,.F.);
#2304=ORIENTED_EDGE('',*,*,#1667,.T.);
#2305=ORIENTED_EDGE('',*,*,#1661,.F.);
#2306=ORIENTED_EDGE('',*,*,#1668,.T.);
#2307=ORIENTED_EDGE('',*,*,#1630,.F.);
#2308=ORIENTED_EDGE('',*,*,#1668,.F.);
#2309=ORIENTED_EDGE('',*,*,#1660,.F.);
#2310=ORIENTED_EDGE('',*,*,#1669,.F.);
#2311=ORIENTED_EDGE('',*,*,#1631,.F.);
#2312=ORIENTED_EDGE('',*,*,#1669,.T.);
#2313=ORIENTED_EDGE('',*,*,#1657,.F.);
#2314=ORIENTED_EDGE('',*,*,#1640,.T.);
#2315=ORIENTED_EDGE('',*,*,#1624,.F.);
#2316=ORIENTED_EDGE('',*,*,#1635,.F.);
#2317=ORIENTED_EDGE('',*,*,#1664,.F.);
#2318=ORIENTED_EDGE('',*,*,#1667,.F.);
#2319=ORIENTED_EDGE('',*,*,#1670,.T.);
#2320=ORIENTED_EDGE('',*,*,#1651,.T.);
#2321=ORIENTED_EDGE('',*,*,#1671,.T.);
#2322=ORIENTED_EDGE('',*,*,#1672,.T.);
#2323=ORIENTED_EDGE('',*,*,#1670,.F.);
#2324=ORIENTED_EDGE('',*,*,#1673,.T.);
#2325=ORIENTED_EDGE('',*,*,#1674,.T.);
#2326=ORIENTED_EDGE('',*,*,#1652,.T.);
#2327=ORIENTED_EDGE('',*,*,#1675,.T.);
#2328=ORIENTED_EDGE('',*,*,#1653,.T.);
#2329=ORIENTED_EDGE('',*,*,#1674,.F.);
#2330=ORIENTED_EDGE('',*,*,#1676,.T.);
#2331=ORIENTED_EDGE('',*,*,#1675,.F.);
#2332=ORIENTED_EDGE('',*,*,#1677,.T.);
#2333=ORIENTED_EDGE('',*,*,#1510,.T.);
#2334=ORIENTED_EDGE('',*,*,#1654,.T.);
#2335=ORIENTED_EDGE('',*,*,#1678,.T.);
#2336=ORIENTED_EDGE('',*,*,#1642,.T.);
#2337=ORIENTED_EDGE('',*,*,#1507,.F.);
#2338=ORIENTED_EDGE('',*,*,#1679,.T.);
#2339=ORIENTED_EDGE('',*,*,#1680,.T.);
#2340=ORIENTED_EDGE('',*,*,#1643,.T.);
#2341=ORIENTED_EDGE('',*,*,#1678,.F.);
#2342=ORIENTED_EDGE('',*,*,#1681,.T.);
#2343=ORIENTED_EDGE('',*,*,#1682,.T.);
#2344=ORIENTED_EDGE('',*,*,#1644,.T.);
#2345=ORIENTED_EDGE('',*,*,#1680,.F.);
#2346=ORIENTED_EDGE('',*,*,#1683,.T.);
#2347=ORIENTED_EDGE('',*,*,#1684,.T.);
#2348=ORIENTED_EDGE('',*,*,#1645,.T.);
#2349=ORIENTED_EDGE('',*,*,#1682,.F.);
#2350=ORIENTED_EDGE('',*,*,#1685,.T.);
#2351=ORIENTED_EDGE('',*,*,#1684,.F.);
#2352=ORIENTED_EDGE('',*,*,#1686,.T.);
#2353=ORIENTED_EDGE('',*,*,#1687,.T.);
#2354=ORIENTED_EDGE('',*,*,#1646,.T.);
#2355=ORIENTED_EDGE('',*,*,#1688,.T.);
#2356=ORIENTED_EDGE('',*,*,#1647,.T.);
#2357=ORIENTED_EDGE('',*,*,#1687,.F.);
#2358=ORIENTED_EDGE('',*,*,#1689,.T.);
#2359=ORIENTED_EDGE('',*,*,#1688,.F.);
#2360=ORIENTED_EDGE('',*,*,#1690,.T.);
#2361=ORIENTED_EDGE('',*,*,#1691,.T.);
#2362=ORIENTED_EDGE('',*,*,#1648,.T.);
#2363=ORIENTED_EDGE('',*,*,#1692,.T.);
#2364=ORIENTED_EDGE('',*,*,#1649,.T.);
#2365=ORIENTED_EDGE('',*,*,#1691,.F.);
#2366=ORIENTED_EDGE('',*,*,#1693,.T.);
#2367=ORIENTED_EDGE('',*,*,#1671,.F.);
#2368=ORIENTED_EDGE('',*,*,#1650,.T.);
#2369=ORIENTED_EDGE('',*,*,#1692,.F.);
#2370=ORIENTED_EDGE('',*,*,#1694,.T.);
#2371=ORIENTED_EDGE('',*,*,#1681,.F.);
#2372=ORIENTED_EDGE('',*,*,#1695,.F.);
#2373=ORIENTED_EDGE('',*,*,#1696,.F.);
#2374=ORIENTED_EDGE('',*,*,#1697,.T.);
#2375=ORIENTED_EDGE('',*,*,#1679,.F.);
#2376=ORIENTED_EDGE('',*,*,#1698,.F.);
#2377=ORIENTED_EDGE('',*,*,#1699,.F.);
#2378=ORIENTED_EDGE('',*,*,#1695,.T.);
#2379=ORIENTED_EDGE('',*,*,#1500,.F.);
#2380=ORIENTED_EDGE('',*,*,#1511,.F.);
#2381=ORIENTED_EDGE('',*,*,#1700,.F.);
#2382=ORIENTED_EDGE('',*,*,#1701,.F.);
#2383=ORIENTED_EDGE('',*,*,#1698,.T.);
#2384=ORIENTED_EDGE('',*,*,#1506,.F.);
#2385=ORIENTED_EDGE('',*,*,#1489,.F.);
#2386=ORIENTED_EDGE('',*,*,#1492,.F.);
#2387=ORIENTED_EDGE('',*,*,#1494,.F.);
#2388=ORIENTED_EDGE('',*,*,#1498,.F.);
#2389=ORIENTED_EDGE('',*,*,#1677,.F.);
#2390=ORIENTED_EDGE('',*,*,#1702,.T.);
#2391=ORIENTED_EDGE('',*,*,#1703,.F.);
#2392=ORIENTED_EDGE('',*,*,#1700,.T.);
#2393=ORIENTED_EDGE('',*,*,#1676,.F.);
#2394=ORIENTED_EDGE('',*,*,#1704,.F.);
#2395=ORIENTED_EDGE('',*,*,#1705,.F.);
#2396=ORIENTED_EDGE('',*,*,#1702,.F.);
#2397=ORIENTED_EDGE('',*,*,#1673,.F.);
#2398=ORIENTED_EDGE('',*,*,#1706,.T.);
#2399=ORIENTED_EDGE('',*,*,#1707,.F.);
#2400=ORIENTED_EDGE('',*,*,#1704,.T.);
#2401=ORIENTED_EDGE('',*,*,#1672,.F.);
#2402=ORIENTED_EDGE('',*,*,#1708,.F.);
#2403=ORIENTED_EDGE('',*,*,#1709,.F.);
#2404=ORIENTED_EDGE('',*,*,#1706,.F.);
#2405=ORIENTED_EDGE('',*,*,#1710,.T.);
#2406=ORIENTED_EDGE('',*,*,#1709,.T.);
#2407=ORIENTED_EDGE('',*,*,#1711,.T.);
#2408=ORIENTED_EDGE('',*,*,#1592,.T.);
#2409=ORIENTED_EDGE('',*,*,#1712,.T.);
#2410=ORIENTED_EDGE('',*,*,#1707,.T.);
#2411=ORIENTED_EDGE('',*,*,#1710,.F.);
#2412=ORIENTED_EDGE('',*,*,#1591,.T.);
#2413=ORIENTED_EDGE('',*,*,#1712,.F.);
#2414=ORIENTED_EDGE('',*,*,#1590,.T.);
#2415=ORIENTED_EDGE('',*,*,#1713,.T.);
#2416=ORIENTED_EDGE('',*,*,#1705,.T.);
#2417=ORIENTED_EDGE('',*,*,#1714,.T.);
#2418=ORIENTED_EDGE('',*,*,#1703,.T.);
#2419=ORIENTED_EDGE('',*,*,#1713,.F.);
#2420=ORIENTED_EDGE('',*,*,#1589,.T.);
#2421=ORIENTED_EDGE('',*,*,#1715,.T.);
#2422=ORIENTED_EDGE('',*,*,#1701,.T.);
#2423=ORIENTED_EDGE('',*,*,#1714,.F.);
#2424=ORIENTED_EDGE('',*,*,#1588,.T.);
#2425=ORIENTED_EDGE('',*,*,#1716,.T.);
#2426=ORIENTED_EDGE('',*,*,#1699,.T.);
#2427=ORIENTED_EDGE('',*,*,#1715,.F.);
#2428=ORIENTED_EDGE('',*,*,#1587,.T.);
#2429=ORIENTED_EDGE('',*,*,#1717,.T.);
#2430=ORIENTED_EDGE('',*,*,#1696,.T.);
#2431=ORIENTED_EDGE('',*,*,#1716,.F.);
#2432=ORIENTED_EDGE('',*,*,#1586,.T.);
#2433=ORIENTED_EDGE('',*,*,#1718,.T.);
#2434=ORIENTED_EDGE('',*,*,#1719,.T.);
#2435=ORIENTED_EDGE('',*,*,#1717,.F.);
#2436=ORIENTED_EDGE('',*,*,#1585,.T.);
#2437=ORIENTED_EDGE('',*,*,#1720,.T.);
#2438=ORIENTED_EDGE('',*,*,#1721,.T.);
#2439=ORIENTED_EDGE('',*,*,#1718,.F.);
#2440=ORIENTED_EDGE('',*,*,#1584,.T.);
#2441=ORIENTED_EDGE('',*,*,#1722,.T.);
#2442=ORIENTED_EDGE('',*,*,#1723,.T.);
#2443=ORIENTED_EDGE('',*,*,#1720,.F.);
#2444=ORIENTED_EDGE('',*,*,#1583,.T.);
#2445=ORIENTED_EDGE('',*,*,#1724,.T.);
#2446=ORIENTED_EDGE('',*,*,#1725,.T.);
#2447=ORIENTED_EDGE('',*,*,#1722,.F.);
#2448=ORIENTED_EDGE('',*,*,#1596,.T.);
#2449=ORIENTED_EDGE('',*,*,#1726,.T.);
#2450=ORIENTED_EDGE('',*,*,#1727,.T.);
#2451=ORIENTED_EDGE('',*,*,#1724,.F.);
#2452=ORIENTED_EDGE('',*,*,#1595,.T.);
#2453=ORIENTED_EDGE('',*,*,#1728,.T.);
#2454=ORIENTED_EDGE('',*,*,#1729,.T.);
#2455=ORIENTED_EDGE('',*,*,#1726,.F.);
#2456=ORIENTED_EDGE('',*,*,#1594,.T.);
#2457=ORIENTED_EDGE('',*,*,#1711,.F.);
#2458=ORIENTED_EDGE('',*,*,#1730,.T.);
#2459=ORIENTED_EDGE('',*,*,#1728,.F.);
#2460=ORIENTED_EDGE('',*,*,#1593,.T.);
#2461=ORIENTED_EDGE('',*,*,#1685,.F.);
#2462=ORIENTED_EDGE('',*,*,#1731,.F.);
#2463=ORIENTED_EDGE('',*,*,#1721,.F.);
#2464=ORIENTED_EDGE('',*,*,#1732,.F.);
#2465=ORIENTED_EDGE('',*,*,#1686,.F.);
#2466=ORIENTED_EDGE('',*,*,#1732,.T.);
#2467=ORIENTED_EDGE('',*,*,#1723,.F.);
#2468=ORIENTED_EDGE('',*,*,#1733,.T.);
#2469=ORIENTED_EDGE('',*,*,#1689,.F.);
#2470=ORIENTED_EDGE('',*,*,#1733,.F.);
#2471=ORIENTED_EDGE('',*,*,#1725,.F.);
#2472=ORIENTED_EDGE('',*,*,#1734,.F.);
#2473=ORIENTED_EDGE('',*,*,#1690,.F.);
#2474=ORIENTED_EDGE('',*,*,#1734,.T.);
#2475=ORIENTED_EDGE('',*,*,#1727,.F.);
#2476=ORIENTED_EDGE('',*,*,#1735,.T.);
#2477=ORIENTED_EDGE('',*,*,#1693,.F.);
#2478=ORIENTED_EDGE('',*,*,#1735,.F.);
#2479=ORIENTED_EDGE('',*,*,#1729,.F.);
#2480=ORIENTED_EDGE('',*,*,#1736,.T.);
#2481=ORIENTED_EDGE('',*,*,#1694,.F.);
#2482=ORIENTED_EDGE('',*,*,#1736,.F.);
#2483=ORIENTED_EDGE('',*,*,#1730,.F.);
#2484=ORIENTED_EDGE('',*,*,#1708,.T.);
#2485=ORIENTED_EDGE('',*,*,#1545,.T.);
#2486=ORIENTED_EDGE('',*,*,#1737,.F.);
#2487=ORIENTED_EDGE('',*,*,#1597,.T.);
#2488=ORIENTED_EDGE('',*,*,#1513,.T.);
#2489=ORIENTED_EDGE('',*,*,#1544,.T.);
#2490=ORIENTED_EDGE('',*,*,#1568,.F.);
#2491=ORIENTED_EDGE('',*,*,#1598,.T.);
#2492=ORIENTED_EDGE('',*,*,#1737,.T.);
#2493=ORIENTED_EDGE('',*,*,#1535,.T.);
#2494=ORIENTED_EDGE('',*,*,#1738,.F.);
#2495=ORIENTED_EDGE('',*,*,#1599,.T.);
#2496=ORIENTED_EDGE('',*,*,#1581,.T.);
#2497=ORIENTED_EDGE('',*,*,#1528,.F.);
#2498=ORIENTED_EDGE('',*,*,#1600,.F.);
#2499=ORIENTED_EDGE('',*,*,#1738,.T.);
#2500=ORIENTED_EDGE('',*,*,#1534,.T.);
#2501=ORIENTED_EDGE('',*,*,#1683,.F.);
#2502=ORIENTED_EDGE('',*,*,#1697,.F.);
#2503=ORIENTED_EDGE('',*,*,#1719,.F.);
#2504=ORIENTED_EDGE('',*,*,#1731,.T.);
#2505=CYLINDRICAL_SURFACE('',#2706,1.);
#2506=CYLINDRICAL_SURFACE('',#2710,1.);
#2507=CYLINDRICAL_SURFACE('',#2714,1.);
#2508=CYLINDRICAL_SURFACE('',#2718,1.);
#2509=CYLINDRICAL_SURFACE('',#2722,1.);
#2510=CYLINDRICAL_SURFACE('',#2726,1.);
#2511=CYLINDRICAL_SURFACE('',#2730,1.);
#2512=CYLINDRICAL_SURFACE('',#2734,1.);
#2513=CYLINDRICAL_SURFACE('',#2738,1.);
#2514=CYLINDRICAL_SURFACE('',#2742,1.);
#2515=CYLINDRICAL_SURFACE('',#2754,0.8115);
#2516=CYLINDRICAL_SURFACE('',#2758,0.8115);
#2517=CYLINDRICAL_SURFACE('',#2762,0.8115);
#2518=CYLINDRICAL_SURFACE('',#2766,0.8115);
#2519=CYLINDRICAL_SURFACE('',#2770,0.8115);
#2520=CYLINDRICAL_SURFACE('',#2774,0.8115);
#2521=CYLINDRICAL_SURFACE('',#2778,0.8115);
#2522=CYLINDRICAL_SURFACE('',#2782,0.8115);
#2523=CYLINDRICAL_SURFACE('',#2786,0.8115);
#2524=CYLINDRICAL_SURFACE('',#2790,0.8115);
#2525=CYLINDRICAL_SURFACE('',#2794,0.8115);
#2526=CYLINDRICAL_SURFACE('',#2805,1.);
#2527=CYLINDRICAL_SURFACE('',#2808,1.);
#2528=CYLINDRICAL_SURFACE('',#2817,2.);
#2529=CYLINDRICAL_SURFACE('',#2821,2.);
#2530=CYLINDRICAL_SURFACE('',#2836,2.00000000000003);
#2531=CYLINDRICAL_SURFACE('',#2838,2.00000000000003);
#2532=CYLINDRICAL_SURFACE('',#2841,2.00000000000003);
#2533=CYLINDRICAL_SURFACE('',#2843,2.00000000000003);
#2534=CYLINDRICAL_SURFACE('',#2845,5.49999999999997);
#2535=CYLINDRICAL_SURFACE('',#2848,5.50000000000002);
#2536=CYLINDRICAL_SURFACE('',#2853,5.50000000000001);
#2537=CYLINDRICAL_SURFACE('',#2887,5.);
#2538=CYLINDRICAL_SURFACE('',#2890,5.);
#2539=CYLINDRICAL_SURFACE('',#2911,5.);
#2540=CYLINDRICAL_SURFACE('',#2913,5.);
#2541=CYLINDRICAL_SURFACE('',#2936,8.4);
#2542=CYLINDRICAL_SURFACE('',#2939,5.);
#2543=CYLINDRICAL_SURFACE('',#2942,5.);
#2544=CYLINDRICAL_SURFACE('',#2964,5.);
#2545=CYLINDRICAL_SURFACE('',#2966,5.);
#2546=CYLINDRICAL_SURFACE('',#2968,8.40000000000003);
#2547=CYLINDRICAL_SURFACE('',#2969,5.50000000000001);
#2548=CYLINDRICAL_SURFACE('',#2971,5.50000000000002);
#2549=CYLINDRICAL_SURFACE('',#2973,8.39999999999996);
#2550=ADVANCED_FACE('',(#139),#2505,.F.);
#2551=ADVANCED_FACE('',(#140),#65,.T.);
#2552=ADVANCED_FACE('',(#141),#2506,.F.);
#2553=ADVANCED_FACE('',(#142),#66,.T.);
#2554=ADVANCED_FACE('',(#143),#2507,.F.);
#2555=ADVANCED_FACE('',(#144),#67,.T.);
#2556=ADVANCED_FACE('',(#145),#2508,.F.);
#2557=ADVANCED_FACE('',(#146),#68,.T.);
#2558=ADVANCED_FACE('',(#147),#2509,.F.);
#2559=ADVANCED_FACE('',(#148),#69,.T.);
#2560=ADVANCED_FACE('',(#149),#2510,.F.);
#2561=ADVANCED_FACE('',(#150),#70,.T.);
#2562=ADVANCED_FACE('',(#151),#2511,.F.);
#2563=ADVANCED_FACE('',(#152),#71,.T.);
#2564=ADVANCED_FACE('',(#153),#2512,.F.);
#2565=ADVANCED_FACE('',(#154),#72,.T.);
#2566=ADVANCED_FACE('',(#155),#2513,.F.);
#2567=ADVANCED_FACE('',(#156),#73,.F.);
#2568=ADVANCED_FACE('',(#157),#2514,.F.);
#2569=ADVANCED_FACE('',(#158),#74,.F.);
#2570=ADVANCED_FACE('',(#159),#75,.F.);
#2571=ADVANCED_FACE('',(#160),#76,.F.);
#2572=ADVANCED_FACE('',(#161),#30,.F.);
#2573=ADVANCED_FACE('',(#162),#2515,.F.);
#2574=ADVANCED_FACE('',(#163),#31,.F.);
#2575=ADVANCED_FACE('',(#164),#2516,.F.);
#2576=ADVANCED_FACE('',(#165),#32,.F.);
#2577=ADVANCED_FACE('',(#166),#2517,.F.);
#2578=ADVANCED_FACE('',(#167),#33,.F.);
#2579=ADVANCED_FACE('',(#168),#2518,.F.);
#2580=ADVANCED_FACE('',(#169),#34,.F.);
#2581=ADVANCED_FACE('',(#170),#2519,.F.);
#2582=ADVANCED_FACE('',(#171),#35,.F.);
#2583=ADVANCED_FACE('',(#172),#2520,.F.);
#2584=ADVANCED_FACE('',(#173),#36,.F.);
#2585=ADVANCED_FACE('',(#174),#2521,.F.);
#2586=ADVANCED_FACE('',(#175),#37,.F.);
#2587=ADVANCED_FACE('',(#176),#2522,.F.);
#2588=ADVANCED_FACE('',(#177),#38,.F.);
#2589=ADVANCED_FACE('',(#178),#2523,.F.);
#2590=ADVANCED_FACE('',(#179),#39,.F.);
#2591=ADVANCED_FACE('',(#180),#2524,.F.);
#2592=ADVANCED_FACE('',(#181),#40,.F.);
#2593=ADVANCED_FACE('',(#182),#2525,.F.);
#2594=ADVANCED_FACE('',(#183),#77,.T.);
#2595=ADVANCED_FACE('',(#184),#41,.F.);
#2596=ADVANCED_FACE('',(#185),#78,.T.);
#2597=ADVANCED_FACE('',(#186),#42,.F.);
#2598=ADVANCED_FACE('',(#187),#79,.T.);
#2599=ADVANCED_FACE('',(#188),#2526,.F.);
#2600=ADVANCED_FACE('',(#189),#80,.F.);
#2601=ADVANCED_FACE('',(#190),#2527,.F.);
#2602=ADVANCED_FACE('',(#191),#81,.T.);
#2603=ADVANCED_FACE('',(#192),#82,.T.);
#2604=ADVANCED_FACE('',(#193),#83,.T.);
#2605=ADVANCED_FACE('',(#194),#84,.F.);
#2606=ADVANCED_FACE('',(#195),#85,.F.);
#2607=ADVANCED_FACE('',(#196),#86,.F.);
#2608=ADVANCED_FACE('',(#197),#87,.F.);
#2609=ADVANCED_FACE('',(#198),#2528,.F.);
#2610=ADVANCED_FACE('',(#199),#88,.F.);
#2611=ADVANCED_FACE('',(#200),#2529,.F.);
#2612=ADVANCED_FACE('',(#201,#15,#16,#17,#18,#19,#20,#21,#22,#23,#24,#25,
#26),#89,.T.);
#2613=ADVANCED_FACE('',(#202),#90,.T.);
#2614=ADVANCED_FACE('',(#203),#91,.T.);
#2615=ADVANCED_FACE('',(#204),#2530,.T.);
#2616=ADVANCED_FACE('',(#205),#92,.T.);
#2617=ADVANCED_FACE('',(#206),#2531,.F.);
#2618=ADVANCED_FACE('',(#207),#93,.T.);
#2619=ADVANCED_FACE('',(#208),#94,.T.);
#2620=ADVANCED_FACE('',(#209),#2532,.F.);
#2621=ADVANCED_FACE('',(#210),#95,.T.);
#2622=ADVANCED_FACE('',(#211),#2533,.T.);
#2623=ADVANCED_FACE('',(#212),#96,.T.);
#2624=ADVANCED_FACE('',(#213),#2534,.F.);
#2625=ADVANCED_FACE('',(#214),#97,.T.);
#2626=ADVANCED_FACE('',(#215),#2535,.F.);
#2627=ADVANCED_FACE('',(#216),#98,.T.);
#2628=ADVANCED_FACE('',(#217),#99,.T.);
#2629=ADVANCED_FACE('',(#218),#100,.T.);
#2630=ADVANCED_FACE('',(#219),#2536,.F.);
#2631=ADVANCED_FACE('',(#220),#101,.T.);
#2632=ADVANCED_FACE('',(#221),#102,.F.);
#2633=ADVANCED_FACE('',(#222,#27,#28),#103,.F.);
#2634=ADVANCED_FACE('',(#223),#104,.T.);
#2635=ADVANCED_FACE('',(#224),#43,.F.);
#2636=ADVANCED_FACE('',(#225),#105,.T.);
#2637=ADVANCED_FACE('',(#226),#44,.F.);
#2638=ADVANCED_FACE('',(#227),#106,.T.);
#2639=ADVANCED_FACE('',(#228),#45,.F.);
#2640=ADVANCED_FACE('',(#229),#107,.T.);
#2641=ADVANCED_FACE('',(#230),#46,.F.);
#2642=ADVANCED_FACE('',(#231),#2537,.F.);
#2643=ADVANCED_FACE('',(#232),#108,.T.);
#2644=ADVANCED_FACE('',(#233),#2538,.F.);
#2645=ADVANCED_FACE('',(#234),#109,.T.);
#2646=ADVANCED_FACE('',(#235,#29),#110,.T.);
#2647=ADVANCED_FACE('',(#236),#111,.T.);
#2648=ADVANCED_FACE('',(#237),#47,.F.);
#2649=ADVANCED_FACE('',(#238),#112,.T.);
#2650=ADVANCED_FACE('',(#239),#48,.F.);
#2651=ADVANCED_FACE('',(#240),#113,.T.);
#2652=ADVANCED_FACE('',(#241),#49,.F.);
#2653=ADVANCED_FACE('',(#242),#114,.T.);
#2654=ADVANCED_FACE('',(#243),#50,.F.);
#2655=ADVANCED_FACE('',(#244),#2539,.F.);
#2656=ADVANCED_FACE('',(#245),#115,.T.);
#2657=ADVANCED_FACE('',(#246),#2540,.F.);
#2658=ADVANCED_FACE('',(#247),#116,.T.);
#2659=ADVANCED_FACE('',(#248),#117,.T.);
#2660=ADVANCED_FACE('',(#249),#51,.T.);
#2661=ADVANCED_FACE('',(#250),#118,.T.);
#2662=ADVANCED_FACE('',(#251),#52,.T.);
#2663=ADVANCED_FACE('',(#252),#53,.T.);
#2664=ADVANCED_FACE('',(#253),#119,.T.);
#2665=ADVANCED_FACE('',(#254),#54,.T.);
#2666=ADVANCED_FACE('',(#255),#120,.T.);
#2667=ADVANCED_FACE('',(#256),#55,.T.);
#2668=ADVANCED_FACE('',(#257),#121,.T.);
#2669=ADVANCED_FACE('',(#258),#56,.F.);
#2670=ADVANCED_FACE('',(#259),#122,.T.);
#2671=ADVANCED_FACE('',(#260),#57,.T.);
#2672=ADVANCED_FACE('',(#261),#123,.T.);
#2673=ADVANCED_FACE('',(#262),#2541,.T.);
#2674=ADVANCED_FACE('',(#263),#124,.T.);
#2675=ADVANCED_FACE('',(#264),#2542,.T.);
#2676=ADVANCED_FACE('',(#265),#125,.T.);
#2677=ADVANCED_FACE('',(#266),#2543,.T.);
#2678=ADVANCED_FACE('',(#267),#126,.T.);
#2679=ADVANCED_FACE('',(#268),#127,.T.);
#2680=ADVANCED_FACE('',(#269),#58,.T.);
#2681=ADVANCED_FACE('',(#270),#128,.T.);
#2682=ADVANCED_FACE('',(#271),#59,.T.);
#2683=ADVANCED_FACE('',(#272),#129,.T.);
#2684=ADVANCED_FACE('',(#273),#60,.T.);
#2685=ADVANCED_FACE('',(#274),#130,.T.);
#2686=ADVANCED_FACE('',(#275),#61,.T.);
#2687=ADVANCED_FACE('',(#276),#131,.T.);
#2688=ADVANCED_FACE('',(#277),#62,.T.);
#2689=ADVANCED_FACE('',(#278),#132,.T.);
#2690=ADVANCED_FACE('',(#279),#63,.F.);
#2691=ADVANCED_FACE('',(#280),#133,.T.);
#2692=ADVANCED_FACE('',(#281),#64,.T.);
#2693=ADVANCED_FACE('',(#282),#134,.T.);
#2694=ADVANCED_FACE('',(#283),#2544,.T.);
#2695=ADVANCED_FACE('',(#284),#135,.T.);
#2696=ADVANCED_FACE('',(#285),#2545,.F.);
#2697=ADVANCED_FACE('',(#286),#136,.T.);
#2698=ADVANCED_FACE('',(#287),#2546,.T.);
#2699=ADVANCED_FACE('',(#288),#2547,.F.);
#2700=ADVANCED_FACE('',(#289),#137,.T.);
#2701=ADVANCED_FACE('',(#290),#2548,.F.);
#2702=ADVANCED_FACE('',(#291),#138,.T.);
#2703=ADVANCED_FACE('',(#292),#2549,.T.);
#2704=CLOSED_SHELL('',(#2550,#2551,#2552,#2553,#2554,#2555,#2556,#2557,
#2558,#2559,#2560,#2561,#2562,#2563,#2564,#2565,#2566,#2567,#2568,#2569,
#2570,#2571,#2572,#2573,#2574,#2575,#2576,#2577,#2578,#2579,#2580,#2581,
#2582,#2583,#2584,#2585,#2586,#2587,#2588,#2589,#2590,#2591,#2592,#2593,
#2594,#2595,#2596,#2597,#2598,#2599,#2600,#2601,#2602,#2603,#2604,#2605,
#2606,#2607,#2608,#2609,#2610,#2611,#2612,#2613,#2614,#2615,#2616,#2617,
#2618,#2619,#2620,#2621,#2622,#2623,#2624,#2625,#2626,#2627,#2628,#2629,
#2630,#2631,#2632,#2633,#2634,#2635,#2636,#2637,#2638,#2639,#2640,#2641,
#2642,#2643,#2644,#2645,#2646,#2647,#2648,#2649,#2650,#2651,#2652,#2653,
#2654,#2655,#2656,#2657,#2658,#2659,#2660,#2661,#2662,#2663,#2664,#2665,
#2666,#2667,#2668,#2669,#2670,#2671,#2672,#2673,#2674,#2675,#2676,#2677,
#2678,#2679,#2680,#2681,#2682,#2683,#2684,#2685,#2686,#2687,#2688,#2689,
#2690,#2691,#2692,#2693,#2694,#2695,#2696,#2697,#2698,#2699,#2700,#2701,
#2702,#2703));
#2705=AXIS2_PLACEMENT_3D('',#3781,#2974,#2975);
#2706=AXIS2_PLACEMENT_3D('',#3782,#2976,#2977);
#2707=AXIS2_PLACEMENT_3D('',#3785,#2978,#2979);
#2708=AXIS2_PLACEMENT_3D('',#3789,#2981,#2982);
#2709=AXIS2_PLACEMENT_3D('',#3791,#2984,#2985);
#2710=AXIS2_PLACEMENT_3D('',#3797,#2989,#2990);
#2711=AXIS2_PLACEMENT_3D('',#3800,#2991,#2992);
#2712=AXIS2_PLACEMENT_3D('',#3804,#2994,#2995);
#2713=AXIS2_PLACEMENT_3D('',#3806,#2997,#2998);
#2714=AXIS2_PLACEMENT_3D('',#3809,#3001,#3002);
#2715=AXIS2_PLACEMENT_3D('',#3812,#3003,#3004);
#2716=AXIS2_PLACEMENT_3D('',#3816,#3006,#3007);
#2717=AXIS2_PLACEMENT_3D('',#3818,#3009,#3010);
#2718=AXIS2_PLACEMENT_3D('',#3821,#3013,#3014);
#2719=AXIS2_PLACEMENT_3D('',#3823,#3015,#3016);
#2720=AXIS2_PLACEMENT_3D('',#3825,#3017,#3018);
#2721=AXIS2_PLACEMENT_3D('',#3827,#3020,#3021);
#2722=AXIS2_PLACEMENT_3D('',#3830,#3024,#3025);
#2723=AXIS2_PLACEMENT_3D('',#3833,#3026,#3027);
#2724=AXIS2_PLACEMENT_3D('',#3837,#3029,#3030);
#2725=AXIS2_PLACEMENT_3D('',#3839,#3032,#3033);
#2726=AXIS2_PLACEMENT_3D('',#3845,#3037,#3038);
#2727=AXIS2_PLACEMENT_3D('',#3847,#3039,#3040);
#2728=AXIS2_PLACEMENT_3D('',#3850,#3042,#3043);
#2729=AXIS2_PLACEMENT_3D('',#3851,#3044,#3045);
#2730=AXIS2_PLACEMENT_3D('',#3857,#3049,#3050);
#2731=AXIS2_PLACEMENT_3D('',#3859,#3051,#3052);
#2732=AXIS2_PLACEMENT_3D('',#3862,#3054,#3055);
#2733=AXIS2_PLACEMENT_3D('',#3863,#3056,#3057);
#2734=AXIS2_PLACEMENT_3D('',#3869,#3061,#3062);
#2735=AXIS2_PLACEMENT_3D('',#3872,#3063,#3064);
#2736=AXIS2_PLACEMENT_3D('',#3876,#3066,#3067);
#2737=AXIS2_PLACEMENT_3D('',#3878,#3069,#3070);
#2738=AXIS2_PLACEMENT_3D('',#3884,#3074,#3075);
#2739=AXIS2_PLACEMENT_3D('',#3887,#3076,#3077);
#2740=AXIS2_PLACEMENT_3D('',#3891,#3079,#3080);
#2741=AXIS2_PLACEMENT_3D('',#3893,#3082,#3083);
#2742=AXIS2_PLACEMENT_3D('',#3899,#3087,#3088);
#2743=AXIS2_PLACEMENT_3D('',#3901,#3089,#3090);
#2744=AXIS2_PLACEMENT_3D('',#3903,#3091,#3092);
#2745=AXIS2_PLACEMENT_3D('',#3905,#3094,#3095);
#2746=AXIS2_PLACEMENT_3D('',#3909,#3097,#3098);
#2747=AXIS2_PLACEMENT_3D('',#3913,#3100,#3101);
#2748=AXIS2_PLACEMENT_3D('',#3919,#3104,#3105);
#2749=AXIS2_PLACEMENT_3D('',#3923,#3107,#3108);
#2750=AXIS2_PLACEMENT_3D('',#3941,#3119,#3120);
#2751=AXIS2_PLACEMENT_3D('',#3949,#3125,#3126);
#2752=AXIS2_PLACEMENT_3D('',#3957,#3131,#3132);
#2753=AXIS2_PLACEMENT_3D('',#3959,#3133,#3134);
#2754=AXIS2_PLACEMENT_3D('',#3962,#3136,#3137);
#2755=AXIS2_PLACEMENT_3D('',#3964,#3138,#3139);
#2756=AXIS2_PLACEMENT_3D('',#3966,#3141,#3142);
#2757=AXIS2_PLACEMENT_3D('',#3968,#3143,#3144);
#2758=AXIS2_PLACEMENT_3D('',#3971,#3146,#3147);
#2759=AXIS2_PLACEMENT_3D('',#3973,#3148,#3149);
#2760=AXIS2_PLACEMENT_3D('',#3975,#3151,#3152);
#2761=AXIS2_PLACEMENT_3D('',#3977,#3153,#3154);
#2762=AXIS2_PLACEMENT_3D('',#3980,#3156,#3157);
#2763=AXIS2_PLACEMENT_3D('',#3982,#3158,#3159);
#2764=AXIS2_PLACEMENT_3D('',#3984,#3161,#3162);
#2765=AXIS2_PLACEMENT_3D('',#3986,#3163,#3164);
#2766=AXIS2_PLACEMENT_3D('',#3989,#3166,#3167);
#2767=AXIS2_PLACEMENT_3D('',#3991,#3168,#3169);
#2768=AXIS2_PLACEMENT_3D('',#3993,#3171,#3172);
#2769=AXIS2_PLACEMENT_3D('',#3995,#3173,#3174);
#2770=AXIS2_PLACEMENT_3D('',#3998,#3176,#3177);
#2771=AXIS2_PLACEMENT_3D('',#4000,#3178,#3179);
#2772=AXIS2_PLACEMENT_3D('',#4002,#3181,#3182);
#2773=AXIS2_PLACEMENT_3D('',#4004,#3183,#3184);
#2774=AXIS2_PLACEMENT_3D('',#4007,#3186,#3187);
#2775=AXIS2_PLACEMENT_3D('',#4009,#3188,#3189);
#2776=AXIS2_PLACEMENT_3D('',#4011,#3191,#3192);
#2777=AXIS2_PLACEMENT_3D('',#4013,#3193,#3194);
#2778=AXIS2_PLACEMENT_3D('',#4016,#3196,#3197);
#2779=AXIS2_PLACEMENT_3D('',#4018,#3198,#3199);
#2780=AXIS2_PLACEMENT_3D('',#4020,#3201,#3202);
#2781=AXIS2_PLACEMENT_3D('',#4022,#3203,#3204);
#2782=AXIS2_PLACEMENT_3D('',#4025,#3206,#3207);
#2783=AXIS2_PLACEMENT_3D('',#4027,#3208,#3209);
#2784=AXIS2_PLACEMENT_3D('',#4029,#3211,#3212);
#2785=AXIS2_PLACEMENT_3D('',#4031,#3213,#3214);
#2786=AXIS2_PLACEMENT_3D('',#4034,#3216,#3217);
#2787=AXIS2_PLACEMENT_3D('',#4036,#3218,#3219);
#2788=AXIS2_PLACEMENT_3D('',#4038,#3221,#3222);
#2789=AXIS2_PLACEMENT_3D('',#4040,#3223,#3224);
#2790=AXIS2_PLACEMENT_3D('',#4043,#3226,#3227);
#2791=AXIS2_PLACEMENT_3D('',#4045,#3228,#3229);
#2792=AXIS2_PLACEMENT_3D('',#4047,#3231,#3232);
#2793=AXIS2_PLACEMENT_3D('',#4049,#3233,#3234);
#2794=AXIS2_PLACEMENT_3D('',#4052,#3236,#3237);
#2795=AXIS2_PLACEMENT_3D('',#4054,#3238,#3239);
#2796=AXIS2_PLACEMENT_3D('',#4056,#3241,#3242);
#2797=AXIS2_PLACEMENT_3D('',#4062,#3246,#3247);
#2798=AXIS2_PLACEMENT_3D('',#4064,#3248,#3249);
#2799=AXIS2_PLACEMENT_3D('',#4067,#3251,#3252);
#2800=AXIS2_PLACEMENT_3D('',#4068,#3253,#3254);
#2801=AXIS2_PLACEMENT_3D('',#4074,#3258,#3259);
#2802=AXIS2_PLACEMENT_3D('',#4075,#3260,#3261);
#2803=AXIS2_PLACEMENT_3D('',#4078,#3263,#3264);
#2804=AXIS2_PLACEMENT_3D('',#4079,#3265,#3266);
#2805=AXIS2_PLACEMENT_3D('',#4083,#3269,#3270);
#2806=AXIS2_PLACEMENT_3D('',#4086,#3272,#3273);
#2807=AXIS2_PLACEMENT_3D('',#4087,#3274,#3275);
#2808=AXIS2_PLACEMENT_3D('',#4091,#3278,#3279);
#2809=AXIS2_PLACEMENT_3D('',#4092,#3280,#3281);
#2810=AXIS2_PLACEMENT_3D('',#4093,#3282,#3283);
#2811=AXIS2_PLACEMENT_3D('',#4099,#3287,#3288);
#2812=AXIS2_PLACEMENT_3D('',#4105,#3292,#3293);
#2813=AXIS2_PLACEMENT_3D('',#4117,#3300,#3301);
#2814=AXIS2_PLACEMENT_3D('',#4123,#3305,#3306);
#2815=AXIS2_PLACEMENT_3D('',#4125,#3308,#3309);
#2816=AXIS2_PLACEMENT_3D('',#4129,#3312,#3313);
#2817=AXIS2_PLACEMENT_3D('',#4131,#3315,#3316);
#2818=AXIS2_PLACEMENT_3D('',#4134,#3317,#3318);
#2819=AXIS2_PLACEMENT_3D('',#4138,#3320,#3321);
#2820=AXIS2_PLACEMENT_3D('',#4140,#3323,#3324);
#2821=AXIS2_PLACEMENT_3D('',#4146,#3328,#3329);
#2822=AXIS2_PLACEMENT_3D('',#4147,#3330,#3331);
#2823=AXIS2_PLACEMENT_3D('',#4148,#3332,#3333);
#2824=AXIS2_PLACEMENT_3D('',#4149,#3334,#3335);
#2825=AXIS2_PLACEMENT_3D('',#4153,#3337,#3338);
#2826=AXIS2_PLACEMENT_3D('',#4157,#3340,#3341);
#2827=AXIS2_PLACEMENT_3D('',#4165,#3345,#3346);
#2828=AXIS2_PLACEMENT_3D('',#4169,#3348,#3349);
#2829=AXIS2_PLACEMENT_3D('',#4172,#3351,#3352);
#2830=AXIS2_PLACEMENT_3D('',#4176,#3354,#3355);
#2831=AXIS2_PLACEMENT_3D('',#4180,#3357,#3358);
#2832=AXIS2_PLACEMENT_3D('',#4186,#3361,#3362);
#2833=AXIS2_PLACEMENT_3D('',#4190,#3364,#3365);
#2834=AXIS2_PLACEMENT_3D('',#4193,#3368,#3369);
#2835=AXIS2_PLACEMENT_3D('',#4194,#3370,#3371);
#2836=AXIS2_PLACEMENT_3D('',#4196,#3373,#3374);
#2837=AXIS2_PLACEMENT_3D('',#4198,#3376,#3377);
#2838=AXIS2_PLACEMENT_3D('',#4200,#3379,#3380);
#2839=AXIS2_PLACEMENT_3D('',#4202,#3382,#3383);
#2840=AXIS2_PLACEMENT_3D('',#4204,#3385,#3386);
#2841=AXIS2_PLACEMENT_3D('',#4206,#3388,#3389);
#2842=AXIS2_PLACEMENT_3D('',#4208,#3391,#3392);
#2843=AXIS2_PLACEMENT_3D('',#4210,#3394,#3395);
#2844=AXIS2_PLACEMENT_3D('',#4212,#3397,#3398);
#2845=AXIS2_PLACEMENT_3D('',#4213,#3399,#3400);
#2846=AXIS2_PLACEMENT_3D('',#4217,#3402,#3403);
#2847=AXIS2_PLACEMENT_3D('',#4219,#3405,#3406);
#2848=AXIS2_PLACEMENT_3D('',#4223,#3409,#3410);
#2849=AXIS2_PLACEMENT_3D('',#4226,#3412,#3413);
#2850=AXIS2_PLACEMENT_3D('',#4227,#3414,#3415);
#2851=AXIS2_PLACEMENT_3D('',#4231,#3418,#3419);
#2852=AXIS2_PLACEMENT_3D('',#4235,#3422,#3423);
#2853=AXIS2_PLACEMENT_3D('',#4239,#3426,#3427);
#2854=AXIS2_PLACEMENT_3D('',#4242,#3429,#3430);
#2855=AXIS2_PLACEMENT_3D('',#4243,#3431,#3432);
#2856=AXIS2_PLACEMENT_3D('',#4247,#3435,#3436);
#2857=AXIS2_PLACEMENT_3D('',#4248,#3437,#3438);
#2858=AXIS2_PLACEMENT_3D('',#4251,#3439,#3440);
#2859=AXIS2_PLACEMENT_3D('',#4255,#3442,#3443);
#2860=AXIS2_PLACEMENT_3D('',#4259,#3445,#3446);
#2861=AXIS2_PLACEMENT_3D('',#4263,#3448,#3449);
#2862=AXIS2_PLACEMENT_3D('',#4267,#3451,#3452);
#2863=AXIS2_PLACEMENT_3D('',#4271,#3454,#3455);
#2864=AXIS2_PLACEMENT_3D('',#4275,#3457,#3458);
#2865=AXIS2_PLACEMENT_3D('',#4278,#3460,#3461);
#2866=AXIS2_PLACEMENT_3D('',#4281,#3463,#3464);
#2867=AXIS2_PLACEMENT_3D('',#4287,#3467,#3468);
#2868=AXIS2_PLACEMENT_3D('',#4291,#3470,#3471);
#2869=AXIS2_PLACEMENT_3D('',#4295,#3473,#3474);
#2870=AXIS2_PLACEMENT_3D('',#4298,#3476,#3477);
#2871=AXIS2_PLACEMENT_3D('',#4299,#3478,#3479);
#2872=AXIS2_PLACEMENT_3D('',#4308,#3484,#3485);
#2873=AXIS2_PLACEMENT_3D('',#4310,#3486,#3487);
#2874=AXIS2_PLACEMENT_3D('',#4313,#3489,#3490);
#2875=AXIS2_PLACEMENT_3D('',#4314,#3491,#3492);
#2876=AXIS2_PLACEMENT_3D('',#4320,#3496,#3497);
#2877=AXIS2_PLACEMENT_3D('',#4322,#3498,#3499);
#2878=AXIS2_PLACEMENT_3D('',#4325,#3501,#3502);
#2879=AXIS2_PLACEMENT_3D('',#4326,#3503,#3504);
#2880=AXIS2_PLACEMENT_3D('',#4332,#3508,#3509);
#2881=AXIS2_PLACEMENT_3D('',#4334,#3510,#3511);
#2882=AXIS2_PLACEMENT_3D('',#4337,#3513,#3514);
#2883=AXIS2_PLACEMENT_3D('',#4338,#3515,#3516);
#2884=AXIS2_PLACEMENT_3D('',#4344,#3520,#3521);
#2885=AXIS2_PLACEMENT_3D('',#4345,#3522,#3523);
#2886=AXIS2_PLACEMENT_3D('',#4346,#3524,#3525);
#2887=AXIS2_PLACEMENT_3D('',#4347,#3526,#3527);
#2888=AXIS2_PLACEMENT_3D('',#4351,#3529,#3530);
#2889=AXIS2_PLACEMENT_3D('',#4353,#3532,#3533);
#2890=AXIS2_PLACEMENT_3D('',#4357,#3536,#3537);
#2891=AXIS2_PLACEMENT_3D('',#4360,#3539,#3540);
#2892=AXIS2_PLACEMENT_3D('',#4361,#3541,#3542);
#2893=AXIS2_PLACEMENT_3D('',#4365,#3545,#3546);
#2894=AXIS2_PLACEMENT_3D('',#4367,#3547,#3548);
#2895=AXIS2_PLACEMENT_3D('',#4371,#3550,#3551);
#2896=AXIS2_PLACEMENT_3D('',#4375,#3553,#3554);
#2897=AXIS2_PLACEMENT_3D('',#4379,#3556,#3557);
#2898=AXIS2_PLACEMENT_3D('',#4383,#3559,#3560);
#2899=AXIS2_PLACEMENT_3D('',#4387,#3562,#3563);
#2900=AXIS2_PLACEMENT_3D('',#4390,#3565,#3566);
#2901=AXIS2_PLACEMENT_3D('',#4391,#3567,#3568);
#2902=AXIS2_PLACEMENT_3D('',#4394,#3571,#3572);
#2903=AXIS2_PLACEMENT_3D('',#4396,#3573,#3574);
#2904=AXIS2_PLACEMENT_3D('',#4398,#3576,#3577);
#2905=AXIS2_PLACEMENT_3D('',#4402,#3580,#3581);
#2906=AXIS2_PLACEMENT_3D('',#4404,#3582,#3583);
#2907=AXIS2_PLACEMENT_3D('',#4406,#3585,#3586);
#2908=AXIS2_PLACEMENT_3D('',#4409,#3589,#3590);
#2909=AXIS2_PLACEMENT_3D('',#4411,#3592,#3593);
#2910=AXIS2_PLACEMENT_3D('',#4413,#3595,#3596);
#2911=AXIS2_PLACEMENT_3D('',#4414,#3597,#3598);
#2912=AXIS2_PLACEMENT_3D('',#4417,#3601,#3602);
#2913=AXIS2_PLACEMENT_3D('',#4419,#3604,#3605);
#2914=AXIS2_PLACEMENT_3D('',#4420,#3606,#3607);
#2915=AXIS2_PLACEMENT_3D('',#4421,#3608,#3609);
#2916=AXIS2_PLACEMENT_3D('',#4427,#3613,#3614);
#2917=AXIS2_PLACEMENT_3D('',#4429,#3615,#3616);
#2918=AXIS2_PLACEMENT_3D('',#4431,#3618,#3619);
#2919=AXIS2_PLACEMENT_3D('',#4435,#3622,#3623);
#2920=AXIS2_PLACEMENT_3D('',#4436,#3624,#3625);
#2921=AXIS2_PLACEMENT_3D('',#4437,#3626,#3627);
#2922=AXIS2_PLACEMENT_3D('',#4440,#3629,#3630);
#2923=AXIS2_PLACEMENT_3D('',#4441,#3631,#3632);
#2924=AXIS2_PLACEMENT_3D('',#4445,#3635,#3636);
#2925=AXIS2_PLACEMENT_3D('',#4448,#3638,#3639);
#2926=AXIS2_PLACEMENT_3D('',#4449,#3640,#3641);
#2927=AXIS2_PLACEMENT_3D('',#4453,#3644,#3645);
#2928=AXIS2_PLACEMENT_3D('',#4455,#3646,#3647);
#2929=AXIS2_PLACEMENT_3D('',#4457,#3649,#3650);
#2930=AXIS2_PLACEMENT_3D('',#4461,#3653,#3654);
#2931=AXIS2_PLACEMENT_3D('',#4463,#3655,#3656);
#2932=AXIS2_PLACEMENT_3D('',#4465,#3658,#3659);
#2933=AXIS2_PLACEMENT_3D('',#4469,#3662,#3663);
#2934=AXIS2_PLACEMENT_3D('',#4470,#3664,#3665);
#2935=AXIS2_PLACEMENT_3D('',#4471,#3666,#3667);
#2936=AXIS2_PLACEMENT_3D('',#4477,#3671,#3672);
#2937=AXIS2_PLACEMENT_3D('',#4480,#3674,#3675);
#2938=AXIS2_PLACEMENT_3D('',#4481,#3676,#3677);
#2939=AXIS2_PLACEMENT_3D('',#4485,#3680,#3681);
#2940=AXIS2_PLACEMENT_3D('',#4488,#3683,#3684);
#2941=AXIS2_PLACEMENT_3D('',#4489,#3685,#3686);
#2942=AXIS2_PLACEMENT_3D('',#4493,#3689,#3690);
#2943=AXIS2_PLACEMENT_3D('',#4496,#3692,#3693);
#2944=AXIS2_PLACEMENT_3D('',#4497,#3694,#3695);
#2945=AXIS2_PLACEMENT_3D('',#4501,#3698,#3699);
#2946=AXIS2_PLACEMENT_3D('',#4504,#3702,#3703);
#2947=AXIS2_PLACEMENT_3D('',#4506,#3705,#3706);
#2948=AXIS2_PLACEMENT_3D('',#4508,#3708,#3709);
#2949=AXIS2_PLACEMENT_3D('',#4510,#3711,#3712);
#2950=AXIS2_PLACEMENT_3D('',#4512,#3714,#3715);
#2951=AXIS2_PLACEMENT_3D('',#4514,#3717,#3718);
#2952=AXIS2_PLACEMENT_3D('',#4516,#3720,#3721);
#2953=AXIS2_PLACEMENT_3D('',#4519,#3723,#3724);
#2954=AXIS2_PLACEMENT_3D('',#4520,#3725,#3726);
#2955=AXIS2_PLACEMENT_3D('',#4524,#3729,#3730);
#2956=AXIS2_PLACEMENT_3D('',#4527,#3732,#3733);
#2957=AXIS2_PLACEMENT_3D('',#4528,#3734,#3735);
#2958=AXIS2_PLACEMENT_3D('',#4532,#3738,#3739);
#2959=AXIS2_PLACEMENT_3D('',#4535,#3741,#3742);
#2960=AXIS2_PLACEMENT_3D('',#4536,#3743,#3744);
#2961=AXIS2_PLACEMENT_3D('',#4540,#3747,#3748);
#2962=AXIS2_PLACEMENT_3D('',#4541,#3749,#3750);
#2963=AXIS2_PLACEMENT_3D('',#4542,#3751,#3752);
#2964=AXIS2_PLACEMENT_3D('',#4545,#3755,#3756);
#2965=AXIS2_PLACEMENT_3D('',#4547,#3758,#3759);
#2966=AXIS2_PLACEMENT_3D('',#4549,#3761,#3762);
#2967=AXIS2_PLACEMENT_3D('',#4551,#3764,#3765);
#2968=AXIS2_PLACEMENT_3D('',#4553,#3767,#3768);
#2969=AXIS2_PLACEMENT_3D('',#4554,#3769,#3770);
#2970=AXIS2_PLACEMENT_3D('',#4556,#3772,#3773);
#2971=AXIS2_PLACEMENT_3D('',#4557,#3774,#3775);
#2972=AXIS2_PLACEMENT_3D('',#4559,#3777,#3778);
#2973=AXIS2_PLACEMENT_3D('',#4560,#3779,#3780);
#2974=DIRECTION('axis',(0.,0.,1.));
#2975=DIRECTION('refdir',(1.,0.,0.));
#2976=DIRECTION('center_axis',(0.,0.,1.));
#2977=DIRECTION('ref_axis',(0.707106781186573,0.707106781186523,0.));
#2978=DIRECTION('center_axis',(-1.57772181044202E-30,1.18898902661267E-43,
1.));
#2979=DIRECTION('ref_axis',(0.707106781186573,0.707106781186523,0.));
#2980=DIRECTION('',(0.,0.,1.));
#2981=DIRECTION('center_axis',(-1.29086329945263E-30,9.4587646341931E-44,
1.));
#2982=DIRECTION('ref_axis',(0.707106781186573,0.707106781186523,0.));
#2983=DIRECTION('',(0.,0.,-1.));
#2984=DIRECTION('center_axis',(0.,-1.,0.));
#2985=DIRECTION('ref_axis',(1.,0.,0.));
#2986=DIRECTION('',(1.,0.,0.));
#2987=DIRECTION('',(0.,0.,1.));
#2988=DIRECTION('',(-1.,0.,-1.57772181044202E-30));
#2989=DIRECTION('center_axis',(0.,0.,-1.));
#2990=DIRECTION('ref_axis',(0.707106781186579,-0.707106781186516,0.));
#2991=DIRECTION('center_axis',(-1.57772181044202E-30,1.18898902661267E-43,
1.));
#2992=DIRECTION('ref_axis',(0.707106781186579,-0.707106781186516,0.));
#2993=DIRECTION('',(0.,0.,1.));
#2994=DIRECTION('center_axis',(-1.29086329945263E-30,9.4587646341931E-44,
1.));
#2995=DIRECTION('ref_axis',(0.707106781186579,-0.707106781186516,0.));
#2996=DIRECTION('',(0.,0.,-1.));
#2997=DIRECTION('center_axis',(-1.,0.,0.));
#2998=DIRECTION('ref_axis',(0.,-1.,0.));
#2999=DIRECTION('',(0.,1.,-1.18898902661267E-43));
#3000=DIRECTION('',(0.,-1.,0.));
#3001=DIRECTION('center_axis',(0.,0.,1.));
#3002=DIRECTION('ref_axis',(-0.707106781186579,-0.707106781186516,0.));
#3003=DIRECTION('center_axis',(-1.57772181044202E-30,1.18898902661267E-43,
1.));
#3004=DIRECTION('ref_axis',(-0.707106781186579,-0.707106781186516,0.));
#3005=DIRECTION('',(0.,0.,1.));
#3006=DIRECTION('center_axis',(-1.29086329945263E-30,9.4587646341931E-44,
1.));
#3007=DIRECTION('ref_axis',(-0.707106781186579,-0.707106781186516,0.));
#3008=DIRECTION('',(0.,0.,-1.));
#3009=DIRECTION('center_axis',(-4.67462326157961E-16,1.,0.));
#3010=DIRECTION('ref_axis',(-1.,-4.67462326157961E-16,0.));
#3011=DIRECTION('',(1.,4.67462326157961E-16,1.57772181044202E-30));
#3012=DIRECTION('',(-1.,-4.67462326157961E-16,0.));
#3013=DIRECTION('center_axis',(0.,0.,-1.));
#3014=DIRECTION('ref_axis',(-0.707106781186585,0.70710678118651,0.));
#3015=DIRECTION('center_axis',(-1.57772181044202E-30,1.18898902661267E-43,
1.));
#3016=DIRECTION('ref_axis',(-0.707106781186585,0.70710678118651,0.));
#3017=DIRECTION('center_axis',(-1.29086329945263E-30,9.4587646341931E-44,
1.));
#3018=DIRECTION('ref_axis',(-0.707106781186585,0.70710678118651,0.));
#3019=DIRECTION('',(0.,0.,-1.));
#3020=DIRECTION('center_axis',(1.,0.,0.));
#3021=DIRECTION('ref_axis',(0.,1.,0.));
#3022=DIRECTION('',(1.98201680150073E-15,-1.,1.22025973797657E-43));
#3023=DIRECTION('',(1.98201680150073E-15,-1.,0.));
#3024=DIRECTION('center_axis',(0.,0.,-1.));
#3025=DIRECTION('ref_axis',(0.707106781186554,-0.707106781186541,0.));
#3026=DIRECTION('center_axis',(-1.57772181044202E-30,1.18898902661267E-43,
1.));
#3027=DIRECTION('ref_axis',(0.707106781186554,-0.707106781186541,0.));
#3028=DIRECTION('',(0.,0.,1.));
#3029=DIRECTION('center_axis',(-1.29086329945263E-30,9.4587646341931E-44,
1.));
#3030=DIRECTION('ref_axis',(0.707106781186554,-0.707106781186541,0.));
#3031=DIRECTION('',(0.,0.,-1.));
#3032=DIRECTION('center_axis',(0.,1.,0.));
#3033=DIRECTION('ref_axis',(-1.,0.,0.));
#3034=DIRECTION('',(1.,0.,1.57772181044202E-30));
#3035=DIRECTION('',(0.,0.,-1.));
#3036=DIRECTION('',(-1.,0.,0.));
#3037=DIRECTION('center_axis',(0.,0.,1.));
#3038=DIRECTION('ref_axis',(-0.707106781186554,-0.707106781186541,0.));
#3039=DIRECTION('center_axis',(-1.57772181044202E-30,1.18898902661267E-43,
1.));
#3040=DIRECTION('ref_axis',(-0.707106781186554,-0.707106781186541,0.));
#3041=DIRECTION('',(0.,0.,1.));
#3042=DIRECTION('center_axis',(-1.29086329945263E-30,9.4587646341931E-44,
1.));
#3043=DIRECTION('ref_axis',(-0.707106781186554,-0.707106781186541,0.));
#3044=DIRECTION('center_axis',(1.,0.,0.));
#3045=DIRECTION('ref_axis',(0.,1.,0.));
#3046=DIRECTION('',(0.,-1.,1.18898902661267E-43));
#3047=DIRECTION('',(0.,0.,-1.));
#3048=DIRECTION('',(0.,-1.,0.));
#3049=DIRECTION('center_axis',(0.,0.,-1.));
#3050=DIRECTION('ref_axis',(-0.707106781186548,0.707106781186548,0.));
#3051=DIRECTION('center_axis',(-1.57772181044202E-30,1.18898902661267E-43,
1.));
#3052=DIRECTION('ref_axis',(-0.707106781186548,0.707106781186548,0.));
#3053=DIRECTION('',(0.,0.,1.));
#3054=DIRECTION('center_axis',(-1.29086329945263E-30,9.4587646341931E-44,
1.));
#3055=DIRECTION('ref_axis',(-0.707106781186548,0.707106781186548,0.));
#3056=DIRECTION('center_axis',(0.,-1.,0.));
#3057=DIRECTION('ref_axis',(1.,0.,0.));
#3058=DIRECTION('',(-1.,0.,-1.57772181044202E-30));
#3059=DIRECTION('',(0.,0.,1.));
#3060=DIRECTION('',(1.,0.,0.));
#3061=DIRECTION('center_axis',(0.,0.,1.));
#3062=DIRECTION('ref_axis',(-0.70710678118656,0.707106781186535,0.));
#3063=DIRECTION('center_axis',(-1.57772181044202E-30,1.18898902661267E-43,
1.));
#3064=DIRECTION('ref_axis',(-0.70710678118656,0.707106781186535,0.));
#3065=DIRECTION('',(0.,0.,1.));
#3066=DIRECTION('center_axis',(-1.29086329945263E-30,9.4587646341931E-44,
1.));
#3067=DIRECTION('ref_axis',(-0.70710678118656,0.707106781186535,0.));
#3068=DIRECTION('',(0.,0.,-1.));
#3069=DIRECTION('center_axis',(0.,-1.,0.));
#3070=DIRECTION('ref_axis',(1.,0.,0.));
#3071=DIRECTION('',(-1.,0.,-1.57772181044202E-30));
#3072=DIRECTION('',(0.,0.,-1.));
#3073=DIRECTION('',(1.,0.,0.));
#3074=DIRECTION('center_axis',(0.,0.,-1.));
#3075=DIRECTION('ref_axis',(-0.707106781186573,-0.707106781186523,0.));
#3076=DIRECTION('center_axis',(-1.57772181044202E-30,1.18898902661267E-43,
1.));
#3077=DIRECTION('ref_axis',(-0.707106781186573,-0.707106781186523,0.));
#3078=DIRECTION('',(0.,0.,-1.));
#3079=DIRECTION('center_axis',(1.28785870856518E-14,-9.82763362951646E-29,
-1.));
#3080=DIRECTION('ref_axis',(-0.707106781186573,-0.707106781186523,0.));
#3081=DIRECTION('',(0.,0.,1.));
#3082=DIRECTION('center_axis',(-7.105427357601E-14,-1.,0.));
#3083=DIRECTION('ref_axis',(0.,0.,-1.));
#3084=DIRECTION('',(-1.,7.105427357601E-14,-1.57772181044202E-30));
#3085=DIRECTION('',(0.,0.,1.));
#3086=DIRECTION('',(1.,-7.105427357601E-14,1.28785870856518E-14));
#3087=DIRECTION('center_axis',(0.,0.,1.));
#3088=DIRECTION('ref_axis',(0.707106781186522,-0.707106781186573,0.));
#3089=DIRECTION('center_axis',(1.28785870856518E-14,-9.82763362951646E-29,
-1.));
#3090=DIRECTION('ref_axis',(0.707106781186522,-0.707106781186573,0.));
#3091=DIRECTION('center_axis',(-1.57772181044202E-30,1.18898902661267E-43,
1.));
#3092=DIRECTION('ref_axis',(0.707106781186522,-0.707106781186573,0.));
#3093=DIRECTION('',(0.,0.,-1.));
#3094=DIRECTION('center_axis',(1.57772181044202E-30,-1.18898902661267E-43,
-1.));
#3095=DIRECTION('ref_axis',(1.,0.,1.57772181044202E-30));
#3096=DIRECTION('',(0.,1.,-1.18898902661267E-43));
#3097=DIRECTION('center_axis',(1.57772181044202E-30,-1.18898902661267E-43,
-1.));
#3098=DIRECTION('ref_axis',(0.,1.,0.));
#3099=DIRECTION('',(1.,0.,1.57772181044202E-30));
#3100=DIRECTION('center_axis',(-1.57772181044202E-30,1.18898902661267E-43,
1.));
#3101=DIRECTION('ref_axis',(0.,-1.,0.));
#3102=DIRECTION('',(0.,1.,-1.18898902661267E-43));
#3103=DIRECTION('',(1.,0.,1.57772181044202E-30));
#3104=DIRECTION('center_axis',(-1.57772181044202E-30,1.18898902661267E-43,
1.));
#3105=DIRECTION('ref_axis',(0.,-1.,0.));
#3106=DIRECTION('',(0.,1.,-1.18898902661267E-43));
#3107=DIRECTION('center_axis',(1.57772181044202E-30,-1.18898902661267E-43,
-1.));
#3108=DIRECTION('ref_axis',(0.,1.,0.));
#3109=DIRECTION('',(1.,0.,1.57772181044202E-30));
#3110=DIRECTION('',(0.,1.,-1.59538422876407E-74));
#3111=DIRECTION('',(-1.,7.28306014169151E-14,0.));
#3112=DIRECTION('',(-7.26577550671471E-14,-1.,0.));
#3113=DIRECTION('',(1.,-7.30080441434114E-14,-2.52043467127818E-34));
#3114=DIRECTION('',(-7.105427357601E-14,-1.,6.79502551528169E-45));
#3115=DIRECTION('',(7.105427357601E-14,1.,-6.79502551528169E-45));
#3116=DIRECTION('',(1.,-7.30080441434114E-14,-2.52043467127818E-34));
#3117=DIRECTION('',(0.,1.,-1.59538422876407E-74));
#3118=DIRECTION('',(1.86984930463185E-15,-1.,1.21849004691425E-43));
#3119=DIRECTION('center_axis',(1.,0.,0.));
#3120=DIRECTION('ref_axis',(0.,0.,-1.));
#3121=DIRECTION('',(0.,1.03365195109309E-27,-1.));
#3122=DIRECTION('',(0.,-1.,0.));
#3123=DIRECTION('',(0.,-1.03296626699493E-27,1.));
#3124=DIRECTION('',(7.105427357601E-14,1.,8.16802313761209E-28));
#3125=DIRECTION('center_axis',(-1.,0.,0.));
#3126=DIRECTION('ref_axis',(0.,0.,1.));
#3127=DIRECTION('',(0.,-1.,9.82763362951646E-29));
#3128=DIRECTION('',(0.,1.03296626699493E-27,-1.));
#3129=DIRECTION('',(0.,1.,0.));
#3130=DIRECTION('',(0.,-1.03365195109309E-27,1.));
#3131=DIRECTION('center_axis',(0.,0.,1.));
#3132=DIRECTION('ref_axis',(1.,0.,0.));
#3133=DIRECTION('center_axis',(0.,0.,-1.));
#3134=DIRECTION('ref_axis',(1.,0.,0.));
#3135=DIRECTION('',(0.857167300702112,-1.04972719113862E-16,-0.515038074910054));
#3136=DIRECTION('center_axis',(0.,0.,-1.));
#3137=DIRECTION('ref_axis',(1.,0.,0.));
#3138=DIRECTION('center_axis',(1.29086329945263E-30,-9.4587646341931E-44,
-1.));
#3139=DIRECTION('ref_axis',(1.,0.,0.));
#3140=DIRECTION('',(0.,0.,-1.));
#3141=DIRECTION('center_axis',(0.,0.,1.));
#3142=DIRECTION('ref_axis',(1.,0.,0.));
#3143=DIRECTION('center_axis',(0.,0.,-1.));
#3144=DIRECTION('ref_axis',(1.,0.,0.));
#3145=DIRECTION('',(0.857167300702112,-1.04972719113862E-16,-0.515038074910054));
#3146=DIRECTION('center_axis',(0.,0.,-1.));
#3147=DIRECTION('ref_axis',(1.,0.,0.));
#3148=DIRECTION('center_axis',(1.29086329945263E-30,-9.4587646341931E-44,
-1.));
#3149=DIRECTION('ref_axis',(1.,0.,0.));
#3150=DIRECTION('',(0.,0.,-1.));
#3151=DIRECTION('center_axis',(0.,0.,1.));
#3152=DIRECTION('ref_axis',(1.,0.,0.));
#3153=DIRECTION('center_axis',(0.,0.,-1.));
#3154=DIRECTION('ref_axis',(1.,0.,0.));
#3155=DIRECTION('',(0.857167300702112,-1.04972719113862E-16,-0.515038074910054));
#3156=DIRECTION('center_axis',(0.,0.,-1.));
#3157=DIRECTION('ref_axis',(1.,0.,0.));
#3158=DIRECTION('center_axis',(1.29086329945263E-30,-9.4587646341931E-44,
-1.));
#3159=DIRECTION('ref_axis',(1.,0.,0.));
#3160=DIRECTION('',(0.,0.,-1.));
#3161=DIRECTION('center_axis',(0.,0.,1.));
#3162=DIRECTION('ref_axis',(1.,0.,0.));
#3163=DIRECTION('center_axis',(0.,0.,-1.));
#3164=DIRECTION('ref_axis',(1.,0.,0.));
#3165=DIRECTION('',(0.857167300702112,-1.04972719113862E-16,-0.515038074910054));
#3166=DIRECTION('center_axis',(0.,0.,-1.));
#3167=DIRECTION('ref_axis',(1.,0.,0.));
#3168=DIRECTION('center_axis',(1.29086329945263E-30,-9.4587646341931E-44,
-1.));
#3169=DIRECTION('ref_axis',(1.,0.,0.));
#3170=DIRECTION('',(0.,0.,-1.));
#3171=DIRECTION('center_axis',(0.,0.,1.));
#3172=DIRECTION('ref_axis',(1.,0.,0.));
#3173=DIRECTION('center_axis',(0.,0.,-1.));
#3174=DIRECTION('ref_axis',(1.,0.,0.));
#3175=DIRECTION('',(0.857167300702112,-1.04972719113862E-16,-0.515038074910054));
#3176=DIRECTION('center_axis',(0.,0.,-1.));
#3177=DIRECTION('ref_axis',(1.,0.,0.));
#3178=DIRECTION('center_axis',(1.29086329945263E-30,-9.4587646341931E-44,
-1.));
#3179=DIRECTION('ref_axis',(1.,0.,0.));
#3180=DIRECTION('',(0.,0.,-1.));
#3181=DIRECTION('center_axis',(0.,0.,1.));
#3182=DIRECTION('ref_axis',(1.,0.,0.));
#3183=DIRECTION('center_axis',(0.,0.,-1.));
#3184=DIRECTION('ref_axis',(1.,0.,0.));
#3185=DIRECTION('',(0.857167300702112,-1.04972719113862E-16,-0.515038074910054));
#3186=DIRECTION('center_axis',(0.,0.,-1.));
#3187=DIRECTION('ref_axis',(1.,0.,0.));
#3188=DIRECTION('center_axis',(1.29086329945263E-30,-9.4587646341931E-44,
-1.));
#3189=DIRECTION('ref_axis',(1.,0.,0.));
#3190=DIRECTION('',(0.,0.,-1.));
#3191=DIRECTION('center_axis',(0.,0.,1.));
#3192=DIRECTION('ref_axis',(1.,0.,0.));
#3193=DIRECTION('center_axis',(0.,0.,-1.));
#3194=DIRECTION('ref_axis',(1.,0.,0.));
#3195=DIRECTION('',(0.857167300702112,-1.04972719113862E-16,-0.515038074910054));
#3196=DIRECTION('center_axis',(0.,0.,-1.));
#3197=DIRECTION('ref_axis',(1.,0.,0.));
#3198=DIRECTION('center_axis',(1.29086329945263E-30,-9.4587646341931E-44,
-1.));
#3199=DIRECTION('ref_axis',(1.,0.,0.));
#3200=DIRECTION('',(0.,0.,-1.));
#3201=DIRECTION('center_axis',(0.,0.,1.));
#3202=DIRECTION('ref_axis',(1.,0.,0.));
#3203=DIRECTION('center_axis',(0.,0.,-1.));
#3204=DIRECTION('ref_axis',(1.,0.,0.));
#3205=DIRECTION('',(0.857167300702112,-1.04972719113862E-16,-0.515038074910054));
#3206=DIRECTION('center_axis',(0.,0.,-1.));
#3207=DIRECTION('ref_axis',(1.,0.,0.));
#3208=DIRECTION('center_axis',(1.29086329945263E-30,-9.4587646341931E-44,
-1.));
#3209=DIRECTION('ref_axis',(1.,0.,0.));
#3210=DIRECTION('',(0.,0.,-1.));
#3211=DIRECTION('center_axis',(0.,0.,1.));
#3212=DIRECTION('ref_axis',(1.,0.,0.));
#3213=DIRECTION('center_axis',(0.,0.,-1.));
#3214=DIRECTION('ref_axis',(1.,0.,0.));
#3215=DIRECTION('',(0.857167300702112,-1.04972719113862E-16,-0.515038074910054));
#3216=DIRECTION('center_axis',(0.,0.,-1.));
#3217=DIRECTION('ref_axis',(1.,0.,0.));
#3218=DIRECTION('center_axis',(1.29086329945263E-30,-9.4587646341931E-44,
-1.));
#3219=DIRECTION('ref_axis',(1.,0.,0.));
#3220=DIRECTION('',(0.,0.,-1.));
#3221=DIRECTION('center_axis',(0.,0.,1.));
#3222=DIRECTION('ref_axis',(1.,0.,0.));
#3223=DIRECTION('center_axis',(0.,0.,-1.));
#3224=DIRECTION('ref_axis',(1.,0.,0.));
#3225=DIRECTION('',(0.857167300702112,-1.04972719113862E-16,-0.515038074910054));
#3226=DIRECTION('center_axis',(0.,0.,-1.));
#3227=DIRECTION('ref_axis',(1.,0.,0.));
#3228=DIRECTION('center_axis',(1.29086329945263E-30,-9.4587646341931E-44,
-1.));
#3229=DIRECTION('ref_axis',(1.,0.,0.));
#3230=DIRECTION('',(0.,0.,-1.));
#3231=DIRECTION('center_axis',(0.,0.,1.));
#3232=DIRECTION('ref_axis',(1.,0.,0.));
#3233=DIRECTION('center_axis',(0.,0.,-1.));
#3234=DIRECTION('ref_axis',(1.,0.,0.));
#3235=DIRECTION('',(0.857167300702112,-1.04972719113862E-16,-0.515038074910054));
#3236=DIRECTION('center_axis',(0.,0.,-1.));
#3237=DIRECTION('ref_axis',(1.,0.,0.));
#3238=DIRECTION('center_axis',(1.29086329945263E-30,-9.4587646341931E-44,
-1.));
#3239=DIRECTION('ref_axis',(1.,0.,0.));
#3240=DIRECTION('',(0.,0.,-1.));
#3241=DIRECTION('center_axis',(-0.707106781186522,0.707106781186573,7.30417452129094E-28));
#3242=DIRECTION('ref_axis',(1.032966266995E-27,0.,1.));
#3243=DIRECTION('',(-0.577350269189636,-0.577350269189595,-0.577350269189647));
#3244=DIRECTION('',(0.707106781186573,0.707106781186522,0.));
#3245=DIRECTION('',(0.,1.03296626699493E-27,-1.));
#3246=DIRECTION('center_axis',(7.10542735774088E-14,1.,0.));
#3247=DIRECTION('ref_axis',(0.707106781186527,-3.42657058878469E-14,0.707106781186568));
#3248=DIRECTION('center_axis',(-7.26885389863227E-14,-1.,-1.03296626699493E-27));
#3249=DIRECTION('ref_axis',(0.707106781186527,0.,0.707106781186568));
#3250=DIRECTION('',(5.02429586783764E-14,0.707106781179603,0.707106781193492));
#3251=DIRECTION('center_axis',(7.26885389863227E-14,1.,1.03296626699493E-27));
#3252=DIRECTION('ref_axis',(0.707106781186527,-5.13985588317708E-14,0.707106781186568));
#3253=DIRECTION('center_axis',(5.13985588317712E-14,0.707106781186543,-0.707106781186552));
#3254=DIRECTION('ref_axis',(-1.,0.,-7.26885389863217E-14));
#3255=DIRECTION('',(5.02429586778804E-14,0.707106781186552,0.707106781186543));
#3256=DIRECTION('',(1.,-7.26885389863227E-14,0.));
#3257=DIRECTION('',(-1.,7.26885389863227E-14,0.));
#3258=DIRECTION('center_axis',(7.10542735773103E-14,1.,0.));
#3259=DIRECTION('ref_axis',(-0.707106781186527,3.42657058878465E-14,0.707106781186568));
#3260=DIRECTION('center_axis',(-7.26885389863227E-14,-1.,-1.03296626699493E-27));
#3261=DIRECTION('ref_axis',(-0.707106781186527,0.,0.707106781186568));
#3262=DIRECTION('',(-0.707106781192972,0.707106781180123,0.));
#3263=DIRECTION('center_axis',(7.26885389863227E-14,1.,1.03296626699493E-27));
#3264=DIRECTION('ref_axis',(-0.707106781186527,5.13985588317693E-14,0.707106781186568));
#3265=DIRECTION('center_axis',(0.707106781186573,0.707106781186522,7.30417452129042E-28));
#3266=DIRECTION('ref_axis',(1.03296626699486E-27,0.,-1.));
#3267=DIRECTION('',(-0.577350269189614,0.577350269189655,0.577350269189608));
#3268=DIRECTION('',(0.,-1.03296626699493E-27,1.));
#3269=DIRECTION('center_axis',(0.,1.,0.));
#3270=DIRECTION('ref_axis',(-0.707106781186527,0.,0.707106781186568));
#3271=DIRECTION('',(0.,-1.,0.));
#3272=DIRECTION('center_axis',(-7.27367897152131E-14,-1.,-1.03365195109309E-27));
#3273=DIRECTION('ref_axis',(-0.707106781186527,0.,0.707106781186568));
#3274=DIRECTION('center_axis',(0.,0.,1.));
#3275=DIRECTION('ref_axis',(1.,0.,0.));
#3276=DIRECTION('',(0.,1.,0.));
#3277=DIRECTION('',(1.,-7.27367897152131E-14,0.));
#3278=DIRECTION('center_axis',(0.,1.,0.));
#3279=DIRECTION('ref_axis',(0.707106781186527,0.,0.707106781186568));
#3280=DIRECTION('center_axis',(-7.27367897152131E-14,-1.,-1.03365195109309E-27));
#3281=DIRECTION('ref_axis',(0.707106781186527,0.,0.707106781186568));
#3282=DIRECTION('center_axis',(6.05050950921375E-14,0.707106781186549,-0.707106781186546));
#3283=DIRECTION('ref_axis',(-1.,0.,-8.55671260719748E-14));
#3284=DIRECTION('',(1.,-7.26885389863227E-14,1.28785870856518E-14));
#3285=DIRECTION('',(-5.02429586778809E-14,-0.707106781186546,-0.707106781186549));
#3286=DIRECTION('',(-1.,7.26885389863227E-14,-1.28785870856518E-14));
#3287=DIRECTION('center_axis',(6.05050950921375E-14,0.707106781186549,-0.707106781186546));
#3288=DIRECTION('ref_axis',(-1.,0.,-8.55671260719748E-14));
#3289=DIRECTION('',(-1.,7.26885389863227E-14,-1.28785870856518E-14));
#3290=DIRECTION('',(-5.0242958677885E-14,-0.707106781186604,-0.707106781186491));
#3291=DIRECTION('',(1.,-7.26885389863227E-14,1.28785870856518E-14));
#3292=DIRECTION('center_axis',(-7.27367897152131E-14,-1.,-1.03365195109309E-27));
#3293=DIRECTION('ref_axis',(-1.,7.27367897152131E-14,-1.28785870856518E-14));
#3294=DIRECTION('',(0.,0.,-1.));
#3295=DIRECTION('',(1.4210854715202E-14,0.,-1.));
#3296=DIRECTION('',(-1.,7.27367897152131E-14,-1.28785870856518E-14));
#3297=DIRECTION('',(-7.07559101477915E-28,-1.03365195109304E-27,1.));
#3298=DIRECTION('',(1.,-7.27367910280145E-14,3.59385804381806E-45));
#3299=DIRECTION('',(0.,0.,-1.));
#3300=DIRECTION('center_axis',(-1.,0.,0.));
#3301=DIRECTION('ref_axis',(0.,1.,-1.59538422876407E-74));
#3302=DIRECTION('',(0.,0.,1.));
#3303=DIRECTION('',(0.,1.,-9.4587646341931E-44));
#3304=DIRECTION('',(0.,0.,-1.));
#3305=DIRECTION('center_axis',(-1.,0.,0.));
#3306=DIRECTION('ref_axis',(0.,1.,-1.59538422876407E-74));
#3307=DIRECTION('',(0.,1.,-9.4587646341931E-44));
#3308=DIRECTION('center_axis',(-7.28306014169151E-14,-1.,0.));
#3309=DIRECTION('ref_axis',(-1.,7.28306014169151E-14,0.));
#3310=DIRECTION('',(-1.,7.28306014169151E-14,-1.29086329945263E-30));
#3311=DIRECTION('',(0.,0.,-1.));
#3312=DIRECTION('center_axis',(1.,-7.26577550671471E-14,0.));
#3313=DIRECTION('ref_axis',(-7.26577550671471E-14,-1.,0.));
#3314=DIRECTION('',(-7.26577550671471E-14,-1.,7.96416905132559E-46));
#3315=DIRECTION('center_axis',(1.42108547152035E-14,2.07602130654358E-14,
-1.));
#3316=DIRECTION('ref_axis',(-0.955297562048752,0.29564601797371,-7.43792053898091E-15));
#3317=DIRECTION('center_axis',(-1.29086329945263E-30,9.4587646341931E-44,
1.));
#3318=DIRECTION('ref_axis',(-0.955297562048752,0.29564601797371,-7.43792053898091E-15));
#3319=DIRECTION('',(-1.42108547152035E-14,-2.07602130654358E-14,1.));
#3320=DIRECTION('center_axis',(-1.28785870856518E-14,9.82763362951646E-29,
1.));
#3321=DIRECTION('ref_axis',(-0.955297562048752,0.29564601797371,-7.43792053898091E-15));
#3322=DIRECTION('',(1.42108547152035E-14,2.07602130654358E-14,-1.));
#3323=DIRECTION('center_axis',(-0.825186864112615,0.564859840399358,0.));
#3324=DIRECTION('ref_axis',(0.564859840399358,0.825186864112615,-7.5429514113314E-45));
#3325=DIRECTION('',(0.564859840399358,0.825186864112615,-7.5429514113314E-45));
#3326=DIRECTION('',(7.07559101477915E-28,1.03365195109304E-27,-1.));
#3327=DIRECTION('',(0.564859840399358,0.825186864112615,7.27459664577044E-15));
#3328=DIRECTION('center_axis',(7.07559101477915E-28,1.03365195109304E-27,
-1.));
#3329=DIRECTION('ref_axis',(-0.466444080035641,0.884550688315658,5.84142774116966E-28));
#3330=DIRECTION('center_axis',(-1.29086329945263E-30,9.4587646341931E-44,
1.));
#3331=DIRECTION('ref_axis',(-0.466444080035641,0.884550688315658,5.84142774116966E-28));
#3332=DIRECTION('center_axis',(-1.28785870856518E-14,9.82763362951646E-29,
1.));
#3333=DIRECTION('ref_axis',(-0.466444080035641,0.884550688315658,5.84142774116966E-28));
#3334=DIRECTION('center_axis',(-1.29086329945263E-30,9.4587646341931E-44,
1.));
#3335=DIRECTION('ref_axis',(-1.,0.,-1.29086329945263E-30));
#3336=DIRECTION('',(7.21147755973639E-14,1.,-1.49732917503186E-45));
#3337=DIRECTION('center_axis',(1.29086329945263E-30,-9.4587646341931E-44,
-1.));
#3338=DIRECTION('ref_axis',(-7.10542722632083E-14,-1.,-1.00974194002686E-27));
#3339=DIRECTION('',(-1.,7.24612691560713E-14,-1.29086329945263E-30));
#3340=DIRECTION('center_axis',(1.29086329945263E-30,-9.4587646341931E-44,
-1.));
#3341=DIRECTION('ref_axis',(1.,-7.26691421172087E-14,1.4210854715202E-14));
#3342=DIRECTION('',(-7.46980628858578E-14,-1.,-1.83734157762735E-45));
#3343=DIRECTION('',(-1.,7.2699066970764E-14,-1.29086329945263E-30));
#3344=DIRECTION('',(7.3207418801669E-14,1.,-8.68761631980952E-47));
#3345=DIRECTION('center_axis',(1.29086329945263E-30,-9.4587646341931E-44,
-1.));
#3346=DIRECTION('ref_axis',(-7.75137516792092E-14,-1.,-1.10153666354349E-27));
#3347=DIRECTION('',(-1.,7.28130238568439E-14,-1.29086329945263E-30));
#3348=DIRECTION('center_axis',(1.29086329945263E-30,-9.4587646341931E-44,
-1.));
#3349=DIRECTION('ref_axis',(1.,-7.26691421172092E-14,1.4210854715202E-14));
#3350=DIRECTION('',(-7.26509823389358E-14,-1.,8.05159571417582E-46));
#3351=DIRECTION('center_axis',(1.29086329945263E-30,-9.4587646341931E-44,
-1.));
#3352=DIRECTION('ref_axis',(6.45947928472076E-14,1.,9.17947216510237E-28));
#3353=DIRECTION('',(-1.,0.,0.));
#3354=DIRECTION('center_axis',(0.,0.,1.));
#3355=DIRECTION('ref_axis',(0.,1.,0.));
#3356=DIRECTION('',(0.,-1.,0.));
#3357=DIRECTION('center_axis',(0.,0.,-1.));
#3358=DIRECTION('ref_axis',(0.,-1.,0.));
#3359=DIRECTION('',(-1.,0.,0.));
#3360=DIRECTION('',(0.,-1.,0.));
#3361=DIRECTION('center_axis',(0.,0.,-1.));
#3362=DIRECTION('ref_axis',(0.,-1.,0.));
#3363=DIRECTION('',(-1.,0.,0.));
#3364=DIRECTION('center_axis',(0.,0.,1.));
#3365=DIRECTION('ref_axis',(0.,1.,0.));
#3366=DIRECTION('',(0.,-1.,0.));
#3367=DIRECTION('',(-1.86984930463185E-15,1.,0.));
#3368=DIRECTION('center_axis',(1.,1.86984930463185E-15,0.));
#3369=DIRECTION('ref_axis',(-1.86984930463185E-15,1.,0.));
#3370=DIRECTION('center_axis',(-1.,0.,0.));
#3371=DIRECTION('ref_axis',(0.,-1.,0.));
#3372=DIRECTION('',(0.,0.,1.));
#3373=DIRECTION('center_axis',(0.,0.,1.));
#3374=DIRECTION('ref_axis',(0.,1.,0.));
#3375=DIRECTION('',(0.,0.,1.));
#3376=DIRECTION('center_axis',(0.,1.,0.));
#3377=DIRECTION('ref_axis',(-1.,0.,0.));
#3378=DIRECTION('',(0.,0.,1.));
#3379=DIRECTION('center_axis',(0.,0.,1.));
#3380=DIRECTION('ref_axis',(0.,-1.,0.));
#3381=DIRECTION('',(0.,0.,1.));
#3382=DIRECTION('center_axis',(-1.,0.,0.));
#3383=DIRECTION('ref_axis',(0.,-1.,0.));
#3384=DIRECTION('',(0.,0.,1.));
#3385=DIRECTION('center_axis',(0.,1.,0.));
#3386=DIRECTION('ref_axis',(-1.,0.,0.));
#3387=DIRECTION('',(0.,0.,1.));
#3388=DIRECTION('center_axis',(0.,0.,1.));
#3389=DIRECTION('ref_axis',(0.,-1.,0.));
#3390=DIRECTION('',(0.,0.,1.));
#3391=DIRECTION('center_axis',(-1.,0.,0.));
#3392=DIRECTION('ref_axis',(0.,-1.,0.));
#3393=DIRECTION('',(0.,0.,1.));
#3394=DIRECTION('center_axis',(0.,0.,1.));
#3395=DIRECTION('ref_axis',(0.,1.,0.));
#3396=DIRECTION('',(0.,0.,1.));
#3397=DIRECTION('center_axis',(0.,1.,0.));
#3398=DIRECTION('ref_axis',(-1.,0.,0.));
#3399=DIRECTION('center_axis',(1.4210854715202E-14,0.,-1.));
#3400=DIRECTION('ref_axis',(1.,-7.26691421172092E-14,1.4210854715202E-14));
#3401=DIRECTION('',(1.4210854715202E-14,0.,-1.));
#3402=DIRECTION('center_axis',(-1.28785870856518E-14,9.82763362951646E-29,
1.));
#3403=DIRECTION('ref_axis',(1.,-7.26691421172092E-14,1.28785870856518E-14));
#3404=DIRECTION('',(1.4210854715202E-14,0.,-1.));
#3405=DIRECTION('center_axis',(7.28130238568439E-14,1.,1.03473530340415E-27));
#3406=DIRECTION('ref_axis',(1.,-7.28130238568439E-14,1.28785870856518E-14));
#3407=DIRECTION('',(1.4210854715202E-14,0.,-1.));
#3408=DIRECTION('',(1.,-7.28130238568439E-14,1.28785870856518E-14));
#3409=DIRECTION('center_axis',(1.4210854715202E-14,0.,-1.));
#3410=DIRECTION('ref_axis',(-7.75137516792092E-14,-1.,-1.10153666354349E-27));
#3411=DIRECTION('',(1.4210854715202E-14,0.,-1.));
#3412=DIRECTION('center_axis',(-1.28785870856518E-14,9.82763362951646E-29,
1.));
#3413=DIRECTION('ref_axis',(-7.75137516792092E-14,-1.,-8.9999126504112E-28));
#3414=DIRECTION('center_axis',(1.,-7.3207418801669E-14,1.4210854715202E-14));
#3415=DIRECTION('ref_axis',(-7.3207418801669E-14,-1.,-8.44531782057913E-28));
#3416=DIRECTION('',(1.4210854715202E-14,0.,-1.));
#3417=DIRECTION('',(-7.3207418801669E-14,-1.,-8.44531782057913E-28));
#3418=DIRECTION('center_axis',(7.2699066970764E-14,1.,1.03311587865227E-27));
#3419=DIRECTION('ref_axis',(1.,-7.2699066970764E-14,1.28785870856518E-14));
#3420=DIRECTION('',(1.4210854715202E-14,0.,-1.));
#3421=DIRECTION('',(1.,-7.2699066970764E-14,1.28785870856518E-14));
#3422=DIRECTION('center_axis',(-1.,7.46980628858578E-14,-1.4210854715202E-14));
#3423=DIRECTION('ref_axis',(7.46980628858578E-14,1.,8.6372917170985E-28));
#3424=DIRECTION('',(1.4210854715202E-14,0.,-1.));
#3425=DIRECTION('',(7.46980628858578E-14,1.,8.6372917170985E-28));
#3426=DIRECTION('center_axis',(1.4210854715202E-14,0.,-1.));
#3427=DIRECTION('ref_axis',(1.,-7.26691421172087E-14,1.4210854715202E-14));
#3428=DIRECTION('',(1.4210854715202E-14,0.,-1.));
#3429=DIRECTION('center_axis',(-1.28785870856518E-14,9.82763362951646E-29,
1.));
#3430=DIRECTION('ref_axis',(1.,-7.26691421172087E-14,1.28785870856518E-14));
#3431=DIRECTION('center_axis',(7.24612691560713E-14,1.,1.02973656845608E-27));
#3432=DIRECTION('ref_axis',(1.,-7.24612691560713E-14,1.28785870856518E-14));
#3433=DIRECTION('',(1.4210854715202E-14,0.,-1.));
#3434=DIRECTION('',(1.,-7.24612691560713E-14,1.28785870856518E-14));
#3435=DIRECTION('center_axis',(1.57772181044202E-30,-1.18898902661267E-43,
-1.));
#3436=DIRECTION('ref_axis',(1.,0.,1.57772181044202E-30));
#3437=DIRECTION('center_axis',(1.28785870856518E-14,-9.82763362951646E-29,
-1.));
#3438=DIRECTION('ref_axis',(1.,1.31280140418849E-21,1.28785870856518E-14));
#3439=DIRECTION('center_axis',(1.28785870856518E-14,-9.82763362951646E-29,
-1.));
#3440=DIRECTION('ref_axis',(-0.136098131267994,-0.990695361180903,-1.75275163572923E-15));
#3441=DIRECTION('',(-1.,7.22400400681342E-14,-1.28785870856518E-14));
#3442=DIRECTION('center_axis',(1.28785870856518E-14,-9.82763362951646E-29,
-1.));
#3443=DIRECTION('ref_axis',(1.,-7.29575117339949E-14,1.28785870856518E-14));
#3444=DIRECTION('',(-7.34493447966472E-14,-1.,-8.47647447052524E-28));
#3445=DIRECTION('center_axis',(1.28785870856518E-14,-9.82763362951646E-29,
-1.));
#3446=DIRECTION('ref_axis',(6.76707354262558E-14,1.,7.73227123041974E-28));
#3447=DIRECTION('',(1.,-7.26885389863227E-14,1.28785870856518E-14));
#3448=DIRECTION('center_axis',(1.28785870856518E-14,-9.82763362951646E-29,
-1.));
#3449=DIRECTION('ref_axis',(-0.466444080035639,0.884550688315659,-6.00714070532581E-15));
#3450=DIRECTION('',(0.564859840399358,0.825186864112616,7.27459664577043E-15));
#3451=DIRECTION('center_axis',(1.28785870856518E-14,-9.82763362951646E-29,
-1.));
#3452=DIRECTION('ref_axis',(-0.955297562048751,0.295646017973714,-1.23028828455557E-14));
#3453=DIRECTION('',(7.29196522815747E-14,1.,8.40825755868544E-28));
#3454=DIRECTION('center_axis',(1.28785870856518E-14,-9.82763362951646E-29,
-1.));
#3455=DIRECTION('ref_axis',(-7.19001564724466E-14,-1.,-8.27696090307231E-28));
#3456=DIRECTION('',(-1.,7.2682834843786E-14,-1.28785870856518E-14));
#3457=DIRECTION('center_axis',(-1.28785870856518E-14,9.82763362951646E-29,
1.));
#3458=DIRECTION('ref_axis',(0.136098131267987,0.990695361180904,1.75275163572914E-15));
#3459=DIRECTION('',(-0.962954597330742,0.269663574625103,-1.24014946412528E-14));
#3460=DIRECTION('center_axis',(-1.28785870856518E-14,9.82763362951646E-29,
1.));
#3461=DIRECTION('ref_axis',(6.45947928472076E-14,1.,7.33613328667238E-28));
#3462=DIRECTION('',(7.26509823389358E-14,1.,8.37365666614972E-28));
#3463=DIRECTION('center_axis',(-1.28785870856518E-14,9.82763362951646E-29,
1.));
#3464=DIRECTION('ref_axis',(-7.10542722632083E-14,-1.,-8.16802296854178E-28));
#3465=DIRECTION('',(0.,1.,-9.82763362951646E-29));
#3466=DIRECTION('',(-1.,7.26021572852722E-14,-1.28785870856518E-14));
#3467=DIRECTION('center_axis',(-1.28785870856518E-14,9.82763362951646E-29,
1.));
#3468=DIRECTION('ref_axis',(0.707106781186603,0.707106781186492,9.10653626036654E-15));
#3469=DIRECTION('',(7.19770438564365E-14,1.,8.28686291177733E-28));
#3470=DIRECTION('center_axis',(-1.28785870856518E-14,9.82763362951646E-29,
1.));
#3471=DIRECTION('ref_axis',(0.604291496454663,-0.796763319507483,7.78242066221031E-15));
#3472=DIRECTION('',(0.962954597330742,-0.269663574625103,1.24014946412528E-14));
#3473=DIRECTION('center_axis',(-1.28785870856518E-14,9.82763362951646E-29,
1.));
#3474=DIRECTION('ref_axis',(-0.796763319507484,-0.604291496454662,-1.02611857969301E-14));
#3475=DIRECTION('',(-7.38964291018801E-14,-1.,-8.53405261212093E-28));
#3476=DIRECTION('center_axis',(-1.28785870856518E-14,9.82763362951646E-29,
1.));
#3477=DIRECTION('ref_axis',(-0.707106781186502,0.707106781186593,-9.10653626036538E-15));
#3478=DIRECTION('center_axis',(-4.22309414848224E-14,-0.707106781186547,
-0.707106781186548));
#3479=DIRECTION('ref_axis',(-1.,0.,5.97235701996203E-14));
#3480=DIRECTION('',(6.69906115705076E-14,0.707106781186548,-0.707106781186547));
#3481=DIRECTION('',(1.,-7.26021572852722E-14,1.28785870856518E-14));
#3482=DIRECTION('',(-6.69906115705077E-14,-0.707106781186548,0.707106781186547));
#3483=DIRECTION('',(-1.,7.26021572852722E-14,-1.28785870856518E-14));
#3484=DIRECTION('center_axis',(1.18423789293352E-14,0.,-1.));
#3485=DIRECTION('ref_axis',(-0.707106781186502,0.707106781186593,-9.46886528929233E-15));
#3486=DIRECTION('center_axis',(-1.28785870856518E-14,9.82763362951646E-29,
1.));
#3487=DIRECTION('ref_axis',(-0.707106781186502,0.707106781186593,-1.00485917355754E-14));
#3488=DIRECTION('',(-0.707106781186545,5.44298719010378E-14,-0.70710678118655));
#3489=DIRECTION('center_axis',(1.28785870856518E-14,-9.82763362951646E-29,
-1.));
#3490=DIRECTION('ref_axis',(-0.707106781186502,0.707106781186593,-9.10653626036538E-15));
#3491=DIRECTION('center_axis',(0.70710678118656,-5.22526661234106E-14,-0.707106781186535));
#3492=DIRECTION('ref_axis',(-0.707106781186535,0.,-0.70710678118656));
#3493=DIRECTION('',(-0.707106781186535,5.0242958677881E-14,-0.70710678118656));
#3494=DIRECTION('',(7.38964291018801E-14,1.,8.53405261212093E-28));
#3495=DIRECTION('',(-7.38964291018801E-14,-1.,-8.53405261212093E-28));
#3496=DIRECTION('center_axis',(1.18423789293352E-14,0.,-1.));
#3497=DIRECTION('ref_axis',(-0.796763319507484,-0.604291496454662,-1.06694557888504E-14));
#3498=DIRECTION('center_axis',(-1.28785870856518E-14,9.82763362951646E-29,
1.));
#3499=DIRECTION('ref_axis',(-0.796763319507484,-0.604291496454662,-1.1322687775923E-14));
#3500=DIRECTION('',(-0.190680942256409,-0.680911725747332,-0.707106781186546));
#3501=DIRECTION('center_axis',(1.28785870856518E-14,-9.82763362951646E-29,
-1.));
#3502=DIRECTION('ref_axis',(-0.796763319507484,-0.604291496454662,-1.02611857969301E-14));
#3503=DIRECTION('center_axis',(0.190680942256424,0.680911725747329,-0.707106781186545));
#3504=DIRECTION('ref_axis',(-0.965510778053664,0.,-0.260363087749029));
#3505=DIRECTION('',(-0.190680942256415,-0.680911725747328,-0.707106781186549));
#3506=DIRECTION('',(-0.962954597330742,0.269663574625103,-1.24014946412528E-14));
#3507=DIRECTION('',(0.962954597330742,-0.269663574625103,1.24014946412528E-14));
#3508=DIRECTION('center_axis',(2.36847578586697E-14,0.,-1.));
#3509=DIRECTION('ref_axis',(0.604291496454663,-0.796763319507483,8.09206604664835E-15));
#3510=DIRECTION('center_axis',(-1.28785870856518E-14,9.82763362951646E-29,
1.));
#3511=DIRECTION('ref_axis',(0.604291496454663,-0.796763319507483,8.58749866174923E-15));
#3512=DIRECTION('',(0.70710678118656,-5.23364152894581E-14,-0.707106781186535));
#3513=DIRECTION('center_axis',(1.28785870856518E-14,-9.82763362951646E-29,
-1.));
#3514=DIRECTION('ref_axis',(0.604291496454663,-0.796763319507483,7.78242066221031E-15));
#3515=DIRECTION('center_axis',(-0.707106781186546,5.08954558006483E-14,
-0.707106781186549));
#3516=DIRECTION('ref_axis',(-0.707106781186549,0.,0.707106781186546));
#3517=DIRECTION('',(0.707106781186557,-5.02429586778808E-14,-0.707106781186538));
#3518=DIRECTION('',(-7.19770438564365E-14,-1.,-8.28686291177733E-28));
#3519=DIRECTION('',(7.19770438564365E-14,1.,8.28686291177733E-28));
#3520=DIRECTION('center_axis',(2.36847578586697E-14,0.,-1.));
#3521=DIRECTION('ref_axis',(0.707106781186603,0.707106781186492,9.46886528929356E-15));
#3522=DIRECTION('center_axis',(-1.28785870856518E-14,9.82763362951646E-29,
1.));
#3523=DIRECTION('ref_axis',(0.707106781186603,0.707106781186492,1.00485917355768E-14));
#3524=DIRECTION('center_axis',(1.28785870856518E-14,-9.82763362951646E-29,
-1.));
#3525=DIRECTION('ref_axis',(0.707106781186603,0.707106781186492,9.10653626036654E-15));
#3526=DIRECTION('center_axis',(-1.4210854715202E-14,0.,1.));
#3527=DIRECTION('ref_axis',(-0.796763319507484,-0.604291496454662,-1.1322687775923E-14));
#3528=DIRECTION('',(-1.4210854715202E-14,0.,1.));
#3529=DIRECTION('center_axis',(1.28785870856518E-14,-9.82763362951646E-29,
-1.));
#3530=DIRECTION('ref_axis',(-0.796763319507484,-0.604291496454662,-1.1322687775923E-14));
#3531=DIRECTION('',(1.4210854715202E-14,0.,-1.));
#3532=DIRECTION('center_axis',(1.,-7.38964291018801E-14,1.4210854715202E-14));
#3533=DIRECTION('ref_axis',(-7.38964291018801E-14,-1.,-8.53405261212093E-28));
#3534=DIRECTION('',(1.4210854715202E-14,0.,-1.));
#3535=DIRECTION('',(7.38964291018801E-14,1.,8.53405261212093E-28));
#3536=DIRECTION('center_axis',(-1.4210854715202E-14,0.,1.));
#3537=DIRECTION('ref_axis',(-0.707106781186502,0.707106781186593,-1.00485917355754E-14));
#3538=DIRECTION('',(-1.4210854715202E-14,0.,1.));
#3539=DIRECTION('center_axis',(1.28785870856518E-14,-9.82763362951646E-29,
-1.));
#3540=DIRECTION('ref_axis',(-0.707106781186502,0.707106781186593,-1.00485917355754E-14));
#3541=DIRECTION('center_axis',(-7.26021572852722E-14,-1.,-1.03173870919125E-27));
#3542=DIRECTION('ref_axis',(-1.,7.26021572852722E-14,-1.28785870856518E-14));
#3543=DIRECTION('',(1.4210854715202E-14,0.,-1.));
#3544=DIRECTION('',(1.,-7.26021572852722E-14,1.28785870856518E-14));
#3545=DIRECTION('center_axis',(1.28785870856518E-14,-9.82763362951646E-29,
-1.));
#3546=DIRECTION('ref_axis',(1.,1.31280140418849E-21,1.28785870856518E-14));
#3547=DIRECTION('center_axis',(-1.28785870856518E-14,9.82763362951646E-29,
1.));
#3548=DIRECTION('ref_axis',(6.76707354262558E-14,1.,7.73227123041974E-28));
#3549=DIRECTION('',(7.34493447966472E-14,1.,8.47647447052524E-28));
#3550=DIRECTION('center_axis',(-1.28785870856518E-14,9.82763362951646E-29,
1.));
#3551=DIRECTION('ref_axis',(1.,-7.29575117339949E-14,1.28785870856518E-14));
#3552=DIRECTION('',(1.,-7.22400400681342E-14,1.28785870856518E-14));
#3553=DIRECTION('center_axis',(-1.28785870856518E-14,9.82763362951646E-29,
1.));
#3554=DIRECTION('ref_axis',(-0.136098131267994,-0.990695361180903,-1.75275163572923E-15));
#3555=DIRECTION('',(0.962954597330742,-0.269663574625103,1.24014946412528E-14));
#3556=DIRECTION('center_axis',(1.28785870856518E-14,-9.82763362951646E-29,
-1.));
#3557=DIRECTION('ref_axis',(0.136098131267987,0.990695361180904,1.75275163572914E-15));
#3558=DIRECTION('',(1.,-7.2682834843786E-14,1.28785870856518E-14));
#3559=DIRECTION('center_axis',(-1.28785870856518E-14,9.82763362951646E-29,
1.));
#3560=DIRECTION('ref_axis',(-7.19001564724466E-14,-1.,-8.27696090307231E-28));
#3561=DIRECTION('',(-7.29196522815747E-14,-1.,-8.40825755868544E-28));
#3562=DIRECTION('center_axis',(-1.28785870856518E-14,9.82763362951646E-29,
1.));
#3563=DIRECTION('ref_axis',(-0.955297562048751,0.295646017973714,-1.23028828455557E-14));
#3564=DIRECTION('',(-0.564859840399358,-0.825186864112616,-7.27459664577043E-15));
#3565=DIRECTION('center_axis',(-1.28785870856518E-14,9.82763362951646E-29,
1.));
#3566=DIRECTION('ref_axis',(-0.466444080035639,0.884550688315659,-6.00714070532581E-15));
#3567=DIRECTION('center_axis',(-6.04440140055542E-14,-0.707106781186547,
0.707106781186548));
#3568=DIRECTION('ref_axis',(1.,0.,8.54807443709239E-14));
#3569=DIRECTION('',(3.34953057852538E-14,0.707106781186548,0.707106781186547));
#3570=DIRECTION('',(-3.34953057852538E-14,-0.707106781186548,-0.707106781186547));
#3571=DIRECTION('center_axis',(-2.36847578586704E-14,0.,1.));
#3572=DIRECTION('ref_axis',(0.707106781186603,0.707106781186492,9.46886528929356E-15));
#3573=DIRECTION('center_axis',(1.28785870856518E-14,-9.82763362951646E-29,
-1.));
#3574=DIRECTION('ref_axis',(0.707106781186603,0.707106781186492,1.00485917355768E-14));
#3575=DIRECTION('',(0.707106781186536,-5.02429586778817E-14,0.707106781186558));
#3576=DIRECTION('center_axis',(-0.707106781186564,5.08954558006484E-14,
0.707106781186531));
#3577=DIRECTION('ref_axis',(0.707106781186531,0.,0.707106781186564));
#3578=DIRECTION('',(0.707106781186531,-5.02429586778813E-14,0.707106781186564));
#3579=DIRECTION('',(-7.19770438564365E-14,-1.,-8.28686291177733E-28));
#3580=DIRECTION('center_axis',(-2.36847578586703E-14,0.,1.));
#3581=DIRECTION('ref_axis',(0.604291496454663,-0.796763319507483,8.09206604664836E-15));
#3582=DIRECTION('center_axis',(1.28785870856518E-14,-9.82763362951646E-29,
-1.));
#3583=DIRECTION('ref_axis',(0.604291496454663,-0.796763319507483,8.58749866174923E-15));
#3584=DIRECTION('',(-0.190680942256433,-0.680911725747333,0.707106781186538));
#3585=DIRECTION('center_axis',(0.190680942256406,0.680911725747329,0.70710678118655));
#3586=DIRECTION('ref_axis',(0.965510778053671,0.,-0.260363087749004));
#3587=DIRECTION('',(-0.190680942256424,-0.680911725747329,0.707106781186545));
#3588=DIRECTION('',(-0.962954597330742,0.269663574625103,-1.24014946412528E-14));
#3589=DIRECTION('center_axis',(-1.18423789293348E-14,0.,1.));
#3590=DIRECTION('ref_axis',(-0.796763319507484,-0.604291496454662,-1.06694557888504E-14));
#3591=DIRECTION('',(-0.707106781186547,5.44298719010374E-14,0.707106781186548));
#3592=DIRECTION('center_axis',(0.707106781186538,-5.22526661234103E-14,
0.707106781186557));
#3593=DIRECTION('ref_axis',(0.707106781186557,0.,-0.707106781186538));
#3594=DIRECTION('',(-0.707106781186557,5.02429586778808E-14,0.707106781186538));
#3595=DIRECTION('center_axis',(-1.18423789293348E-14,0.,1.));
#3596=DIRECTION('ref_axis',(-0.707106781186502,0.707106781186593,-9.46886528929233E-15));
#3597=DIRECTION('center_axis',(1.4210854715202E-14,0.,-1.));
#3598=DIRECTION('ref_axis',(0.604291496454663,-0.796763319507483,8.58749866174923E-15));
#3599=DIRECTION('',(-1.4210854715202E-14,0.,1.));
#3600=DIRECTION('',(1.4210854715202E-14,0.,-1.));
#3601=DIRECTION('center_axis',(-1.,7.19770438564365E-14,-1.4210854715202E-14));
#3602=DIRECTION('ref_axis',(7.19770438564365E-14,1.,8.28686291177733E-28));
#3603=DIRECTION('',(-1.4210854715202E-14,0.,1.));
#3604=DIRECTION('center_axis',(-1.4210854715202E-14,0.,1.));
#3605=DIRECTION('ref_axis',(0.707106781186603,0.707106781186492,1.00485917355768E-14));
#3606=DIRECTION('center_axis',(0.269663574625103,0.962954597330742,3.83214988097937E-15));
#3607=DIRECTION('ref_axis',(0.962954597330742,-0.269663574625103,1.24014946412528E-14));
#3608=DIRECTION('center_axis',(-0.707106781186538,5.15619806100665E-14,
-0.707106781186557));
#3609=DIRECTION('ref_axis',(-0.707106781186557,0.,0.707106781186538));
#3610=DIRECTION('',(0.707106781186545,-5.02429586778817E-14,-0.70710678118655));
#3611=DIRECTION('',(-0.707106781186545,5.02429586778817E-14,0.70710678118655));
#3612=DIRECTION('',(7.29196522815747E-14,1.,8.40825755868544E-28));
#3613=DIRECTION('center_axis',(0.,0.,1.));
#3614=DIRECTION('ref_axis',(-0.955297562048751,0.295646017973714,-1.30099450780589E-14));
#3615=DIRECTION('center_axis',(1.28785870856518E-14,-9.82763362951646E-29,
-1.));
#3616=DIRECTION('ref_axis',(-0.95529756204875,0.295646017973714,-1.35755948640615E-14));
#3617=DIRECTION('',(0.583495227360168,-0.399416223566387,-0.707106781186456));
#3618=DIRECTION('center_axis',(-0.583495227360085,0.399416223566337,-0.707106781186554));
#3619=DIRECTION('ref_axis',(-0.771302522577217,0.,0.636468709887629));
#3620=DIRECTION('',(0.583495227360101,-0.399416223566328,-0.707106781186545));
#3621=DIRECTION('',(0.564859840399358,0.825186864112616,7.27459664577043E-15));
#3622=DIRECTION('center_axis',(0.,0.,1.));
#3623=DIRECTION('ref_axis',(-0.466444080035639,0.884550688315659,-6.35237867689621E-15));
#3624=DIRECTION('center_axis',(1.28785870856518E-14,-9.82763362951646E-29,
-1.));
#3625=DIRECTION('ref_axis',(-0.466444080035639,0.884550688315659,-6.62856905415252E-15));
#3626=DIRECTION('center_axis',(0.,0.,1.));
#3627=DIRECTION('ref_axis',(6.76707354262558E-14,1.,8.73406090079944E-28));
#3628=DIRECTION('',(-0.707106781186509,5.02429586778774E-14,-0.707106781186586));
#3629=DIRECTION('center_axis',(1.28785870856518E-14,-9.82763362951646E-29,
-1.));
#3630=DIRECTION('ref_axis',(6.76707354262558E-14,1.,9.61658989613394E-28));
#3631=DIRECTION('center_axis',(0.707106781186547,-5.19365297794175E-14,
-0.707106781186548));
#3632=DIRECTION('ref_axis',(-0.707106781186548,0.,-0.707106781186547));
#3633=DIRECTION('',(-0.707106781186548,5.02429586778801E-14,-0.707106781186547));
#3634=DIRECTION('',(-7.34493447966472E-14,-1.,-8.47647447052524E-28));
#3635=DIRECTION('center_axis',(0.,0.,1.));
#3636=DIRECTION('ref_axis',(1.,-7.29575117339949E-14,1.35868812684507E-14));
#3637=DIRECTION('',(5.02429586778775E-14,0.707106781186517,-0.707106781186578));
#3638=DIRECTION('center_axis',(1.28785870856518E-14,-9.82763362951646E-29,
-1.));
#3639=DIRECTION('ref_axis',(1.,-7.29575117339949E-14,1.4210854715202E-14));
#3640=DIRECTION('center_axis',(-4.19748859449998E-14,-0.707106781186548,
-0.707106781186547));
#3641=DIRECTION('ref_axis',(-1.,0.,5.93614529824825E-14));
#3642=DIRECTION('',(5.02429586778807E-14,0.70710678118655,-0.707106781186545));
#3643=DIRECTION('',(-1.,7.22400400681342E-14,-1.28785870856518E-14));
#3644=DIRECTION('center_axis',(0.,0.,1.));
#3645=DIRECTION('ref_axis',(-0.136098131267994,-0.990695361180903,-1.85348448835735E-15));
#3646=DIRECTION('center_axis',(1.28785870856518E-14,-9.82763362951646E-29,
-1.));
#3647=DIRECTION('ref_axis',(-0.136098131267994,-0.990695361180903,-1.93407077045985E-15));
#3648=DIRECTION('',(0.190680942256378,0.68091172574731,-0.707106781186575));
#3649=DIRECTION('center_axis',(-0.190680942256406,-0.68091172574733,-0.707106781186548));
#3650=DIRECTION('ref_axis',(-0.96551077805367,0.,0.260363087749005));
#3651=DIRECTION('',(0.190680942256408,0.680911725747332,-0.707106781186547));
#3652=DIRECTION('',(-0.962954597330742,0.269663574625103,-1.24014946412528E-14));
#3653=DIRECTION('center_axis',(0.,0.,-1.));
#3654=DIRECTION('ref_axis',(0.136098131267987,0.990695361180904,1.8351694242431E-15));
#3655=DIRECTION('center_axis',(-1.28785870856518E-14,9.82763362951646E-29,
1.));
#3656=DIRECTION('ref_axis',(0.136098131267987,0.990695361180904,1.93407077045985E-15));
#3657=DIRECTION('',(5.02429586778825E-14,0.707106781186569,-0.707106781186526));
#3658=DIRECTION('center_axis',(-4.22879891335372E-14,-0.707106781186549,
-0.707106781186546));
#3659=DIRECTION('ref_axis',(-1.,0.,5.98042477581344E-14));
#3660=DIRECTION('',(5.02429586778809E-14,0.707106781186546,-0.707106781186549));
#3661=DIRECTION('',(-1.,7.2682834843786E-14,-1.28785870856518E-14));
#3662=DIRECTION('center_axis',(0.,0.,1.));
#3663=DIRECTION('ref_axis',(-7.19001564724466E-14,-1.,-9.30870731668825E-28));
#3664=DIRECTION('center_axis',(1.28785870856518E-14,-9.82763362951646E-29,
-1.));
#3665=DIRECTION('ref_axis',(-7.19001564724466E-14,-1.,-1.02176267763023E-27));
#3666=DIRECTION('center_axis',(1.,-7.34493447966472E-14,1.4210854715202E-14));
#3667=DIRECTION('ref_axis',(-7.34493447966472E-14,-1.,-8.47647447052524E-28));
#3668=DIRECTION('',(1.4210854715202E-14,0.,-1.));
#3669=DIRECTION('',(7.34493447966472E-14,1.,8.47647447052524E-28));
#3670=DIRECTION('',(1.4210854715202E-14,0.,-1.));
#3671=DIRECTION('center_axis',(1.4210854715202E-14,0.,-1.));
#3672=DIRECTION('ref_axis',(6.76707354262558E-14,1.,9.61658989613394E-28));
#3673=DIRECTION('',(1.4210854715202E-14,0.,-1.));
#3674=DIRECTION('center_axis',(-1.28785870856518E-14,9.82763362951646E-29,
1.));
#3675=DIRECTION('ref_axis',(6.76707354262558E-14,1.,9.61658989613394E-28));
#3676=DIRECTION('center_axis',(7.26885389863227E-14,1.,1.03296626699493E-27));
#3677=DIRECTION('ref_axis',(1.,-7.26885389863227E-14,1.28785870856518E-14));
#3678=DIRECTION('',(1.4210854715202E-14,0.,-1.));
#3679=DIRECTION('',(-1.,7.26885389863227E-14,-1.28785870856518E-14));
#3680=DIRECTION('center_axis',(1.4210854715202E-14,0.,-1.));
#3681=DIRECTION('ref_axis',(-0.466444080035639,0.884550688315659,-6.62856905415252E-15));
#3682=DIRECTION('',(-1.4210854715202E-14,0.,1.));
#3683=DIRECTION('center_axis',(-1.28785870856518E-14,9.82763362951646E-29,
1.));
#3684=DIRECTION('ref_axis',(-0.466444080035639,0.884550688315659,-6.62856905415252E-15));
#3685=DIRECTION('center_axis',(-0.825186864112616,0.564859840399358,-1.17266106387975E-14));
#3686=DIRECTION('ref_axis',(0.564859840399358,0.825186864112616,7.27459664577043E-15));
#3687=DIRECTION('',(1.4210854715202E-14,0.,-1.));
#3688=DIRECTION('',(-0.564859840399358,-0.825186864112616,-7.27459664577043E-15));
#3689=DIRECTION('center_axis',(1.4210854715202E-14,0.,-1.));
#3690=DIRECTION('ref_axis',(-0.95529756204875,0.295646017973714,-1.35755948640615E-14));
#3691=DIRECTION('',(-1.4210854715202E-14,0.,1.));
#3692=DIRECTION('center_axis',(-1.28785870856518E-14,9.82763362951646E-29,
1.));
#3693=DIRECTION('ref_axis',(-0.95529756204875,0.295646017973714,-1.35755948640615E-14));
#3694=DIRECTION('center_axis',(-1.,7.29196522815747E-14,-1.4210854715202E-14));
#3695=DIRECTION('ref_axis',(7.29196522815747E-14,1.,8.40825755868544E-28));
#3696=DIRECTION('',(1.4210854715202E-14,0.,-1.));
#3697=DIRECTION('',(-7.29196522815747E-14,-1.,-8.40825755868544E-28));
#3698=DIRECTION('center_axis',(-0.70710678118656,5.15619806100669E-14,0.707106781186535));
#3699=DIRECTION('ref_axis',(0.707106781186535,0.,0.70710678118656));
#3700=DIRECTION('',(-0.707106781186535,5.0242958677881E-14,-0.70710678118656));
#3701=DIRECTION('',(0.707106781186535,-5.0242958677881E-14,0.70710678118656));
#3702=DIRECTION('center_axis',(0.,0.,-1.));
#3703=DIRECTION('ref_axis',(-0.955297562048751,0.295646017973714,-1.30099450780589E-14));
#3704=DIRECTION('',(-0.583495227360041,0.399416223566282,-0.707106781186621));
#3705=DIRECTION('center_axis',(-0.583495227360096,0.399416223566333,0.707106781186547));
#3706=DIRECTION('ref_axis',(0.771302522577207,0.,0.63646870988764));
#3707=DIRECTION('',(-0.583495227360106,0.39941622356634,-0.707106781186534));
#3708=DIRECTION('center_axis',(0.,0.,-1.));
#3709=DIRECTION('ref_axis',(-0.466444080035639,0.884550688315659,-6.35237867689621E-15));
#3710=DIRECTION('',(5.02429586778768E-14,0.707106781186489,-0.707106781186606));
#3711=DIRECTION('center_axis',(4.22920225714057E-14,0.707106781186549,0.707106781186546));
#3712=DIRECTION('ref_axis',(1.,0.,-5.98099519006711E-14));
#3713=DIRECTION('',(5.02429586778809E-14,0.707106781186546,-0.707106781186549));
#3714=DIRECTION('center_axis',(0.,0.,-1.));
#3715=DIRECTION('ref_axis',(6.76707354262558E-14,1.,8.73406090079944E-28));
#3716=DIRECTION('',(0.707106781186596,-5.02429586778835E-14,-0.707106781186499));
#3717=DIRECTION('center_axis',(0.707106781186538,-5.1936529779418E-14,0.707106781186557));
#3718=DIRECTION('ref_axis',(0.707106781186557,0.,-0.707106781186538));
#3719=DIRECTION('',(0.707106781186557,-5.02429586778808E-14,-0.707106781186538));
#3720=DIRECTION('center_axis',(0.,0.,-1.));
#3721=DIRECTION('ref_axis',(1.,-7.29575117339949E-14,1.35868812684506E-14));
#3722=DIRECTION('',(-5.02429586778834E-14,-0.707106781186588,-0.707106781186507));
#3723=DIRECTION('center_axis',(-1.28785870856518E-14,9.82763362951646E-29,
1.));
#3724=DIRECTION('ref_axis',(1.,-7.29575117339949E-14,1.4210854715202E-14));
#3725=DIRECTION('center_axis',(-6.01879584657316E-14,-0.707106781186549,
0.707106781186546));
#3726=DIRECTION('ref_axis',(1.,0.,8.51186271537863E-14));
#3727=DIRECTION('',(-5.02429586778807E-14,-0.707106781186549,-0.707106781186546));
#3728=DIRECTION('',(1.,-7.22400400681342E-14,1.28785870856518E-14));
#3729=DIRECTION('center_axis',(0.,0.,-1.));
#3730=DIRECTION('ref_axis',(-0.136098131267994,-0.990695361180903,-1.85348448835735E-15));
#3731=DIRECTION('',(-0.19068094225639,-0.680911725747351,-0.707106781186533));
#3732=DIRECTION('center_axis',(-1.28785870856518E-14,9.82763362951646E-29,
1.));
#3733=DIRECTION('ref_axis',(-0.136098131267994,-0.990695361180903,-1.93407077045984E-15));
#3734=DIRECTION('center_axis',(-0.190680942256424,-0.680911725747329,0.707106781186546));
#3735=DIRECTION('ref_axis',(0.965510778053664,0.,0.260363087749029));
#3736=DIRECTION('',(-0.190680942256406,-0.680911725747332,-0.707106781186546));
#3737=DIRECTION('',(0.962954597330742,-0.269663574625103,1.24014946412528E-14));
#3738=DIRECTION('center_axis',(0.,0.,1.));
#3739=DIRECTION('ref_axis',(0.136098131267987,0.990695361180904,1.8351694242431E-15));
#3740=DIRECTION('',(-5.02429586778793E-14,-0.707106781186523,-0.707106781186572));
#3741=DIRECTION('center_axis',(1.28785870856518E-14,-9.82763362951646E-29,
-1.));
#3742=DIRECTION('ref_axis',(0.136098131267987,0.990695361180904,1.93407077045985E-15));
#3743=DIRECTION('center_axis',(-6.05010616542688E-14,-0.707106781186546,
0.707106781186549));
#3744=DIRECTION('ref_axis',(1.,0.,8.55614219294374E-14));
#3745=DIRECTION('',(-5.02429586778807E-14,-0.707106781186549,-0.707106781186546));
#3746=DIRECTION('',(1.,-7.2682834843786E-14,1.28785870856518E-14));
#3747=DIRECTION('center_axis',(0.,0.,-1.));
#3748=DIRECTION('ref_axis',(-7.19001564724466E-14,-1.,-9.30870731668825E-28));
#3749=DIRECTION('center_axis',(-1.28785870856518E-14,9.82763362951646E-29,
1.));
#3750=DIRECTION('ref_axis',(-7.19001564724466E-14,-1.,-1.02176267763023E-27));
#3751=DIRECTION('center_axis',(-7.22400400681342E-14,-1.,-1.02659271402863E-27));
#3752=DIRECTION('ref_axis',(-1.,7.22400400681342E-14,-1.28785870856518E-14));
#3753=DIRECTION('',(1.4210854715202E-14,0.,-1.));
#3754=DIRECTION('',(-1.4210854715202E-14,0.,1.));
#3755=DIRECTION('center_axis',(1.4210854715202E-14,0.,-1.));
#3756=DIRECTION('ref_axis',(-0.136098131267994,-0.990695361180903,-1.93407077045985E-15));
#3757=DIRECTION('',(1.4210854715202E-14,0.,-1.));
#3758=DIRECTION('center_axis',(-0.269663574625103,-0.962954597330742,-3.83214988097938E-15));
#3759=DIRECTION('ref_axis',(-0.962954597330742,0.269663574625103,-1.24014946412528E-14));
#3760=DIRECTION('',(-1.4210854715202E-14,0.,1.));
#3761=DIRECTION('center_axis',(1.4210854715202E-14,0.,-1.));
#3762=DIRECTION('ref_axis',(0.136098131267987,0.990695361180904,1.93407077045985E-15));
#3763=DIRECTION('',(1.4210854715202E-14,0.,-1.));
#3764=DIRECTION('center_axis',(-7.2682834843786E-14,-1.,-1.03288520625406E-27));
#3765=DIRECTION('ref_axis',(-1.,7.2682834843786E-14,-1.28785870856518E-14));
#3766=DIRECTION('',(1.4210854715202E-14,0.,-1.));
#3767=DIRECTION('center_axis',(1.4210854715202E-14,0.,-1.));
#3768=DIRECTION('ref_axis',(-7.19001564724466E-14,-1.,-1.02176267763023E-27));
#3769=DIRECTION('center_axis',(1.4210854715202E-14,0.,-1.));
#3770=DIRECTION('ref_axis',(6.45947928472076E-14,1.,9.17947216510237E-28));
#3771=DIRECTION('',(1.4210854715202E-14,0.,-1.));
#3772=DIRECTION('center_axis',(-1.,7.26509823389358E-14,-1.4210854715202E-14));
#3773=DIRECTION('ref_axis',(7.26509823389358E-14,1.,8.37365666614972E-28));
#3774=DIRECTION('center_axis',(1.4210854715202E-14,0.,-1.));
#3775=DIRECTION('ref_axis',(-7.10542722632083E-14,-1.,-1.00974194002686E-27));
#3776=DIRECTION('',(1.4210854715202E-14,0.,-1.));
#3777=DIRECTION('center_axis',(1.,-7.21147755973639E-14,1.4210854715202E-14));
#3778=DIRECTION('ref_axis',(-7.21147755973639E-14,-1.,-8.30460081397725E-28));
#3779=DIRECTION('center_axis',(1.4210854715202E-14,0.,-1.));
#3780=DIRECTION('ref_axis',(1.,-7.29575117339949E-14,1.4210854715202E-14));
#3781=CARTESIAN_POINT('',(0.,0.,0.));
#3782=CARTESIAN_POINT('Origin',(382.042175740547,93.3098518523794,-8.00000000000055));
#3783=CARTESIAN_POINT('',(383.042175740547,93.3098518523794,-8.00000000000055));
#3784=CARTESIAN_POINT('',(382.042175740547,94.3098518523794,-8.00000000000055));
#3785=CARTESIAN_POINT('Origin',(382.042175740547,93.3098518523794,-8.00000000000055));
#3786=CARTESIAN_POINT('',(383.042175740547,93.3098518523794,-4.60000000000055));
#3787=CARTESIAN_POINT('',(383.042175740547,93.3098518523794,-8.00000000000055));
#3788=CARTESIAN_POINT('',(382.042175740547,94.3098518523794,-4.60000000000055));
#3789=CARTESIAN_POINT('Origin',(382.042175740547,93.3098518523794,-4.60000000000055));
#3790=CARTESIAN_POINT('',(382.042175740547,94.3098518523794,-8.00000000000055));
#3791=CARTESIAN_POINT('Origin',(348.042175740547,94.3098518523794,-8.00000000000055));
#3792=CARTESIAN_POINT('',(352.042175740547,94.3098518523794,-4.60000000000055));
#3793=CARTESIAN_POINT('',(348.042175740547,94.3098518523794,-4.60000000000055));
#3794=CARTESIAN_POINT('',(352.042175740547,94.3098518523794,-8.00000000000055));
#3795=CARTESIAN_POINT('',(352.042175740547,94.3098518523794,-8.00000000000055));
#3796=CARTESIAN_POINT('',(328.667179261233,94.3098518523794,-8.00000000000055));
#3797=CARTESIAN_POINT('Origin',(382.042175740547,64.3098518523794,-8.00000000000055));
#3798=CARTESIAN_POINT('',(382.042175740547,63.3098518523794,-8.00000000000055));
#3799=CARTESIAN_POINT('',(383.042175740547,64.3098518523794,-8.00000000000055));
#3800=CARTESIAN_POINT('Origin',(382.042175740547,64.3098518523794,-8.00000000000055));
#3801=CARTESIAN_POINT('',(382.042175740547,63.3098518523794,-4.60000000000055));
#3802=CARTESIAN_POINT('',(382.042175740547,63.3098518523794,-8.00000000000055));
#3803=CARTESIAN_POINT('',(383.042175740547,64.3098518523794,-4.60000000000055));
#3804=CARTESIAN_POINT('Origin',(382.042175740547,64.3098518523794,-4.60000000000055));
#3805=CARTESIAN_POINT('',(383.042175740547,64.3098518523794,-8.00000000000055));
#3806=CARTESIAN_POINT('Origin',(383.042175740547,81.8098518523794,-8.00000000000055));
#3807=CARTESIAN_POINT('',(383.042175740547,84.9348564992977,-8.00000000000055));
#3808=CARTESIAN_POINT('',(383.042175740547,98.0000014603138,-4.60000000000055));
#3809=CARTESIAN_POINT('Origin',(352.042175740547,64.3098518523794,-8.00000000000055));
#3810=CARTESIAN_POINT('',(351.042175740547,64.3098518523794,-8.00000000000055));
#3811=CARTESIAN_POINT('',(352.042175740547,63.3098518523794,-8.00000000000055));
#3812=CARTESIAN_POINT('Origin',(352.042175740547,64.3098518523794,-8.00000000000055));
#3813=CARTESIAN_POINT('',(351.042175740547,64.3098518523794,-4.60000000000055));
#3814=CARTESIAN_POINT('',(351.042175740547,64.3098518523794,-8.00000000000055));
#3815=CARTESIAN_POINT('',(352.042175740547,63.3098518523794,-4.60000000000055));
#3816=CARTESIAN_POINT('Origin',(352.042175740547,64.3098518523794,-4.60000000000055));
#3817=CARTESIAN_POINT('',(352.042175740547,63.3098518523794,-8.00000000000055));
#3818=CARTESIAN_POINT('Origin',(386.042175740547,63.3098518523794,-8.00000000000055));
#3819=CARTESIAN_POINT('',(347.667179261233,63.3098518523794,-8.00000000000055));
#3820=CARTESIAN_POINT('',(386.042175740547,63.3098518523794,-4.60000000000055));
#3821=CARTESIAN_POINT('Origin',(352.042175740547,93.3098518523794,-8.00000000000055));
#3822=CARTESIAN_POINT('',(351.042175740547,93.3098518523794,-8.00000000000055));
#3823=CARTESIAN_POINT('Origin',(352.042175740547,93.3098518523794,-8.00000000000055));
#3824=CARTESIAN_POINT('',(351.042175740547,93.3098518523794,-4.60000000000055));
#3825=CARTESIAN_POINT('Origin',(352.042175740547,93.3098518523794,-4.60000000000055));
#3826=CARTESIAN_POINT('',(351.042175740547,93.3098518523794,-8.00000000000055));
#3827=CARTESIAN_POINT('Origin',(351.042175740547,75.8098518523794,-8.00000000000055));
#3828=CARTESIAN_POINT('',(351.042175740547,100.434856499298,-8.00000000000055));
#3829=CARTESIAN_POINT('',(351.042175740547,97.0151529754128,-4.60000000000055));
#3830=CARTESIAN_POINT('Origin',(266.542177648384,77.8098568757474,-8.00000000000055));
#3831=CARTESIAN_POINT('',(266.542177648384,76.8098568757474,-8.00000000000055));
#3832=CARTESIAN_POINT('',(267.542177648384,77.8098568757474,-8.00000000000055));
#3833=CARTESIAN_POINT('Origin',(266.542177648384,77.8098568757474,-8.00000000000055));
#3834=CARTESIAN_POINT('',(266.542177648384,76.8098568757474,-4.60000000000055));
#3835=CARTESIAN_POINT('',(266.542177648384,76.8098568757474,-8.00000000000055));
#3836=CARTESIAN_POINT('',(267.542177648384,77.8098568757474,-4.60000000000055));
#3837=CARTESIAN_POINT('Origin',(266.542177648384,77.8098568757474,-4.60000000000055));
#3838=CARTESIAN_POINT('',(267.542177648384,77.8098568757474,-8.00000000000055));
#3839=CARTESIAN_POINT('Origin',(270.542177648384,76.8098568757474,-8.00000000000055));
#3840=CARTESIAN_POINT('',(236.542177648384,76.8098568757474,-8.00000000000055));
#3841=CARTESIAN_POINT('',(289.917180215151,76.8098568757474,-8.00000000000055));
#3842=CARTESIAN_POINT('',(236.542177648384,76.8098568757474,-4.60000000000055));
#3843=CARTESIAN_POINT('',(236.542177648384,76.8098568757474,-8.00000000000055));
#3844=CARTESIAN_POINT('',(270.542177648384,76.8098568757474,-4.60000000000055));
#3845=CARTESIAN_POINT('Origin',(236.542177648384,77.8098568757474,-8.00000000000055));
#3846=CARTESIAN_POINT('',(235.542177648384,77.8098568757474,-8.00000000000055));
#3847=CARTESIAN_POINT('Origin',(236.542177648384,77.8098568757474,-8.00000000000055));
#3848=CARTESIAN_POINT('',(235.542177648384,77.8098568757474,-4.60000000000055));
#3849=CARTESIAN_POINT('',(235.542177648384,77.8098568757474,-8.00000000000055));
#3850=CARTESIAN_POINT('Origin',(236.542177648384,77.8098568757474,-4.60000000000055));
#3851=CARTESIAN_POINT('Origin',(235.542177648384,89.3098568757474,-8.00000000000055));
#3852=CARTESIAN_POINT('',(235.542177648384,106.809856875747,-8.00000000000055));
#3853=CARTESIAN_POINT('',(235.542177648384,107.184859010982,-8.00000000000055));
#3854=CARTESIAN_POINT('',(235.542177648384,106.809856875747,-4.60000000000055));
#3855=CARTESIAN_POINT('',(235.542177648384,106.809856875747,-8.00000000000055));
#3856=CARTESIAN_POINT('',(235.542177648384,112.325396457202,-4.60000000000055));
#3857=CARTESIAN_POINT('Origin',(236.542177648384,106.809856875747,-8.00000000000055));
#3858=CARTESIAN_POINT('',(236.542177648384,107.809856875747,-8.00000000000055));
#3859=CARTESIAN_POINT('Origin',(236.542177648384,106.809856875747,-8.00000000000055));
#3860=CARTESIAN_POINT('',(236.542177648384,107.809856875747,-4.60000000000055));
#3861=CARTESIAN_POINT('',(236.542177648384,107.809856875747,-8.00000000000055));
#3862=CARTESIAN_POINT('Origin',(236.542177648384,106.809856875747,-4.60000000000055));
#3863=CARTESIAN_POINT('Origin',(232.542177648384,107.809856875747,-8.00000000000055));
#3864=CARTESIAN_POINT('',(256.292175970542,107.809856875747,-8.00000000000055));
#3865=CARTESIAN_POINT('',(270.917180215151,107.809856875747,-8.00000000000055));
#3866=CARTESIAN_POINT('',(256.292175970542,107.809856875747,-4.60000000000055));
#3867=CARTESIAN_POINT('',(256.292175970542,107.809856875747,-8.00000000000055));
#3868=CARTESIAN_POINT('',(232.542177648384,107.809856875747,-4.60000000000055));
#3869=CARTESIAN_POINT('Origin',(257.292175970542,140.809870440053,-8.00000000000055));
#3870=CARTESIAN_POINT('',(257.292175970542,141.809870440053,-8.00000000000055));
#3871=CARTESIAN_POINT('',(256.292175970542,140.809870440053,-8.00000000000055));
#3872=CARTESIAN_POINT('Origin',(257.292175970542,140.809870440053,-8.00000000000055));
#3873=CARTESIAN_POINT('',(257.292175970542,141.809870440053,-4.60000000000055));
#3874=CARTESIAN_POINT('',(257.292175970542,141.809870440053,-8.00000000000055));
#3875=CARTESIAN_POINT('',(256.292175970542,140.809870440053,-4.60000000000055));
#3876=CARTESIAN_POINT('Origin',(257.292175970542,140.809870440053,-4.60000000000055));
#3877=CARTESIAN_POINT('',(256.292175970542,140.809870440053,-8.00000000000055));
#3878=CARTESIAN_POINT('Origin',(268.792175970542,141.809870440053,-8.00000000000055));
#3879=CARTESIAN_POINT('',(362.292175970542,141.809870440053,-8.00000000000055));
#3880=CARTESIAN_POINT('',(335.79217937623,141.809870440053,-8.00000000000055));
#3881=CARTESIAN_POINT('',(362.292175970542,141.809870440053,-4.60000000000055));
#3882=CARTESIAN_POINT('',(362.292175970542,141.809870440053,-6.30000000000055));
#3883=CARTESIAN_POINT('',(252.868276480743,141.809870440053,-4.60000000000055));
#3884=CARTESIAN_POINT('Origin',(373.292175970542,147.559870440074,-6.29999994039617));
#3885=CARTESIAN_POINT('',(372.292175970541,147.559870440074,-8.00000000000055));
#3886=CARTESIAN_POINT('',(373.292175970542,146.559870440074,-8.00000000000055));
#3887=CARTESIAN_POINT('Origin',(373.292175970542,147.559870440074,-8.00000000000055));
#3888=CARTESIAN_POINT('',(373.292175970542,146.559870440074,-9.99999999999972));
#3889=CARTESIAN_POINT('',(373.292175970542,146.559870440074,-6.29999994039617));
#3890=CARTESIAN_POINT('',(372.292175970542,147.559870440074,-9.99999999999974));
#3891=CARTESIAN_POINT('Origin',(373.292175970542,147.559870440074,-10.0000000000005));
#3892=CARTESIAN_POINT('',(372.292175970542,147.559870440074,-6.29999994039617));
#3893=CARTESIAN_POINT('Origin',(382.292175970541,146.559870440073,-4.5999998807918));
#3894=CARTESIAN_POINT('',(381.292175970542,146.559870440073,-8.00000000000055));
#3895=CARTESIAN_POINT('',(345.792179376231,146.559870440076,-8.00000000000055));
#3896=CARTESIAN_POINT('',(381.292175970542,146.559870440073,-9.99999999999962));
#3897=CARTESIAN_POINT('',(381.292175970542,146.559870440073,-4.5999998807918));
#3898=CARTESIAN_POINT('',(345.792179376231,146.559870440076,-10.0000000000001));
#3899=CARTESIAN_POINT('Origin',(381.292175970542,147.559870440073,-4.5999998807918));
#3900=CARTESIAN_POINT('',(382.292175970541,147.559870440073,-9.99999999999961));
#3901=CARTESIAN_POINT('Origin',(381.292175970542,147.559870440073,-10.0000000000005));
#3902=CARTESIAN_POINT('',(382.292175970541,147.559870440073,-8.00000000000055));
#3903=CARTESIAN_POINT('Origin',(381.292175970542,147.559870440073,-8.00000000000055));
#3904=CARTESIAN_POINT('',(382.292175970542,147.559870440073,-4.5999998807918));
#3905=CARTESIAN_POINT('Origin',(309.292182781918,106.559861146216,-8.00000000000055));
#3906=CARTESIAN_POINT('',(267.542177648384,95.3098568757474,-8.00000000000055));
#3907=CARTESIAN_POINT('',(267.542177648384,91.6848590109817,-8.00000000000055));
#3908=CARTESIAN_POINT('',(269.542177648384,97.3098568757474,-8.00000000000055));
#3909=CARTESIAN_POINT('Origin',(269.542177648384,95.3098568757473,-8.00000000000055));
#3910=CARTESIAN_POINT('',(270.542177648384,97.3098568757474,-8.00000000000055));
#3911=CARTESIAN_POINT('',(289.917180215151,97.3098568757473,-8.00000000000055));
#3912=CARTESIAN_POINT('',(272.542177648384,99.3098568757473,-8.00000000000055));
#3913=CARTESIAN_POINT('Origin',(270.542177648384,99.3098568757474,-8.00000000000055));
#3914=CARTESIAN_POINT('',(272.542177648384,104.809870440053,-8.00000000000055));
#3915=CARTESIAN_POINT('',(272.542177648384,105.684865793135,-8.00000000000055));
#3916=CARTESIAN_POINT('',(289.792175970542,104.809870440053,-8.00000000000055));
#3917=CARTESIAN_POINT('',(299.54217937623,104.809870440053,-8.00000000000055));
#3918=CARTESIAN_POINT('',(291.792175970542,106.809870440053,-8.00000000000055));
#3919=CARTESIAN_POINT('Origin',(289.792175970542,106.809870440053,-8.00000000000055));
#3920=CARTESIAN_POINT('',(291.792175970542,107.809870440053,-8.00000000000055));
#3921=CARTESIAN_POINT('',(291.792175970542,107.184865793135,-8.00000000000055));
#3922=CARTESIAN_POINT('',(293.792175970542,109.809870440053,-8.00000000000055));
#3923=CARTESIAN_POINT('Origin',(293.792175970542,107.809870440053,-8.00000000000055));
#3924=CARTESIAN_POINT('',(362.292175970542,109.809870440053,-8.00000000000055));
#3925=CARTESIAN_POINT('',(304.54217937623,109.809870440053,-8.00000000000055));
#3926=CARTESIAN_POINT('',(362.292175970542,99.8398704400468,-8.00000000000055));
#3927=CARTESIAN_POINT('',(362.292175970542,143.388475043604,-8.00000000000055));
#3928=CARTESIAN_POINT('',(392.29218791545,99.8398704400446,-8.00000000000055));
#3929=CARTESIAN_POINT('',(392.29218791545,99.8398704400446,-8.00000000000055));
#3930=CARTESIAN_POINT('',(392.292187915455,156.559870440045,-8.00000000000055));
#3931=CARTESIAN_POINT('',(392.292187915455,156.559870440045,-8.00000000000055));
#3932=CARTESIAN_POINT('',(382.292175970542,156.559870440073,-8.00000000000055));
#3933=CARTESIAN_POINT('',(392.292187915454,156.559870440045,-8.00000000000055));
#3934=CARTESIAN_POINT('',(382.29217597054,131.559865793142,-8.00000000000055));
#3935=CARTESIAN_POINT('',(372.292175970542,156.559870440073,-8.00000000000055));
#3936=CARTESIAN_POINT('',(372.29217597054,131.559865793142,-8.00000000000055));
#3937=CARTESIAN_POINT('',(362.292175970542,156.559870440047,-8.00000000000055));
#3938=CARTESIAN_POINT('',(392.292187915454,156.559870440045,-8.00000000000055));
#3939=CARTESIAN_POINT('',(362.292175970542,143.388475043604,-8.00000000000055));
#3940=CARTESIAN_POINT('',(256.292175970542,107.184859010982,-8.00000000000055));
#3941=CARTESIAN_POINT('Origin',(382.292175970542,156.559870440073,-4.5999998807918));
#3942=CARTESIAN_POINT('',(382.292175970542,156.559870440045,-5.5999998807918));
#3943=CARTESIAN_POINT('',(382.292175970542,156.559870440045,-2.29999994039564));
#3944=CARTESIAN_POINT('',(382.292175970542,158.459870440045,-5.5999998807918));
#3945=CARTESIAN_POINT('',(382.292175970542,156.559870440073,-5.5999998807918));
#3946=CARTESIAN_POINT('',(382.292175970542,158.459870440045,-9.99999999999961));
#3947=CARTESIAN_POINT('',(382.292175970542,158.459870440045,-2.29999994039658));
#3948=CARTESIAN_POINT('',(382.29217597054,131.559865793142,-9.99999999999961));
#3949=CARTESIAN_POINT('Origin',(372.292175970542,156.559870440073,-8.00000000000055));
#3950=CARTESIAN_POINT('',(372.292175970542,158.459870440046,-9.99999999999974));
#3951=CARTESIAN_POINT('',(372.292175970542,131.559865793145,-9.99999999999974));
#3952=CARTESIAN_POINT('',(372.292175970542,158.459870440064,-5.5999998807918));
#3953=CARTESIAN_POINT('',(372.292175970542,158.459870440046,-4.00000000000095));
#3954=CARTESIAN_POINT('',(372.292175970542,156.559870440046,-5.5999998807918));
#3955=CARTESIAN_POINT('',(372.292175970542,156.559870440073,-5.5999998807918));
#3956=CARTESIAN_POINT('',(372.292175970542,156.559870440046,-4.00000000000001));
#3957=CARTESIAN_POINT('Origin',(270.042177648384,92.3098568757474,-8.84379919617098));
#3958=CARTESIAN_POINT('',(269.230677648384,92.3098568757474,-8.60000000000054));
#3959=CARTESIAN_POINT('Origin',(270.042177648384,92.3098568757474,-8.60000000000055));
#3960=CARTESIAN_POINT('',(270.042177648384,92.3098568757474,-9.08759839234141));
#3961=CARTESIAN_POINT('',(269.636427648384,92.3098568757474,-8.84379919617098));
#3962=CARTESIAN_POINT('Origin',(270.042177648384,92.3098568757474,-6.60000000000055));
#3963=CARTESIAN_POINT('',(269.230677648384,92.3098568757474,-4.60000000000055));
#3964=CARTESIAN_POINT('Origin',(270.042177648384,92.3098568757474,-4.60000000000055));
#3965=CARTESIAN_POINT('',(269.230677648384,92.3098568757474,-6.60000000000055));
#3966=CARTESIAN_POINT('Origin',(321.792175970542,107.309870440053,-8.84379919617098));
#3967=CARTESIAN_POINT('',(320.980675970542,107.309870440053,-8.60000000000053));
#3968=CARTESIAN_POINT('Origin',(321.792175970542,107.309870440053,-8.60000000000055));
#3969=CARTESIAN_POINT('',(321.792175970542,107.309870440053,-9.08759839234141));
#3970=CARTESIAN_POINT('',(321.386425970542,107.309870440053,-8.84379919617098));
#3971=CARTESIAN_POINT('Origin',(321.792175970542,107.309870440053,-6.60000000000055));
#3972=CARTESIAN_POINT('',(320.980675970542,107.309870440053,-4.60000000000055));
#3973=CARTESIAN_POINT('Origin',(321.792175970542,107.309870440053,-4.60000000000055));
#3974=CARTESIAN_POINT('',(320.980675970542,107.309870440053,-6.60000000000055));
#3975=CARTESIAN_POINT('Origin',(348.542175740547,78.8098518523794,-8.84379919617098));
#3976=CARTESIAN_POINT('',(347.730675740547,78.8098518523794,-8.60000000000053));
#3977=CARTESIAN_POINT('Origin',(348.542175740547,78.8098518523794,-8.60000000000055));
#3978=CARTESIAN_POINT('',(348.542175740547,78.8098518523794,-9.08759839234141));
#3979=CARTESIAN_POINT('',(348.136425740547,78.8098518523794,-8.84379919617098));
#3980=CARTESIAN_POINT('Origin',(348.542175740547,78.8098518523794,-6.60000000000055));
#3981=CARTESIAN_POINT('',(347.730675740547,78.8098518523794,-4.60000000000055));
#3982=CARTESIAN_POINT('Origin',(348.542175740547,78.8098518523794,-4.60000000000055));
#3983=CARTESIAN_POINT('',(347.730675740547,78.8098518523794,-6.60000000000055));
#3984=CARTESIAN_POINT('Origin',(346.792175970542,144.309870440053,-8.84379919617098));
#3985=CARTESIAN_POINT('',(345.980675970542,144.309870440053,-8.60000000000053));
#3986=CARTESIAN_POINT('Origin',(346.792175970542,144.309870440053,-8.60000000000055));
#3987=CARTESIAN_POINT('',(346.792175970542,144.309870440053,-9.08759839234141));
#3988=CARTESIAN_POINT('',(346.386425970542,144.309870440053,-8.84379919617098));
#3989=CARTESIAN_POINT('Origin',(346.792175970542,144.309870440053,-6.60000000000055));
#3990=CARTESIAN_POINT('',(345.980675970542,144.309870440053,-4.60000000000055));
#3991=CARTESIAN_POINT('Origin',(346.792175970542,144.309870440053,-4.60000000000055));
#3992=CARTESIAN_POINT('',(345.980675970542,144.309870440053,-6.60000000000055));
#3993=CARTESIAN_POINT('Origin',(296.792175970542,144.309870440053,-8.84379919617098));
#3994=CARTESIAN_POINT('',(295.980675970542,144.309870440053,-8.60000000000054));
#3995=CARTESIAN_POINT('Origin',(296.792175970542,144.309870440053,-8.60000000000055));
#3996=CARTESIAN_POINT('',(296.792175970542,144.309870440053,-9.08759839234141));
#3997=CARTESIAN_POINT('',(296.386425970542,144.309870440053,-8.84379919617098));
#3998=CARTESIAN_POINT('Origin',(296.792175970542,144.309870440053,-6.60000000000055));
#3999=CARTESIAN_POINT('',(295.980675970542,144.309870440053,-4.60000000000055));
#4000=CARTESIAN_POINT('Origin',(296.792175970542,144.309870440053,-4.60000000000055));
#4001=CARTESIAN_POINT('',(295.980675970542,144.309870440053,-6.60000000000055));
#4002=CARTESIAN_POINT('Origin',(271.792175970542,144.309870440053,-8.84379919617098));
#4003=CARTESIAN_POINT('',(270.980675970542,144.309870440053,-8.60000000000054));
#4004=CARTESIAN_POINT('Origin',(271.792175970542,144.309870440053,-8.60000000000055));
#4005=CARTESIAN_POINT('',(271.792175970542,144.309870440053,-9.08759839234141));
#4006=CARTESIAN_POINT('',(271.386425970542,144.309870440053,-8.84379919617098));
#4007=CARTESIAN_POINT('Origin',(271.792175970542,144.309870440053,-6.60000000000055));
#4008=CARTESIAN_POINT('',(270.980675970542,144.309870440053,-4.60000000000055));
#4009=CARTESIAN_POINT('Origin',(271.792175970542,144.309870440053,-4.60000000000055));
#4010=CARTESIAN_POINT('',(270.980675970542,144.309870440053,-6.60000000000055));
#4011=CARTESIAN_POINT('Origin',(321.792175970542,144.309870440053,-8.84379919617098));
#4012=CARTESIAN_POINT('',(320.980675970542,144.309870440053,-8.60000000000053));
#4013=CARTESIAN_POINT('Origin',(321.792175970542,144.309870440053,-8.60000000000055));
#4014=CARTESIAN_POINT('',(321.792175970542,144.309870440053,-9.08759839234141));
#4015=CARTESIAN_POINT('',(321.386425970542,144.309870440053,-8.84379919617098));
#4016=CARTESIAN_POINT('Origin',(321.792175970542,144.309870440053,-6.60000000000055));
#4017=CARTESIAN_POINT('',(320.980675970542,144.309870440053,-4.60000000000055));
#4018=CARTESIAN_POINT('Origin',(321.792175970542,144.309870440053,-4.60000000000055));
#4019=CARTESIAN_POINT('',(320.980675970542,144.309870440053,-6.60000000000055));
#4020=CARTESIAN_POINT('Origin',(385.542175740547,78.8098518523794,-8.84379919617098));
#4021=CARTESIAN_POINT('',(384.730675740547,78.8098518523794,-8.60000000000053));
#4022=CARTESIAN_POINT('Origin',(385.542175740547,78.8098518523794,-8.60000000000055));
#4023=CARTESIAN_POINT('',(385.542175740547,78.8098518523794,-9.08759839234141));
#4024=CARTESIAN_POINT('',(385.136425740547,78.8098518523794,-8.84379919617098));
#4025=CARTESIAN_POINT('Origin',(385.542175740547,78.8098518523794,-6.60000000000055));
#4026=CARTESIAN_POINT('',(384.730675740547,78.8098518523794,-4.60000000000055));
#4027=CARTESIAN_POINT('Origin',(385.542175740547,78.8098518523794,-4.60000000000055));
#4028=CARTESIAN_POINT('',(384.730675740547,78.8098518523794,-6.60000000000055));
#4029=CARTESIAN_POINT('Origin',(346.792175970542,107.309870440053,-8.84379919617098));
#4030=CARTESIAN_POINT('',(345.980675970542,107.309870440053,-8.60000000000053));
#4031=CARTESIAN_POINT('Origin',(346.792175970542,107.309870440053,-8.60000000000055));
#4032=CARTESIAN_POINT('',(346.792175970542,107.309870440053,-9.08759839234141));
#4033=CARTESIAN_POINT('',(346.386425970542,107.309870440053,-8.84379919617098));
#4034=CARTESIAN_POINT('Origin',(346.792175970542,107.309870440053,-6.60000000000055));
#4035=CARTESIAN_POINT('',(345.980675970542,107.309870440053,-4.60000000000055));
#4036=CARTESIAN_POINT('Origin',(346.792175970542,107.309870440053,-4.60000000000055));
#4037=CARTESIAN_POINT('',(345.980675970542,107.309870440053,-6.60000000000055));
#4038=CARTESIAN_POINT('Origin',(296.792175970542,107.309870440053,-8.84379919617098));
#4039=CARTESIAN_POINT('',(295.980675970542,107.309870440053,-8.60000000000054));
#4040=CARTESIAN_POINT('Origin',(296.792175970542,107.309870440053,-8.60000000000055));
#4041=CARTESIAN_POINT('',(296.792175970542,107.309870440053,-9.08759839234141));
#4042=CARTESIAN_POINT('',(296.386425970542,107.309870440053,-8.84379919617098));
#4043=CARTESIAN_POINT('Origin',(296.792175970542,107.309870440053,-6.60000000000055));
#4044=CARTESIAN_POINT('',(295.980675970542,107.309870440053,-4.60000000000055));
#4045=CARTESIAN_POINT('Origin',(296.792175970542,107.309870440053,-4.60000000000055));
#4046=CARTESIAN_POINT('',(295.980675970542,107.309870440053,-6.60000000000055));
#4047=CARTESIAN_POINT('Origin',(233.042177648384,92.3098568757474,-8.84379919617098));
#4048=CARTESIAN_POINT('',(232.230677648384,92.3098568757474,-8.60000000000054));
#4049=CARTESIAN_POINT('Origin',(233.042177648384,92.3098568757474,-8.60000000000055));
#4050=CARTESIAN_POINT('',(233.042177648384,92.3098568757474,-9.08759839234141));
#4051=CARTESIAN_POINT('',(232.636427648384,92.3098568757474,-8.84379919617098));
#4052=CARTESIAN_POINT('Origin',(233.042177648384,92.3098568757474,-6.60000000000055));
#4053=CARTESIAN_POINT('',(232.230677648384,92.3098568757474,-4.60000000000055));
#4054=CARTESIAN_POINT('Origin',(233.042177648384,92.3098568757474,-4.60000000000055));
#4055=CARTESIAN_POINT('',(232.230677648384,92.3098568757474,-6.60000000000055));
#4056=CARTESIAN_POINT('Origin',(382.792175970542,158.959870440045,-2.29999994039658));
#4057=CARTESIAN_POINT('',(383.292175970542,159.459870440045,-8.99999999999959));
#4058=CARTESIAN_POINT('',(366.521343214758,142.689037684263,-25.7708327557837));
#4059=CARTESIAN_POINT('',(383.292175970542,159.459870440045,-5.5999998807918));
#4060=CARTESIAN_POINT('',(382.292175970542,158.459870440045,-5.5999998807918));
#4061=CARTESIAN_POINT('',(383.292175970542,159.459870440045,-2.29999994039658));
#4062=CARTESIAN_POINT('Origin',(381.292175970542,158.959870440055,-5.5999998807918));
#4063=CARTESIAN_POINT('',(381.292175970542,158.459870440065,-4.5999998807918));
#4064=CARTESIAN_POINT('Origin',(381.292175970542,158.459870440065,-5.5999998807918));
#4065=CARTESIAN_POINT('',(381.292175970542,159.459870440045,-3.59999988079185));
#4066=CARTESIAN_POINT('',(381.292175970542,158.459870440065,-4.5999998807918));
#4067=CARTESIAN_POINT('Origin',(381.292175970542,159.459870440045,-5.5999998807918));
#4068=CARTESIAN_POINT('Origin',(309.467175970543,158.959870440051,-4.0999998807918));
#4069=CARTESIAN_POINT('',(373.292175970542,158.459870440046,-4.5999998807918));
#4070=CARTESIAN_POINT('',(373.292175970542,159.459870440046,-3.5999998807918));
#4071=CARTESIAN_POINT('',(373.292175970542,158.459870440046,-4.5999998807918));
#4072=CARTESIAN_POINT('',(309.467175970543,159.459870440051,-3.5999998807918));
#4073=CARTESIAN_POINT('',(309.467175970543,158.459870440051,-4.5999998807918));
#4074=CARTESIAN_POINT('Origin',(373.292175970542,158.959870440055,-5.5999998807918));
#4075=CARTESIAN_POINT('Origin',(373.292175970542,158.459870440064,-5.5999998807918));
#4076=CARTESIAN_POINT('',(371.292175970542,159.459870440046,-5.5999998807918));
#4077=CARTESIAN_POINT('',(372.292175970542,158.459870440064,-5.5999998807918));
#4078=CARTESIAN_POINT('Origin',(373.292175970542,159.459870440046,-5.5999998807918));
#4079=CARTESIAN_POINT('Origin',(371.792175970542,158.959870440046,-4.00000000000095));
#4080=CARTESIAN_POINT('',(371.292175970542,159.459870440046,-8.99999999999975));
#4081=CARTESIAN_POINT('',(355.238009871491,175.514036539099,7.05416609905156));
#4082=CARTESIAN_POINT('',(371.292175970542,159.459870440046,-4.00000000000095));
#4083=CARTESIAN_POINT('Origin',(373.292175970542,156.559870440073,-5.5999998807918));
#4084=CARTESIAN_POINT('',(373.292175970542,156.559870440046,-4.5999998807918));
#4085=CARTESIAN_POINT('',(373.292175970542,156.559870440073,-4.5999998807918));
#4086=CARTESIAN_POINT('Origin',(373.292175970542,156.559870440045,-5.5999998807918));
#4087=CARTESIAN_POINT('Origin',(372.292175970542,156.559870440073,-4.5999998807918));
#4088=CARTESIAN_POINT('',(381.292175970542,156.559870440045,-4.5999998807918));
#4089=CARTESIAN_POINT('',(381.292175970542,156.559870440073,-4.5999998807918));
#4090=CARTESIAN_POINT('',(382.292181942998,156.559870440045,-4.5999998807918));
#4091=CARTESIAN_POINT('Origin',(381.292175970542,156.559870440073,-5.5999998807918));
#4092=CARTESIAN_POINT('Origin',(381.292175970542,156.559870440045,-5.5999998807918));
#4093=CARTESIAN_POINT('Origin',(277.967179376234,158.959870440053,-9.50000000000095));
#4094=CARTESIAN_POINT('',(392.292187915455,159.459870440045,-8.99999999999948));
#4095=CARTESIAN_POINT('',(277.967179376234,159.459870440053,-9.00000000000095));
#4096=CARTESIAN_POINT('',(392.292187915455,158.459870440045,-9.99999999999948));
#4097=CARTESIAN_POINT('',(392.292187915455,159.459870440045,-8.99999999999948));
#4098=CARTESIAN_POINT('',(277.967179376233,158.459870440053,-10.000000000001));
#4099=CARTESIAN_POINT('Origin',(277.967179376234,158.959870440053,-9.50000000000095));
#4100=CARTESIAN_POINT('',(249.278791860381,158.459870440055,-10.0000000000013));
#4101=CARTESIAN_POINT('',(277.967179376233,158.459870440053,-10.000000000001));
#4102=CARTESIAN_POINT('',(249.278791860381,159.459870440055,-9.00000000000148));
#4103=CARTESIAN_POINT('',(249.278791860381,159.459870440055,-9.00000000000148));
#4104=CARTESIAN_POINT('',(277.967179376234,159.459870440053,-9.00000000000095));
#4105=CARTESIAN_POINT('Origin',(392.292187915454,156.559870440045,5.23014276131722E-13));
#4106=CARTESIAN_POINT('',(392.292187915454,156.559870440045,-4.60000000000055));
#4107=CARTESIAN_POINT('',(392.292187915455,156.559870440045,-4.60000000000055));
#4108=CARTESIAN_POINT('',(392.292187915454,156.559870440045,5.23014276131721E-13));
#4109=CARTESIAN_POINT('',(392.292187915454,156.559870440045,5.23014276131721E-13));
#4110=CARTESIAN_POINT('',(249.226059542584,156.559870440055,-1.31947531712533E-12));
#4111=CARTESIAN_POINT('',(255.042175970544,156.559870440055,-1.24457195520755E-12));
#4112=CARTESIAN_POINT('',(249.226059542584,156.559870440055,-4.60000000000054));
#4113=CARTESIAN_POINT('',(249.226059542584,156.559870440055,-1.14471209791947E-14));
#4114=CARTESIAN_POINT('',(362.292175970542,156.559870440047,-4.60000000000055));
#4115=CARTESIAN_POINT('',(255.042175970544,156.559870440055,-4.60000000000054));
#4116=CARTESIAN_POINT('',(362.292175970542,156.559870440047,-4.60000000000055));
#4117=CARTESIAN_POINT('Origin',(362.292175970542,99.8398704400468,-4.60000000000055));
#4118=CARTESIAN_POINT('',(362.292175970542,109.809870440053,-4.60000000000055));
#4119=CARTESIAN_POINT('',(362.292175970542,109.809870440053,-6.30000000000055));
#4120=CARTESIAN_POINT('',(362.292175970542,99.8398704400468,-4.60000000000055));
#4121=CARTESIAN_POINT('',(362.292175970542,103.199865793131,-4.60000000000055));
#4122=CARTESIAN_POINT('',(362.292175970542,99.8398704400468,-4.60000000000055));
#4123=CARTESIAN_POINT('Origin',(362.292175970542,99.8398704400468,-4.60000000000055));
#4124=CARTESIAN_POINT('',(362.292175970542,103.199865793131,-4.60000000000055));
#4125=CARTESIAN_POINT('Origin',(392.29218791545,99.8398704400446,-4.60000000000055));
#4126=CARTESIAN_POINT('',(392.29218791545,99.8398704400446,-4.60000000000055));
#4127=CARTESIAN_POINT('',(350.792185348684,99.8398704400476,-4.60000000000055));
#4128=CARTESIAN_POINT('',(392.29218791545,99.8398704400446,-4.60000000000055));
#4129=CARTESIAN_POINT('Origin',(392.292187915455,156.559870440045,-4.60000000000055));
#4130=CARTESIAN_POINT('',(392.292187915453,131.559865793127,-4.60000000000055));
#4131=CARTESIAN_POINT('Origin',(222.792177648386,115.943402165067,-1.02233726905418E-12));
#4132=CARTESIAN_POINT('',(221.141803920161,117.073121845866,-4.60000000000054));
#4133=CARTESIAN_POINT('',(220.792177648386,115.943402165068,-4.60000000000055));
#4134=CARTESIAN_POINT('Origin',(222.792177648386,115.943402165067,-4.60000000000158));
#4135=CARTESIAN_POINT('',(221.141803920161,117.073121845866,-1.68116084889441E-12));
#4136=CARTESIAN_POINT('',(221.141803920161,117.073121845866,-1.02233726905418E-12));
#4137=CARTESIAN_POINT('',(220.792177648384,115.943402165067,-1.68566354128292E-12));
#4138=CARTESIAN_POINT('Origin',(222.792177648386,115.943402165067,-1.58034321304745E-12));
#4139=CARTESIAN_POINT('',(220.792177648386,115.943402165067,-1.05075897848458E-12));
#4140=CARTESIAN_POINT('Origin',(220.792177648384,116.562363271465,-5.45908518090071E-13));
#4141=CARTESIAN_POINT('',(247.575685814359,155.689590120854,-4.60000000000054));
#4142=CARTESIAN_POINT('',(253.110554706575,163.775314716204,-4.60000000000054));
#4143=CARTESIAN_POINT('',(247.575685814359,155.689590120854,-1.34072979890815E-12));
#4144=CARTESIAN_POINT('',(247.575685814359,155.689590120854,-1.14471209791967E-14));
#4145=CARTESIAN_POINT('',(232.579719515434,133.782431000108,-1.53385665682235E-12));
#4146=CARTESIAN_POINT('Origin',(249.226059542584,154.559870440055,-1.14471209791967E-14));
#4147=CARTESIAN_POINT('Origin',(249.226059542584,154.559870440055,-4.60000000000055));
#4148=CARTESIAN_POINT('Origin',(249.226059542584,154.559870440055,-5.45908518090055E-13));
#4149=CARTESIAN_POINT('Origin',(309.292182781918,106.559861146216,-4.60000000000055));
#4150=CARTESIAN_POINT('',(220.792177648383,75.5598530610834,-4.60000000000055));
#4151=CARTESIAN_POINT('',(220.792177648385,107.809859010986,-4.60000000000055));
#4152=CARTESIAN_POINT('',(226.292177648383,70.059853061083,-4.60000000000055));
#4153=CARTESIAN_POINT('Origin',(226.292177648383,75.559853061083,-4.60000000000173));
#4154=CARTESIAN_POINT('',(276.792190489538,70.0598530610793,-4.60000000000055));
#4155=CARTESIAN_POINT('',(267.792180215149,70.05985306108,-4.60000000000055));
#4156=CARTESIAN_POINT('',(282.292190489539,75.5598530610789,-4.60000000000055));
#4157=CARTESIAN_POINT('Origin',(276.792190489539,75.5598530610793,-4.60000000000101));
#4158=CARTESIAN_POINT('',(282.29219048954,95.0598578327468,-4.60000000000055));
#4159=CARTESIAN_POINT('',(282.29219048954,91.0598571036485,-4.60000000000055));
#4160=CARTESIAN_POINT('',(336.292175740548,95.0598578327428,-4.60000000000055));
#4161=CARTESIAN_POINT('',(295.792186635729,95.0598578327458,-4.60000000000055));
#4162=CARTESIAN_POINT('',(336.292175740546,62.0598518523816,-4.60000000000055));
#4163=CARTESIAN_POINT('',(336.292175740548,100.809859489478,-4.60000000000055));
#4164=CARTESIAN_POINT('',(341.792175740545,56.5598518523812,-4.60000000000055));
#4165=CARTESIAN_POINT('Origin',(341.792175740546,62.0598518523812,-4.60000000000008));
#4166=CARTESIAN_POINT('',(392.292187915447,56.5598518523776,-4.60000000000055));
#4167=CARTESIAN_POINT('',(325.54217926123,56.5598518523824,-4.60000000000055));
#4168=CARTESIAN_POINT('',(397.792187915447,62.0598518523771,-4.60000000000055));
#4169=CARTESIAN_POINT('Origin',(392.292187915447,62.0598518523775,-4.59999999999937));
#4170=CARTESIAN_POINT('',(397.792187915454,151.059870440044,-4.60000000000055));
#4171=CARTESIAN_POINT('',(397.792187915449,84.3098564992934,-4.60000000000055));
#4172=CARTESIAN_POINT('Origin',(392.292187915454,151.059870440045,-4.59999999999937));
#4173=CARTESIAN_POINT('',(293.792175970542,109.809870440053,-4.60000000000055));
#4174=CARTESIAN_POINT('',(364.757455413121,109.809870440053,-4.60000000000055));
#4175=CARTESIAN_POINT('',(291.792175970542,107.809870440053,-4.60000000000055));
#4176=CARTESIAN_POINT('Origin',(293.792175970542,107.809870440053,-4.60000000000055));
#4177=CARTESIAN_POINT('',(291.792175970542,106.809870440053,-4.60000000000055));
#4178=CARTESIAN_POINT('',(291.792175970542,107.809870440053,-4.60000000000055));
#4179=CARTESIAN_POINT('',(289.792175970542,104.809870440053,-4.60000000000055));
#4180=CARTESIAN_POINT('Origin',(289.792175970542,106.809870440053,-4.60000000000055));
#4181=CARTESIAN_POINT('',(272.542177648384,104.809870440053,-4.60000000000055));
#4182=CARTESIAN_POINT('',(278.792175970542,104.809870440053,-4.60000000000055));
#4183=CARTESIAN_POINT('',(272.542177648384,99.3098568757473,-4.60000000000055));
#4184=CARTESIAN_POINT('',(272.542177648384,105.809856875747,-4.60000000000055));
#4185=CARTESIAN_POINT('',(270.542177648384,97.3098568757474,-4.60000000000055));
#4186=CARTESIAN_POINT('Origin',(270.542177648384,99.3098568757474,-4.60000000000055));
#4187=CARTESIAN_POINT('',(269.542177648384,97.3098568757474,-4.60000000000055));
#4188=CARTESIAN_POINT('',(270.542177648384,97.3098568757474,-4.60000000000055));
#4189=CARTESIAN_POINT('',(267.542177648384,95.3098568757474,-4.60000000000055));
#4190=CARTESIAN_POINT('Origin',(269.542177648384,95.3098568757473,-4.60000000000055));
#4191=CARTESIAN_POINT('',(267.542177648384,95.3098568757474,-4.60000000000055));
#4192=CARTESIAN_POINT('',(256.292175970542,106.809870440053,-4.60000000000055));
#4193=CARTESIAN_POINT('Origin',(256.292175970542,107.809856875747,-8.00000000000055));
#4194=CARTESIAN_POINT('Origin',(267.542177648384,95.3098568757474,-8.00000000000055));
#4195=CARTESIAN_POINT('',(267.542177648384,95.3098568757474,-8.00000000000055));
#4196=CARTESIAN_POINT('Origin',(269.542177648384,95.3098568757473,-8.00000000000055));
#4197=CARTESIAN_POINT('',(269.542177648384,97.3098568757474,-8.00000000000055));
#4198=CARTESIAN_POINT('Origin',(270.542177648384,97.3098568757474,-8.00000000000055));
#4199=CARTESIAN_POINT('',(270.542177648384,97.3098568757474,-8.00000000000055));
#4200=CARTESIAN_POINT('Origin',(270.542177648384,99.3098568757474,-8.00000000000055));
#4201=CARTESIAN_POINT('',(272.542177648384,99.3098568757473,-8.00000000000055));
#4202=CARTESIAN_POINT('Origin',(272.542177648384,104.809870440053,-8.00000000000055));
#4203=CARTESIAN_POINT('',(272.542177648384,104.809870440053,-8.00000000000055));
#4204=CARTESIAN_POINT('Origin',(289.792175970542,104.809870440053,-8.00000000000055));
#4205=CARTESIAN_POINT('',(289.792175970542,104.809870440053,-8.00000000000055));
#4206=CARTESIAN_POINT('Origin',(289.792175970542,106.809870440053,-8.00000000000055));
#4207=CARTESIAN_POINT('',(291.792175970542,106.809870440053,-8.00000000000055));
#4208=CARTESIAN_POINT('Origin',(291.792175970542,107.809870440053,-8.00000000000055));
#4209=CARTESIAN_POINT('',(291.792175970542,107.809870440053,-8.00000000000055));
#4210=CARTESIAN_POINT('Origin',(293.792175970542,107.809870440053,-8.00000000000055));
#4211=CARTESIAN_POINT('',(293.792175970542,109.809870440053,-8.00000000000055));
#4212=CARTESIAN_POINT('Origin',(349.792175970542,109.809870440053,-8.00000000000055));
#4213=CARTESIAN_POINT('Origin',(392.292187915447,62.0598518523775,5.23014276131642E-13));
#4214=CARTESIAN_POINT('',(392.292187915447,56.5598518523776,5.23014276131637E-13));
#4215=CARTESIAN_POINT('',(392.292187915447,56.5598518523776,5.23014276131637E-13));
#4216=CARTESIAN_POINT('',(397.792187915447,62.0598518523771,5.93846505102727E-13));
#4217=CARTESIAN_POINT('Origin',(392.292187915447,62.0598518523775,5.23014276131642E-13));
#4218=CARTESIAN_POINT('',(397.792187915447,62.0598518523771,5.93846505102727E-13));
#4219=CARTESIAN_POINT('Origin',(341.792175740545,56.5598518523812,-1.27354528489312E-13));
#4220=CARTESIAN_POINT('',(341.792175740545,56.5598518523812,-1.27354528489312E-13));
#4221=CARTESIAN_POINT('',(341.792175740545,56.5598518523812,-1.27354528489312E-13));
#4222=CARTESIAN_POINT('',(392.292187915447,56.5598518523775,5.23014276131637E-13));
#4223=CARTESIAN_POINT('Origin',(341.792175740546,62.0598518523812,-1.27354528489306E-13));
#4224=CARTESIAN_POINT('',(336.292175740546,62.0598518523816,-1.98186757460392E-13));
#4225=CARTESIAN_POINT('',(336.292175740546,62.0598518523816,-1.98186757460392E-13));
#4226=CARTESIAN_POINT('Origin',(341.792175740546,62.0598518523812,-1.27354528489306E-13));
#4227=CARTESIAN_POINT('Origin',(336.292175740548,95.0598578327428,-1.98186757460364E-13));
#4228=CARTESIAN_POINT('',(336.292175740548,95.0598578327428,-1.98186757460364E-13));
#4229=CARTESIAN_POINT('',(336.292175740548,95.0598578327428,-1.98186757460364E-13));
#4230=CARTESIAN_POINT('',(336.292175740546,62.0598518523816,-1.98186757460392E-13));
#4231=CARTESIAN_POINT('Origin',(282.29219048954,95.0598578327468,-8.93630270139384E-13));
#4232=CARTESIAN_POINT('',(282.29219048954,95.0598578327468,-8.93630270139384E-13));
#4233=CARTESIAN_POINT('',(282.29219048954,95.0598578327468,-8.93630270139384E-13));
#4234=CARTESIAN_POINT('',(336.292175740548,95.0598578327428,-1.98186757460364E-13));
#4235=CARTESIAN_POINT('Origin',(282.292190489539,75.5598530610789,-8.93630270139401E-13));
#4236=CARTESIAN_POINT('',(282.292190489539,75.5598530610789,-8.93630270139401E-13));
#4237=CARTESIAN_POINT('',(282.292190489539,75.5598530610789,-8.93630270139401E-13));
#4238=CARTESIAN_POINT('',(282.29219048954,95.0598578327468,-8.93630270139384E-13));
#4239=CARTESIAN_POINT('Origin',(276.792190489539,75.5598530610793,-9.64462499110486E-13));
#4240=CARTESIAN_POINT('',(276.792190489538,70.0598530610793,-9.64462499110491E-13));
#4241=CARTESIAN_POINT('',(276.792190489538,70.0598530610793,-9.64462499110491E-13));
#4242=CARTESIAN_POINT('Origin',(276.792190489539,75.5598530610793,-9.64462499110486E-13));
#4243=CARTESIAN_POINT('Origin',(226.292177648383,70.059853061083,-1.61483131231185E-12));
#4244=CARTESIAN_POINT('',(226.292177648383,70.059853061083,-1.61483131231185E-12));
#4245=CARTESIAN_POINT('',(226.292177648383,70.059853061083,-1.61483131231185E-12));
#4246=CARTESIAN_POINT('',(276.792190489538,70.0598530610793,-9.64462499110491E-13));
#4247=CARTESIAN_POINT('Origin',(309.292182781918,106.559861146216,-8.00000000000055));
#4248=CARTESIAN_POINT('Origin',(309.292182781918,106.559861146216,-5.45908518090062E-13));
#4249=CARTESIAN_POINT('',(334.086874391737,54.6598518523818,-2.2665936583238E-13));
#4250=CARTESIAN_POINT('',(333.008220093237,54.8080334630588,-2.4051581822016E-13));
#4251=CARTESIAN_POINT('Origin',(334.086874391737,58.6598518523818,-2.2662427490161E-13));
#4252=CARTESIAN_POINT('',(392.292187915447,54.6598518523776,5.22915044598441E-13));
#4253=CARTESIAN_POINT('',(350.792185348681,54.6598518523806,-1.1518563880486E-14));
#4254=CARTESIAN_POINT('',(399.692187915447,62.059851852377,6.18255446838078E-13));
#4255=CARTESIAN_POINT('Origin',(392.292187915447,62.0598518523775,5.22915044598449E-13));
#4256=CARTESIAN_POINT('',(399.692187915454,151.059870440044,6.18216589032272E-13));
#4257=CARTESIAN_POINT('',(399.692187915452,128.809865793127,6.18255446838134E-13));
#4258=CARTESIAN_POINT('',(392.292187915454,158.459870440045,5.22965114607658E-13));
#4259=CARTESIAN_POINT('Origin',(392.292187915454,151.059870440045,5.22915044598449E-13));
#4260=CARTESIAN_POINT('',(249.278791860381,158.459870440055,-1.3188061753766E-12));
#4261=CARTESIAN_POINT('',(277.967179376233,158.459870440053,-9.49379463932587E-13));
#4262=CARTESIAN_POINT('',(245.97804440393,156.719309801652,-1.36135764423928E-12));
#4263=CARTESIAN_POINT('Origin',(249.27879186038,154.459870440055,-1.31880617537661E-12));
#4264=CARTESIAN_POINT('',(219.591430191936,118.171893471345,-1.70118216235562E-12));
#4265=CARTESIAN_POINT('',(230.758385426585,134.48536473043,-1.55736534779294E-12));
#4266=CARTESIAN_POINT('',(218.892177648386,115.912454109748,-1.71015979155695E-12));
#4267=CARTESIAN_POINT('Origin',(222.892177648386,115.912454109748,-1.65867319878998E-12));
#4268=CARTESIAN_POINT('',(218.892177648383,75.5598530610835,-1.71015979155699E-12));
#4269=CARTESIAN_POINT('',(218.892177648384,91.0598571036532,-1.71015979155698E-12));
#4270=CARTESIAN_POINT('',(226.292177648382,68.159853061083,-1.61484170952208E-12));
#4271=CARTESIAN_POINT('Origin',(226.292177648383,75.559853061083,-1.61481938931729E-12));
#4272=CARTESIAN_POINT('',(284.50530864573,68.1598530610787,-8.65141291939148E-13));
#4273=CARTESIAN_POINT('',(297.242186635727,68.1598530610778,-7.01105840050786E-13));
#4274=CARTESIAN_POINT('',(286.123290093481,67.9375806450632,-8.44277208567313E-13));
#4275=CARTESIAN_POINT('Origin',(284.50530864573,62.1598530610787,-8.65141291939153E-13));
#4276=CARTESIAN_POINT('',(315.623919781431,59.676292649351,-4.64350780049472E-13));
#4277=CARTESIAN_POINT('',(397.792187915454,151.059870440044,5.93846505102801E-13));
#4278=CARTESIAN_POINT('Origin',(392.292187915454,151.059870440045,5.23014276131717E-13));
#4279=CARTESIAN_POINT('',(397.792187915454,151.059870440044,5.93846505102801E-13));
#4280=CARTESIAN_POINT('',(220.792177648383,75.5598530610834,-1.68566354128293E-12));
#4281=CARTESIAN_POINT('Origin',(226.292177648383,75.559853061083,-1.61483131231184E-12));
#4282=CARTESIAN_POINT('',(220.792177648384,91.0598571036499,-1.68566354128291E-12));
#4283=CARTESIAN_POINT('',(323.392175740548,90.1598578327438,-3.63842334971602E-13));
#4284=CARTESIAN_POINT('',(295.19219048954,90.1598578327458,-7.27018300840806E-13));
#4285=CARTESIAN_POINT('',(321.342179261232,90.1598578327439,-3.90243393155743E-13));
#4286=CARTESIAN_POINT('',(331.392175740547,82.1598578327432,-2.61124455391837E-13));
#4287=CARTESIAN_POINT('Origin',(323.392175740547,82.1598578327438,-3.64153152077051E-13));
#4288=CARTESIAN_POINT('',(331.392175740546,69.8586879114343,-2.60902410786922E-13));
#4289=CARTESIAN_POINT('',(331.392175740547,81.6167333116973,-2.60902410786912E-13));
#4290=CARTESIAN_POINT('',(321.234867143545,62.155051132789,-3.91936238714151E-13));
#4291=CARTESIAN_POINT('Origin',(323.392175740546,69.8586879114349,-3.64153152077051E-13));
#4292=CARTESIAN_POINT('',(293.034881892538,70.0521096734939,-7.55053160398748E-13));
#4293=CARTESIAN_POINT('',(292.180694510067,70.2913143292431,-7.66053886991358E-13));
#4294=CARTESIAN_POINT('',(287.192190489539,77.7557464521405,-8.30224777814692E-13));
#4295=CARTESIAN_POINT('Origin',(295.192190489539,77.7557464521398,-7.27196081129478E-13));
#4296=CARTESIAN_POINT('',(287.192190489539,82.1598578327464,-8.30446822419632E-13));
#4297=CARTESIAN_POINT('',(287.19219048954,99.3598594894822,-8.30446822419617E-13));
#4298=CARTESIAN_POINT('Origin',(295.192190489539,82.1598578327458,-7.27196081129478E-13));
#4299=CARTESIAN_POINT('Origin',(321.342179261233,88.6598578327439,-8.50000000000039));
#4300=CARTESIAN_POINT('',(295.19219048954,87.1598578327458,-7.00000000000073));
#4301=CARTESIAN_POINT('',(295.19219048954,90.1598578327458,-10.0000000000007));
#4302=CARTESIAN_POINT('',(295.19219048954,87.1598578327458,-7.00000000000073));
#4303=CARTESIAN_POINT('',(323.392175740548,90.1598578327438,-10.0000000000004));
#4304=CARTESIAN_POINT('',(321.342179261233,90.1598578327439,-10.0000000000004));
#4305=CARTESIAN_POINT('',(323.392175740547,87.1598578327438,-7.00000000000036));
#4306=CARTESIAN_POINT('',(323.392175740548,90.1598578327438,-10.0000000000004));
#4307=CARTESIAN_POINT('',(321.342179261232,87.1598578327439,-7.00000000000039));
#4308=CARTESIAN_POINT('Origin',(295.192190489539,82.1598578327458,-8.50000000000075));
#4309=CARTESIAN_POINT('',(290.192190489539,82.1598578327462,-7.00000000000084));
#4310=CARTESIAN_POINT('Origin',(295.192190489539,82.1598578327458,-7.00000000000077));
#4311=CARTESIAN_POINT('',(287.192190489539,82.1598578327464,-10.0000000000008));
#4312=CARTESIAN_POINT('',(290.192190489539,82.1598578327462,-7.00000000000084));
#4313=CARTESIAN_POINT('Origin',(295.192190489539,82.1598578327458,-10.0000000000007));
#4314=CARTESIAN_POINT('Origin',(288.69219048954,99.3598594894821,-8.50000000000081));
#4315=CARTESIAN_POINT('',(290.192190489539,77.7557464521402,-7.00000000000079));
#4316=CARTESIAN_POINT('',(287.192190489539,77.7557464521404,-10.0000000000008));
#4317=CARTESIAN_POINT('',(290.192190489539,77.7557464521402,-7.00000000000079));
#4318=CARTESIAN_POINT('',(287.192190489541,99.3598594894822,-10.0000000000008));
#4319=CARTESIAN_POINT('',(290.19219048954,99.359859489482,-7.00000000000079));
#4320=CARTESIAN_POINT('Origin',(295.192190489539,77.7557464521398,-8.50000000000075));
#4321=CARTESIAN_POINT('',(293.843872616413,72.9409734654861,-7.00000000000079));
#4322=CARTESIAN_POINT('Origin',(295.192190489539,77.7557464521398,-7.00000000000077));
#4323=CARTESIAN_POINT('',(293.034881892538,70.0521096734939,-10.0000000000008));
#4324=CARTESIAN_POINT('',(293.843872616413,72.9409734654861,-7.00000000000079));
#4325=CARTESIAN_POINT('Origin',(295.192190489539,77.7557464521398,-10.0000000000007));
#4326=CARTESIAN_POINT('Origin',(292.585189872005,71.7357462252393,-8.50000000000076));
#4327=CARTESIAN_POINT('',(322.043857867421,65.0439149247812,-7.00000000000038));
#4328=CARTESIAN_POINT('',(321.234867143545,62.155051132789,-10.0000000000004));
#4329=CARTESIAN_POINT('',(322.043857867421,65.0439149247812,-7.00000000000038));
#4330=CARTESIAN_POINT('',(292.180694510068,70.2913143292431,-10.0000000000008));
#4331=CARTESIAN_POINT('',(292.989685233943,73.1801781212354,-7.00000000000075));
#4332=CARTESIAN_POINT('Origin',(323.392175740546,69.8586879114349,-8.50000000000034));
#4333=CARTESIAN_POINT('',(328.392175740546,69.8586879114345,-7.00000000000026));
#4334=CARTESIAN_POINT('Origin',(323.392175740546,69.8586879114349,-7.00000000000032));
#4335=CARTESIAN_POINT('',(331.392175740546,69.8586879114343,-10.0000000000003));
#4336=CARTESIAN_POINT('',(328.392175740546,69.8586879114345,-7.00000000000026));
#4337=CARTESIAN_POINT('Origin',(323.392175740546,69.8586879114349,-10.0000000000004));
#4338=CARTESIAN_POINT('Origin',(329.892175740547,81.6167333116974,-8.50000000000028));
#4339=CARTESIAN_POINT('',(328.392175740547,82.1598578327434,-7.0000000000003));
#4340=CARTESIAN_POINT('',(331.392175740547,82.1598578327432,-10.0000000000003));
#4341=CARTESIAN_POINT('',(328.392175740547,82.1598578327434,-7.0000000000003));
#4342=CARTESIAN_POINT('',(331.392175740547,81.6167333116973,-10.0000000000003));
#4343=CARTESIAN_POINT('',(328.392175740547,81.6167333116975,-7.0000000000003));
#4344=CARTESIAN_POINT('Origin',(323.392175740547,82.1598578327438,-8.50000000000034));
#4345=CARTESIAN_POINT('Origin',(323.392175740547,82.1598578327438,-7.00000000000032));
#4346=CARTESIAN_POINT('Origin',(323.392175740547,82.1598578327438,-10.0000000000004));
#4347=CARTESIAN_POINT('Origin',(295.192190489539,77.7557464521398,-7.14173820438989E-13));
#4348=CARTESIAN_POINT('',(290.192190489539,77.7557464521402,-3.00000000000084));
#4349=CARTESIAN_POINT('',(290.192190489539,77.7557464521402,-7.85228094014999E-13));
#4350=CARTESIAN_POINT('',(293.843872616413,72.9409734654861,-3.00000000000075));
#4351=CARTESIAN_POINT('Origin',(295.192190489539,77.7557464521398,-3.00000000000077));
#4352=CARTESIAN_POINT('',(293.843872616413,72.9409734654861,-7.33334569843886E-13));
#4353=CARTESIAN_POINT('Origin',(290.19219048954,92.1598578327462,-7.85228094014986E-13));
#4354=CARTESIAN_POINT('',(290.192190489539,82.1598578327462,-3.00000000000079));
#4355=CARTESIAN_POINT('',(290.192190489539,82.1598578327462,-8.17335734062355E-13));
#4356=CARTESIAN_POINT('',(290.19219048954,99.359859489482,-3.00000000000079));
#4357=CARTESIAN_POINT('Origin',(295.192190489539,82.1598578327458,-7.46281460486344E-13));
#4358=CARTESIAN_POINT('',(295.192190489539,87.1598578327458,-3.00000000000073));
#4359=CARTESIAN_POINT('',(295.192190489539,87.1598578327458,-7.46281460486339E-13));
#4360=CARTESIAN_POINT('Origin',(295.192190489539,82.1598578327458,-3.00000000000077));
#4361=CARTESIAN_POINT('Origin',(333.392175740547,87.1598578327431,-2.35534660008762E-13));
#4362=CARTESIAN_POINT('',(323.392175740547,87.1598578327438,-3.00000000000036));
#4363=CARTESIAN_POINT('',(323.392175740547,87.1598578327438,-3.77643207160779E-13));
#4364=CARTESIAN_POINT('',(321.342179261232,87.1598578327439,-3.00000000000039));
#4365=CARTESIAN_POINT('Origin',(309.292182781919,106.559861146216,-10.0000000000005));
#4366=CARTESIAN_POINT('',(399.692187915454,151.059870440044,-9.99999999999938));
#4367=CARTESIAN_POINT('Origin',(392.292187915454,151.059870440045,-9.99999999999948));
#4368=CARTESIAN_POINT('',(399.692187915447,62.059851852377,-9.99999999999938));
#4369=CARTESIAN_POINT('',(399.692187915452,128.809865793127,-9.99999999999938));
#4370=CARTESIAN_POINT('',(392.292187915447,54.6598518523776,-9.99999999999948));
#4371=CARTESIAN_POINT('Origin',(392.292187915448,62.0598518523775,-9.99999999999948));
#4372=CARTESIAN_POINT('',(334.086874391737,54.6598518523818,-10.0000000000002));
#4373=CARTESIAN_POINT('',(350.792185348681,54.6598518523806,-10.));
#4374=CARTESIAN_POINT('',(333.008220093237,54.8080334630588,-10.0000000000002));
#4375=CARTESIAN_POINT('Origin',(334.086874391737,58.6598518523818,-10.0000000000002));
#4376=CARTESIAN_POINT('',(286.123290093481,67.9375806450632,-10.0000000000008));
#4377=CARTESIAN_POINT('',(315.623919781432,59.676292649351,-10.0000000000005));
#4378=CARTESIAN_POINT('',(284.505308645731,68.1598530610787,-10.0000000000009));
#4379=CARTESIAN_POINT('Origin',(284.50530864573,62.1598530610787,-10.0000000000009));
#4380=CARTESIAN_POINT('',(226.292177648383,68.159853061083,-10.0000000000016));
#4381=CARTESIAN_POINT('',(297.242186635727,68.1598530610778,-10.0000000000007));
#4382=CARTESIAN_POINT('',(218.892177648383,75.5598530610835,-10.0000000000017));
#4383=CARTESIAN_POINT('Origin',(226.292177648383,75.559853061083,-10.0000000000016));
#4384=CARTESIAN_POINT('',(218.892177648386,115.912454109748,-10.0000000000017));
#4385=CARTESIAN_POINT('',(218.892177648384,91.0598571036532,-10.0000000000017));
#4386=CARTESIAN_POINT('',(219.591430191936,118.171893471345,-10.0000000000017));
#4387=CARTESIAN_POINT('Origin',(222.892177648386,115.912454109748,-10.0000000000017));
#4388=CARTESIAN_POINT('',(245.97804440393,156.719309801652,-10.0000000000014));
#4389=CARTESIAN_POINT('',(230.758385426585,134.48536473043,-10.0000000000016));
#4390=CARTESIAN_POINT('Origin',(249.27879186038,154.459870440055,-10.0000000000013));
#4391=CARTESIAN_POINT('Origin',(321.342179261232,88.6598578327439,-1.50000000000039));
#4392=CARTESIAN_POINT('',(323.392175740547,87.1598578327438,-3.00000000000036));
#4393=CARTESIAN_POINT('',(295.19219048954,90.1598578327458,-7.27018300840806E-13));
#4394=CARTESIAN_POINT('Origin',(323.392175740547,82.1598578327438,-1.50000000000034));
#4395=CARTESIAN_POINT('',(328.392175740547,82.1598578327434,-3.00000000000025));
#4396=CARTESIAN_POINT('Origin',(323.392175740547,82.1598578327438,-3.00000000000032));
#4397=CARTESIAN_POINT('',(328.392175740547,82.1598578327434,-3.00000000000025));
#4398=CARTESIAN_POINT('Origin',(329.892175740547,81.6167333116974,-1.50000000000028));
#4399=CARTESIAN_POINT('',(328.392175740546,69.8586879114345,-3.0000000000003));
#4400=CARTESIAN_POINT('',(328.392175740546,69.8586879114345,-3.0000000000003));
#4401=CARTESIAN_POINT('',(328.392175740547,81.6167333116975,-3.0000000000003));
#4402=CARTESIAN_POINT('Origin',(323.392175740546,69.8586879114349,-1.50000000000034));
#4403=CARTESIAN_POINT('',(322.043857867421,65.0439149247812,-3.00000000000034));
#4404=CARTESIAN_POINT('Origin',(323.392175740546,69.8586879114349,-3.00000000000032));
#4405=CARTESIAN_POINT('',(322.043857867421,65.0439149247812,-3.00000000000034));
#4406=CARTESIAN_POINT('Origin',(292.585189872005,71.7357462252393,-1.50000000000076));
#4407=CARTESIAN_POINT('',(293.843872616413,72.9409734654861,-3.00000000000075));
#4408=CARTESIAN_POINT('',(292.989685233943,73.1801781212354,-3.00000000000076));
#4409=CARTESIAN_POINT('Origin',(295.192190489539,77.7557464521398,-1.50000000000075));
#4410=CARTESIAN_POINT('',(290.192190489539,77.7557464521402,-3.00000000000084));
#4411=CARTESIAN_POINT('Origin',(288.69219048954,99.3598594894821,-1.50000000000081));
#4412=CARTESIAN_POINT('',(290.192190489539,82.1598578327462,-3.00000000000079));
#4413=CARTESIAN_POINT('Origin',(295.192190489539,82.1598578327458,-1.50000000000075));
#4414=CARTESIAN_POINT('Origin',(323.392175740546,69.8586879114349,-3.45535567113437E-13));
#4415=CARTESIAN_POINT('',(322.043857867421,65.0439149247812,-3.64696316518334E-13));
#4416=CARTESIAN_POINT('',(328.392175740546,69.8586879114345,-2.74481293537426E-13));
#4417=CARTESIAN_POINT('Origin',(328.392175740545,56.6736054771801,-3.06588933584796E-13));
#4418=CARTESIAN_POINT('',(328.392175740547,82.1598578327434,-3.06588933584774E-13));
#4419=CARTESIAN_POINT('Origin',(323.392175740547,82.1598578327438,-3.77643207160784E-13));
#4420=CARTESIAN_POINT('Origin',(286.540508362664,74.9861906718991,-8.37121618186118E-13));
#4421=CARTESIAN_POINT('Origin',(218.392177648384,91.0598571036533,-9.50000000000172));
#4422=CARTESIAN_POINT('',(217.892177648386,115.912454109748,-9.00000000000172));
#4423=CARTESIAN_POINT('',(217.892177648386,115.912454109748,-9.00000000000172));
#4424=CARTESIAN_POINT('',(217.892177648383,75.5598530610836,-9.00000000000172));
#4425=CARTESIAN_POINT('',(218.892177648383,75.5598530610835,-10.0000000000017));
#4426=CARTESIAN_POINT('',(217.892177648384,91.0598571036533,-9.00000000000172));
#4427=CARTESIAN_POINT('Origin',(222.892177648386,115.912454109748,-9.50000000000178));
#4428=CARTESIAN_POINT('',(218.766243327823,118.736753311744,-9.00000000000195));
#4429=CARTESIAN_POINT('Origin',(222.892177648386,115.912454109748,-9.0000000000019));
#4430=CARTESIAN_POINT('',(218.766243327823,118.736753311744,-9.00000000000195));
#4431=CARTESIAN_POINT('Origin',(230.345791994528,134.767794650629,-9.50000000000156));
#4432=CARTESIAN_POINT('',(245.152857539817,157.284169642052,-9.00000000000137));
#4433=CARTESIAN_POINT('',(245.152857539817,157.284169642052,-9.00000000000137));
#4434=CARTESIAN_POINT('',(229.933198562472,135.050224570829,-9.00000000000157));
#4435=CARTESIAN_POINT('Origin',(249.27879186038,154.459870440055,-9.5000000000014));
#4436=CARTESIAN_POINT('Origin',(249.27879186038,154.459870440055,-9.00000000000148));
#4437=CARTESIAN_POINT('Origin',(392.292187915454,151.059870440045,-9.49999999999942));
#4438=CARTESIAN_POINT('',(400.692187915454,151.059870440044,-8.99999999999926));
#4439=CARTESIAN_POINT('',(400.692187915454,151.059870440044,-8.99999999999926));
#4440=CARTESIAN_POINT('Origin',(392.292187915454,151.059870440045,-8.99999999999937));
#4441=CARTESIAN_POINT('Origin',(400.192187915452,128.809865793127,-9.49999999999937));
#4442=CARTESIAN_POINT('',(400.692187915448,62.0598518523769,-8.99999999999937));
#4443=CARTESIAN_POINT('',(400.692187915448,62.0598518523769,-8.99999999999937));
#4444=CARTESIAN_POINT('',(400.692187915452,128.809865793127,-8.99999999999937));
#4445=CARTESIAN_POINT('Origin',(392.292187915448,62.0598518523775,-9.49999999999942));
#4446=CARTESIAN_POINT('',(392.292187915447,53.6598518523776,-8.99999999999937));
#4447=CARTESIAN_POINT('',(392.292187915447,53.6598518523776,-8.99999999999937));
#4448=CARTESIAN_POINT('Origin',(392.292187915448,62.0598518523775,-8.99999999999937));
#4449=CARTESIAN_POINT('Origin',(350.792185348681,54.1598518523806,-9.50000000000001));
#4450=CARTESIAN_POINT('',(334.086874391737,53.6598518523818,-9.00000000000023));
#4451=CARTESIAN_POINT('',(334.086874391737,53.6598518523818,-9.00000000000023));
#4452=CARTESIAN_POINT('',(350.792185348681,53.6598518523806,-9.00000000000001));
#4453=CARTESIAN_POINT('Origin',(334.086874391737,58.6598518523818,-9.5000000000002));
#4454=CARTESIAN_POINT('',(332.738556518612,53.8450788657281,-9.00000000000018));
#4455=CARTESIAN_POINT('Origin',(334.086874391737,58.6598518523818,-9.00000000000016));
#4456=CARTESIAN_POINT('',(332.738556518612,53.8450788657281,-9.00000000000018));
#4457=CARTESIAN_POINT('Origin',(315.489087994119,59.1948153506857,-9.50000000000047));
#4458=CARTESIAN_POINT('',(285.853626518856,66.9746260477324,-9.00000000000085));
#4459=CARTESIAN_POINT('',(285.853626518856,66.9746260477324,-9.00000000000085));
#4460=CARTESIAN_POINT('',(315.354256206807,58.7133380520203,-9.00000000000047));
#4461=CARTESIAN_POINT('Origin',(284.50530864573,62.1598530610787,-9.5000000000009));
#4462=CARTESIAN_POINT('',(284.505308645731,67.1598530610787,-9.00000000000093));
#4463=CARTESIAN_POINT('Origin',(284.50530864573,62.1598530610787,-9.00000000000093));
#4464=CARTESIAN_POINT('',(284.505308645731,67.1598530610787,-9.00000000000093));
#4465=CARTESIAN_POINT('Origin',(297.242186635727,67.6598530610778,-9.5000000000007));
#4466=CARTESIAN_POINT('',(226.292177648383,67.159853061083,-9.00000000000162));
#4467=CARTESIAN_POINT('',(226.292177648383,67.159853061083,-9.00000000000162));
#4468=CARTESIAN_POINT('',(297.242186635727,67.1598530610778,-9.0000000000007));
#4469=CARTESIAN_POINT('Origin',(226.292177648383,75.559853061083,-9.50000000000167));
#4470=CARTESIAN_POINT('Origin',(226.292177648383,75.559853061083,-9.00000000000172));
#4471=CARTESIAN_POINT('Origin',(400.692187915454,151.059870440044,6.31194407651193E-13));
#4472=CARTESIAN_POINT('',(400.692187915454,151.059870440044,-0.999999999999259));
#4473=CARTESIAN_POINT('',(400.692187915454,151.059870440044,6.31194407651193E-13));
#4474=CARTESIAN_POINT('',(400.692187915447,62.0598518523769,-0.999999999999369));
#4475=CARTESIAN_POINT('',(400.692187915452,128.809865793127,-0.999999999999369));
#4476=CARTESIAN_POINT('',(400.692187915447,62.0598518523769,6.31194407651117E-13));
#4477=CARTESIAN_POINT('Origin',(392.292187915454,151.059870440045,5.23014276131717E-13));
#4478=CARTESIAN_POINT('',(392.292187915454,159.459870440045,-0.999999999999477));
#4479=CARTESIAN_POINT('',(392.292187915454,159.459870440045,5.23014276131723E-13));
#4480=CARTESIAN_POINT('Origin',(392.292187915454,151.059870440045,-0.999999999999367));
#4481=CARTESIAN_POINT('Origin',(246.642175970544,159.459870440055,-1.35275208672703E-12));
#4482=CARTESIAN_POINT('',(249.278791860381,159.459870440055,-1.00000000000148));
#4483=CARTESIAN_POINT('',(249.278791860381,159.459870440055,-1.29613217531965E-12));
#4484=CARTESIAN_POINT('',(277.967179376233,159.459870440053,-1.00000000000095));
#4485=CARTESIAN_POINT('Origin',(249.27879186038,154.459870440055,-1.29613217531966E-12));
#4486=CARTESIAN_POINT('',(245.152857539817,157.284169642052,-1.00000000000137));
#4487=CARTESIAN_POINT('',(245.152857539817,157.284169642052,-1.35476522851364E-12));
#4488=CARTESIAN_POINT('Origin',(249.27879186038,154.459870440055,-1.00000000000148));
#4489=CARTESIAN_POINT('Origin',(217.892177648386,117.459856875749,-1.72301144383128E-12));
#4490=CARTESIAN_POINT('',(218.766243327823,118.736753311744,-1.00000000000195));
#4491=CARTESIAN_POINT('',(218.766243327823,118.736753311744,-1.71059022344926E-12));
#4492=CARTESIAN_POINT('',(229.933198562472,135.050224570829,-1.00000000000157));
#4493=CARTESIAN_POINT('Origin',(222.892177648386,115.912454109748,-1.65195717025527E-12));
#4494=CARTESIAN_POINT('',(217.892177648386,115.912454109748,-1.00000000000172));
#4495=CARTESIAN_POINT('',(217.892177648386,115.912454109748,-1.72301144383128E-12));
#4496=CARTESIAN_POINT('Origin',(222.892177648386,115.912454109748,-1.00000000000189));
#4497=CARTESIAN_POINT('Origin',(217.892177648383,75.5598530610836,-1.72301144383132E-12));
#4498=CARTESIAN_POINT('',(217.892177648383,75.5598530610836,-1.00000000000172));
#4499=CARTESIAN_POINT('',(217.892177648383,75.5598530610836,-1.72301144383132E-12));
#4500=CARTESIAN_POINT('',(217.892177648384,91.0598571036533,-1.00000000000172));
#4501=CARTESIAN_POINT('Origin',(218.392177648384,91.0598571036533,-0.500000000001717));
#4502=CARTESIAN_POINT('',(218.892177648386,115.912454109748,-1.71015979155695E-12));
#4503=CARTESIAN_POINT('',(217.892177648383,75.5598530610836,-1.00000000000172));
#4504=CARTESIAN_POINT('Origin',(222.892177648386,115.912454109748,-0.500000000001776));
#4505=CARTESIAN_POINT('',(219.591430191936,118.171893471345,-1.70118216235562E-12));
#4506=CARTESIAN_POINT('Origin',(230.345791994528,134.767794650629,-0.500000000001563));
#4507=CARTESIAN_POINT('',(245.97804440393,156.719309801652,-1.36135764423928E-12));
#4508=CARTESIAN_POINT('Origin',(249.27879186038,154.459870440055,-0.5000000000014));
#4509=CARTESIAN_POINT('',(249.278791860381,158.459870440055,-1.3188061753766E-12));
#4510=CARTESIAN_POINT('Origin',(277.967179376233,158.959870440053,-0.500000000000949));
#4511=CARTESIAN_POINT('',(392.292187915454,158.459870440045,5.22965114607658E-13));
#4512=CARTESIAN_POINT('Origin',(392.292187915454,151.059870440045,-0.499999999999422));
#4513=CARTESIAN_POINT('',(399.692187915454,151.059870440044,6.18216589032272E-13));
#4514=CARTESIAN_POINT('Origin',(400.192187915452,128.809865793127,-0.499999999999375));
#4515=CARTESIAN_POINT('',(399.692187915447,62.059851852377,6.18255446838078E-13));
#4516=CARTESIAN_POINT('Origin',(392.292187915447,62.0598518523775,-0.499999999999422));
#4517=CARTESIAN_POINT('',(392.292187915447,53.6598518523776,-0.999999999999367));
#4518=CARTESIAN_POINT('',(392.292187915447,54.6598518523776,5.22915044598441E-13));
#4519=CARTESIAN_POINT('Origin',(392.292187915447,62.0598518523775,-0.999999999999367));
#4520=CARTESIAN_POINT('Origin',(350.792185348681,54.1598518523806,-0.500000000000012));
#4521=CARTESIAN_POINT('',(334.086874391737,53.6598518523818,-1.00000000000023));
#4522=CARTESIAN_POINT('',(334.086874391737,54.6598518523818,-2.2665936583238E-13));
#4523=CARTESIAN_POINT('',(350.792185348681,53.6598518523806,-1.00000000000001));
#4524=CARTESIAN_POINT('Origin',(334.086874391737,58.6598518523818,-0.500000000000194));
#4525=CARTESIAN_POINT('',(332.738556518612,53.8450788657281,-1.00000000000018));
#4526=CARTESIAN_POINT('',(333.008220093237,54.8080334630588,-2.4051581822016E-13));
#4527=CARTESIAN_POINT('Origin',(334.086874391737,58.6598518523818,-1.00000000000016));
#4528=CARTESIAN_POINT('Origin',(315.489087994119,59.1948153506857,-0.500000000000466));
#4529=CARTESIAN_POINT('',(285.853626518856,66.9746260477324,-1.00000000000085));
#4530=CARTESIAN_POINT('',(286.123290093481,67.9375806450632,-8.44277208567313E-13));
#4531=CARTESIAN_POINT('',(315.354256206806,58.7133380520203,-1.00000000000047));
#4532=CARTESIAN_POINT('Origin',(284.50530864573,62.1598530610787,-0.500000000000898));
#4533=CARTESIAN_POINT('',(284.50530864573,67.1598530610787,-1.00000000000093));
#4534=CARTESIAN_POINT('',(284.50530864573,68.1598530610787,-8.65141291939148E-13));
#4535=CARTESIAN_POINT('Origin',(284.50530864573,62.1598530610787,-1.00000000000093));
#4536=CARTESIAN_POINT('Origin',(297.242186635727,67.6598530610778,-0.500000000000701));
#4537=CARTESIAN_POINT('',(226.292177648382,67.159853061083,-1.00000000000161));
#4538=CARTESIAN_POINT('',(226.292177648382,68.159853061083,-1.61484170952208E-12));
#4539=CARTESIAN_POINT('',(297.242186635727,67.1598530610778,-1.0000000000007));
#4540=CARTESIAN_POINT('Origin',(226.292177648383,75.559853061083,-0.50000000000167));
#4541=CARTESIAN_POINT('Origin',(226.292177648383,75.559853061083,-1.00000000000172));
#4542=CARTESIAN_POINT('Origin',(392.292187915447,53.6598518523776,5.23014276131634E-13));
#4543=CARTESIAN_POINT('',(392.292187915447,53.6598518523776,5.23014276131634E-13));
#4544=CARTESIAN_POINT('',(334.086874391737,53.6598518523818,-2.64902895245943E-13));
#4545=CARTESIAN_POINT('Origin',(334.086874391737,58.6598518523818,-2.64902895245938E-13));
#4546=CARTESIAN_POINT('',(332.738556518612,53.8450788657281,-2.84063644650835E-13));
#4547=CARTESIAN_POINT('Origin',(333.399992547929,53.6598518523818,-2.35433990574158E-13));
#4548=CARTESIAN_POINT('',(285.853626518856,66.9746260477324,-8.78995643362064E-13));
#4549=CARTESIAN_POINT('Origin',(284.50530864573,62.1598530610787,-8.9815639276696E-13));
#4550=CARTESIAN_POINT('',(284.50530864573,67.1598530610787,-8.98156392766955E-13));
#4551=CARTESIAN_POINT('Origin',(285.192190489538,67.1598530610787,-8.56282367591018E-13));
#4552=CARTESIAN_POINT('',(226.292177648382,67.159853061083,-1.61483131231185E-12));
#4553=CARTESIAN_POINT('Origin',(226.292177648383,75.559853061083,-1.61483131231184E-12));
#4554=CARTESIAN_POINT('Origin',(392.292187915454,151.059870440045,5.23014276131717E-13));
#4555=CARTESIAN_POINT('',(397.792187915454,151.059870440044,5.93846505102801E-13));
#4556=CARTESIAN_POINT('Origin',(397.792187915447,62.0598518523771,5.93846505102727E-13));
#4557=CARTESIAN_POINT('Origin',(226.292177648383,75.559853061083,-1.61483131231184E-12));
#4558=CARTESIAN_POINT('',(220.792177648383,75.5598530610834,-1.68566354128293E-12));
#4559=CARTESIAN_POINT('Origin',(220.792177648385,109.05985687575,-1.6856635412829E-12));
#4560=CARTESIAN_POINT('Origin',(392.292187915447,62.0598518523775,5.23014276131642E-13));
#4561=UNCERTAINTY_MEASURE_WITH_UNIT(LENGTH_MEASURE(0.01),#4565,
'DISTANCE_ACCURACY_VALUE',
'Maximum model space distance between geometric entities at asserted c
onnectivities');
#4562=UNCERTAINTY_MEASURE_WITH_UNIT(LENGTH_MEASURE(0.01),#4565,
'DISTANCE_ACCURACY_VALUE',
'Maximum model space distance between geometric entities at asserted c
onnectivities');
#4563=(
GEOMETRIC_REPRESENTATION_CONTEXT(3)
GLOBAL_UNCERTAINTY_ASSIGNED_CONTEXT((#4561))
GLOBAL_UNIT_ASSIGNED_CONTEXT((#4565,#4566,#4567))
REPRESENTATION_CONTEXT('','3D')
);
#4564=(
GEOMETRIC_REPRESENTATION_CONTEXT(3)
GLOBAL_UNCERTAINTY_ASSIGNED_CONTEXT((#4562))
GLOBAL_UNIT_ASSIGNED_CONTEXT((#4565,#4566,#4567))
REPRESENTATION_CONTEXT('','3D')
);
#4565=(
LENGTH_UNIT()
NAMED_UNIT(*)
SI_UNIT(.MILLI.,.METRE.)
);
#4566=(
NAMED_UNIT(*)
PLANE_ANGLE_UNIT()
SI_UNIT($,.RADIAN.)
);
#4567=(
NAMED_UNIT(*)
SI_UNIT($,.STERADIAN.)
SOLID_ANGLE_UNIT()
);
#4568=SHAPE_DEFINITION_REPRESENTATION(#4569,#4570);
#4569=PRODUCT_DEFINITION_SHAPE('',$,#4572);
#4570=SHAPE_REPRESENTATION('',(#2705),#4563);
#4571=PRODUCT_DEFINITION_CONTEXT('part definition',#4576,'design');
#4572=PRODUCT_DEFINITION('Case','Case v13',#4573,#4571);
#4573=PRODUCT_DEFINITION_FORMATION('',$,#4578);
#4574=PRODUCT_RELATED_PRODUCT_CATEGORY('Case v13','Case v13',(#4578));
#4575=APPLICATION_PROTOCOL_DEFINITION('international standard',
'automotive_design',2009,#4576);
#4576=APPLICATION_CONTEXT(
'Core Data for Automotive Mechanical Design Process');
#4577=PRODUCT_CONTEXT('part definition',#4576,'mechanical');
#4578=PRODUCT('Case','Case v13',$,(#4577));
#4579=PRESENTATION_STYLE_ASSIGNMENT((#4581));
#4580=PRESENTATION_STYLE_ASSIGNMENT((#4582));
#4581=SURFACE_STYLE_USAGE(.BOTH.,#4583);
#4582=SURFACE_STYLE_USAGE(.BOTH.,#4584);
#4583=SURFACE_SIDE_STYLE('',(#4585));
#4584=SURFACE_SIDE_STYLE('',(#4586));
#4585=SURFACE_STYLE_FILL_AREA(#4587);
#4586=SURFACE_STYLE_FILL_AREA(#4588);
#4587=FILL_AREA_STYLE('Steel - Satin',(#4589));
#4588=FILL_AREA_STYLE('Aluminum - Satin',(#4590));
#4589=FILL_AREA_STYLE_COLOUR('Steel - Satin',#4591);
#4590=FILL_AREA_STYLE_COLOUR('Aluminum - Satin',#4592);
#4591=COLOUR_RGB('Steel - Satin',0.627450980392157,0.627450980392157,0.627450980392157);
#4592=COLOUR_RGB('Aluminum - Satin',0.96078431372549,0.96078431372549,0.964705882352941);
ENDSEC;
END-ISO-10303-21;
